symbol,direction,entry_time,entry_price,exit_time,exit_price,quantity,realized_pnl,pnl_points,commission,exit_reason,entry_metadata
ES,LONG,2025-02-04 10:15:00-06:00,6059.25,2025-02-04 11:15:00-06:00,6047.25,1,-62.4,12.0,2.4,stop_loss,"{'signal_confidence': 0.7, 'signal_reason': 'TREND_CONT_LONG | ADX=26 | RSI=75 | MACD_H=3.51 | e9=6044.6 | #1 | SL=11.4pts | TP=14.3pts', 'entry_module': '', 'entry_reason': '', 'entry_type': 'trend_continuation_long', 'atr': 9.150548012901885, 'atr_value': 9.150548012901885, 'adx_value': 26.152199920549666, 'market_state': 'UPTREND_CONTINUATION', 'trend_label': '', 'trend_label_htf': '', 'session_type': 'RTH', 'entry_bar_index': 160}"
ES,LONG,2025-02-04 11:45:00-06:00,6049.75,2025-02-04 13:15:00-06:00,6064.5,1,71.35,14.75,2.4,take_profit,"{'signal_confidence': 0.7, 'signal_reason': 'EMA21_PB_LONG | ADX=27 | RSI=57 | MACD_H=-0.01 | ATR=9.6 | SL=11.0pts[STRUCT] | TP=14.8pts', 'entry_module': '', 'entry_reason': '', 'entry_type': 'ema21_pullback', 'atr': 9.561438381277005, 'atr_value': 9.561438381277005, 'adx_value': 27.242147661130463, 'market_state': 'UPTREND_PULLBACK', 'trend_label': '', 'trend_label_htf': '', 'session_type': 'RTH', 'entry_bar_index': 166}"
ES,LONG,2025-02-05 12:00:00-06:00,6071.5,2025-02-05 14:00:00-06:00,6075.25,1,16.35,3.75,2.4,flatten,"{'signal_confidence': 0.7, 'signal_reason': 'TREND_CONT_LONG | ADX=25 | RSI=73 | MACD_H=1.82 | e9=6065.2 | #1 | SL=10.1pts | TP=12.6pts', 'entry_module': '', 'entry_reason': '', 'entry_type': 'trend_continuation_long', 'atr': 8.09516934548248, 'atr_value': 8.09516934548248, 'adx_value': 25.182628422335018, 'market_state': 'UPTREND_CONTINUATION', 'trend_label': '', 'trend_label_htf': '', 'session_type': 'RTH', 'entry_bar_index': 259}"
ES,LONG,2025-02-06 09:15:00-06:00,6101.5,2025-02-06 09:30:00-06:00,6092.75,1,-46.15,8.75,2.4,stop_loss,"{'signal_confidence': 0.7, 'signal_reason': 'EMA21_PB_LONG | ADX=18 | RSI=56 | MACD_H=0.60 | ATR=5.5 | SL=8.0pts[STRUCT] | TP=10.8pts', 'entry_module': '', 'entry_reason': '', 'entry_type': 'ema21_pullback', 'atr': 5.47805124252757, 'atr_value': 5.47805124252757, 'adx_value': 18.237398535332456, 'market_state': 'UPTREND_PULLBACK', 'trend_label': '', 'trend_label_htf': '', 'session_type': 'RTH', 'entry_bar_index': 340}"
ES,SHORT,2025-02-07 12:00:00-06:00,6062.0,2025-02-07 12:15:00-06:00,6076.0,1,-72.4,14.0,2.4,stop_loss,"{'signal_confidence': 0.7, 'signal_reason': 'EMA21_PB_SHORT | ADX=41 | RSI=34 | MACD_H=-2.64 | ATR=13.7 | SL=7.8pts[STRUCT] | TP=10.2pts', 'entry_module': '', 'entry_reason': '', 'entry_type': 'ema21_pullback_short', 'atr': 13.701557134350091, 'atr_value': 13.701557134350091, 'adx_value': 41.27712373933179, 'market_state': 'DOWNTREND_PULLBACK', 'trend_label': '', 'trend_label_htf': '', 'session_type': 'RTH', 'entry_bar_index': 443}"
ES,SHORT,2025-02-07 12:30:00-06:00,6074.0,2025-02-07 12:45:00-06:00,6064.5,1,45.1,9.5,2.4,take_profit,"{'signal_confidence': 0.7, 'signal_reason': 'EMA21_PB_SHORT | ADX=40 | RSI=44 | MACD_H=-0.06 | ATR=13.4 | SL=6.0pts[STRUCT] | TP=8.0pts', 'entry_module': '', 'entry_reason': '', 'entry_type': 'ema21_pullback_short', 'atr': 13.409760998495743, 'atr_value': 13.409760998495743, 'adx_value': 39.874047460839876, 'market_state': 'DOWNTREND_PULLBACK', 'trend_label': '', 'trend_label_htf': '', 'session_type': 'RTH', 'entry_bar_index': 445}"
ES,LONG,2025-02-11 11:30:00-06:00,6083.25,2025-02-11 13:30:00-06:00,6087.0,1,16.35,3.75,2.4,flatten,"{'signal_confidence': 0.7, 'signal_reason': 'EMA21_PB_LONG | ADX=19 | RSI=56 | MACD_H=0.55 | ATR=6.9 | SL=11.8pts[STRUCT] | TP=15.8pts', 'entry_module': '', 'entry_reason': '', 'entry_type': 'ema21_pullback', 'atr': 6.915286898285632, 'atr_value': 6.915286898285632, 'adx_value': 18.571812639858845, 'market_state': 'UPTREND_PULLBACK', 'trend_label': '', 'trend_label_htf': '', 'session_type': 'RTH', 'entry_bar_index': 625}"
ES,LONG,2025-02-14 10:00:00-06:00,6140.75,2025-02-14 10:15:00-06:00,6134.0,1,-36.15,6.75,2.4,stop_loss,"{'signal_confidence': 0.7, 'signal_reason': 'EMA21_PB_LONG | ADX=29 | RSI=61 | MACD_H=1.30 | ATR=4.9 | SL=6.0pts[STRUCT] | TP=8.0pts', 'entry_module': '', 'entry_reason': '', 'entry_type': 'ema21_pullback', 'atr': 4.8622069236017085, 'atr_value': 4.8622069236017085, 'adx_value': 28.644919543882956, 'market_state': 'UPTREND_PULLBACK', 'trend_label': '', 'trend_label_htf': '', 'session_type': 'RTH', 'entry_bar_index': 895}"
ES,LONG,2025-02-14 10:45:00-06:00,6136.0,2025-02-14 11:00:00-06:00,6129.25,1,-36.15,6.75,2.4,stop_loss,"{'signal_confidence': 0.7, 'signal_reason': 'EMA21_PB_LONG | ADX=25 | RSI=51 | MACD_H=0.46 | ATR=5.4 | SL=6.0pts[STRUCT] | TP=8.0pts', 'entry_module': '', 'entry_reason': '', 'entry_type': 'ema21_pullback', 'atr': 5.3670803976504935, 'atr_value': 5.3670803976504935, 'adx_value': 25.2669066409854, 'market_state': 'UPTREND_PULLBACK', 'trend_label': '', 'trend_label_htf': '', 'session_type': 'RTH', 'entry_bar_index': 898}"
ES,LONG,2025-02-14 13:00:00-06:00,6140.5,2025-02-14 13:30:00-06:00,6134.0,1,-34.9,6.5,2.4,stop_loss,"{'signal_confidence': 0.7, 'signal_reason': 'EMA21_PB_LONG | ADX=18 | RSI=59 | MACD_H=0.44 | ATR=5.5 | SL=6.0pts[STRUCT] | TP=8.0pts', 'entry_module': '', 'entry_reason': '', 'entry_type': 'ema21_pullback', 'atr': 5.540078791911285, 'atr_value': 5.540078791911285, 'adx_value': 18.17235227636308, 'market_state': 'UPTREND_PULLBACK', 'trend_label': '', 'trend_label_htf': '', 'session_type': 'RTH', 'entry_bar_index': 907}"
ES,SHORT,2025-02-18 10:15:00-06:00,6138.0,2025-02-18 12:15:00-06:00,6130.25,1,36.35,7.75,2.4,take_profit,"{'signal_confidence': 0.7, 'signal_reason': 'EMA21_PB_SHORT | ADX=31 | RSI=39 | MACD_H=-1.54 | ATR=5.4 | SL=6.0pts[STRUCT] | TP=8.0pts', 'entry_module': '', 'entry_reason': '', 'entry_type': 'ema21_pullback_short', 'atr': 5.4194218774538285, 'atr_value': 5.4194218774538285, 'adx_value': 30.91468489739627, 'market_state': 'DOWNTREND_PULLBACK', 'trend_label': '', 'trend_label_htf': '', 'session_type': 'RTH', 'entry_bar_index': 1064}"
ES,SHORT,2025-02-18 12:30:00-06:00,6133.25,2025-02-18 13:00:00-06:00,6125.25,1,37.6,8.0,2.4,take_profit,"{'signal_confidence': 0.7, 'signal_reason': 'EMA21_PB_SHORT | ADX=31 | RSI=36 | MACD_H=-0.09 | ATR=5.5 | SL=6.0pts[STRUCT] | TP=8.0pts', 'entry_module': '', 'entry_reason': '', 'entry_type': 'ema21_pullback_short', 'atr': 5.538850401077124, 'atr_value': 5.538850401077124, 'adx_value': 31.201793741552294, 'market_state': 'DOWNTREND_PULLBACK', 'trend_label': '', 'trend_label_htf': '', 'session_type': 'RTH', 'entry_bar_index': 1073}"
ES,SHORT,2025-02-18 13:15:00-06:00,6122.5,2025-02-18 13:45:00-06:00,6133.75,1,-58.65,11.25,2.4,stop_loss,"{'signal_confidence': 0.7, 'signal_reason': 'EMA21_PB_SHORT | ADX=32 | RSI=27 | MACD_H=-0.84 | ATR=6.1 | SL=10.8pts[STRUCT] | TP=14.2pts', 'entry_module': '', 'entry_reason': '', 'entry_type': 'ema21_pullback_short', 'atr': 6.080486272290978, 'atr_value': 6.080486272290978, 'adx_value': 32.45048586062742, 'market_state': 'DOWNTREND_PULLBACK', 'trend_label': '', 'trend_label_htf': '', 'session_type': 'RTH', 'entry_bar_index': 1076}"
ES,SHORT,2025-02-19 09:15:00-06:00,6130.5,2025-02-19 09:30:00-06:00,6137.0,1,-34.9,6.5,2.4,stop_loss,"{'signal_confidence': 0.7, 'signal_reason': 'EMA21_PB_SHORT | ADX=34 | RSI=28 | MACD_H=-0.51 | ATR=4.4 | SL=6.2pts[STRUCT] | TP=8.2pts', 'entry_module': '', 'entry_reason': '', 'entry_type': 'ema21_pullback_short', 'atr': 4.439316802915454, 'atr_value': 4.439316802915454, 'adx_value': 33.58723068493461, 'market_state': 'DOWNTREND_PULLBACK', 'trend_label': '', 'trend_label_htf': '', 'session_type': 'RTH', 'entry_bar_index': 1152}"
ES,SHORT,2025-02-19 10:00:00-06:00,6134.75,2025-02-19 10:15:00-06:00,6146.5,1,-61.15,11.75,2.4,stop_loss,"{'signal_confidence': 0.7, 'signal_reason': 'EMA21_PB_SHORT | ADX=30 | RSI=42 | MACD_H=0.31 | ATR=5.1 | SL=6.0pts[STRUCT] | TP=8.0pts', 'entry_module': '', 'entry_reason': '', 'entry_type': 'ema21_pullback_short', 'atr': 5.113858970847396, 'atr_value': 5.113858970847396, 'adx_value': 29.677768608309684, 'market_state': 'DOWNTREND_PULLBACK', 'trend_label': '', 'trend_label_htf': '', 'session_type': 'RTH', 'entry_bar_index': 1155}"
ES,LONG,2025-02-19 12:45:00-06:00,6152.5,2025-02-19 13:15:00-06:00,6160.25,1,36.35,7.75,2.4,take_profit,"{'signal_confidence': 0.7, 'signal_reason': 'EMA21_PB_LONG | ADX=22 | RSI=60 | MACD_H=1.23 | ATR=5.8 | SL=6.0pts[STRUCT] | TP=8.0pts', 'entry_module': '', 'entry_reason': '', 'entry_type': 'ema21_pullback', 'atr': 5.824291540626197, 'atr_value': 5.824291540626197, 'adx_value': 22.271437003117708, 'market_state': 'UPTREND_PULLBACK', 'trend_label': '', 'trend_label_htf': '', 'session_type': 'RTH', 'entry_bar_index': 1166}"
ES,SHORT,2025-02-20 12:00:00-06:00,6112.5,2025-02-20 13:00:00-06:00,6123.75,1,-58.65,11.25,2.4,stop_loss,"{'signal_confidence': 0.7, 'signal_reason': 'EMA21_PB_SHORT | ADX=38 | RSI=38 | MACD_H=0.06 | ATR=8.3 | SL=10.5pts[STRUCT] | TP=14.0pts', 'entry_module': '', 'entry_reason': '', 'entry_type': 'ema21_pullback_short', 'atr': 8.301809495286754, 'atr_value': 8.301809495286754, 'adx_value': 37.624917255885926, 'market_state': 'DOWNTREND_PULLBACK', 'trend_label': '', 'trend_label_htf': '', 'session_type': 'RTH', 'entry_bar_index': 1255}"
ES,SHORT,2025-02-25 11:15:00-06:00,5955.75,2025-02-25 11:30:00-06:00,5965.5,1,-51.15,9.75,2.4,stop_loss,"{'signal_confidence': 0.7, 'signal_reason': 'EMA21_PB_SHORT | ADX=35 | RSI=41 | MACD_H=-2.30 | ATR=14.4 | SL=7.0pts[STRUCT] | TP=9.2pts', 'entry_module': '', 'entry_reason': '', 'entry_type': 'ema21_pullback_short', 'atr': 14.366887436220086, 'atr_value': 14.366887436220086, 'adx_value': 35.29618471647533, 'market_state': 'DOWNTREND_PULLBACK', 'trend_label': '', 'trend_label_htf': '', 'session_type': 'RTH', 'entry_bar_index': 1528}"
ES,SHORT,2025-02-27 09:45:00-06:00,5976.75,2025-02-27 10:00:00-06:00,5961.25,1,75.1,15.5,2.4,take_profit,"{'signal_confidence': 0.7, 'signal_reason': 'EMA21_PB_SHORT | ADX=38 | RSI=43 | MACD_H=-3.94 | ATR=15.4 | SL=7.5pts[STRUCT] | TP=10.0pts', 'entry_module': '', 'entry_reason': '', 'entry_type': 'ema21_pullback_short', 'atr': 15.372067642695368, 'atr_value': 15.372067642695368, 'adx_value': 38.041990532936865, 'market_state': 'DOWNTREND_PULLBACK', 'trend_label': '', 'trend_label_htf': '', 'session_type': 'RTH', 'entry_bar_index': 1706}"
ES,SHORT,2025-02-27 10:30:00-06:00,5967.5,2025-02-27 10:45:00-06:00,5952.0,1,75.1,15.5,2.4,take_profit,"{'signal_confidence': 0.7, 'signal_reason': 'OR_BREAK_SHORT | ADX=39 | OR_L=5977.25 | SL=12.0pt | TP=16.0pt', 'entry_module': '', 'entry_reason': '', 'entry_type': 'or_breakdown', 'atr': 16.895474712464186, 'atr_value': 16.895474712464186, 'adx_value': 38.749223494994524, 'market_state': 'OR_BREAKDOWN', 'trend_label': '', 'trend_label_htf': '', 'session_type': 'RTH', 'entry_bar_index': 1709}"
ES,SHORT,2025-03-05 10:00:00-06:00,5789.0,2025-03-05 10:15:00-06:00,5769.0,1,97.6,20.0,2.4,take_profit,"{'signal_confidence': 0.7, 'signal_reason': 'EMA21_PB_SHORT | ADX=30 | RSI=45 | MACD_H=-0.26 | ATR=18.9 | SL=11.8pts[STRUCT] | TP=15.8pts', 'entry_module': '', 'entry_reason': '', 'entry_type': 'ema21_pullback_short', 'atr': 18.867915527658536, 'atr_value': 18.867915527658536, 'adx_value': 30.156649841330953, 'market_state': 'DOWNTREND_PULLBACK', 'trend_label': '', 'trend_label_htf': '', 'session_type': 'RTH', 'entry_bar_index': 2075}"
ES,SHORT,2025-03-07 10:15:00-06:00,5720.0,2025-03-07 10:30:00-06:00,5693.5,1,130.1,26.5,2.4,take_profit,"{'signal_confidence': 0.7, 'signal_reason': 'EMA21_PB_SHORT | ADX=19 | RSI=38 | MACD_H=-2.62 | ATR=19.0 | SL=10.0pts[STRUCT] | TP=13.2pts', 'entry_module': '', 'entry_reason': '', 'entry_type': 'ema21_pullback_short', 'atr': 19.005423060359917, 'atr_value': 19.005423060359917, 'adx_value': 19.221540124892993, 'market_state': 'DOWNTREND_PULLBACK', 'trend_label': '', 'trend_label_htf': '', 'session_type': 'RTH', 'entry_bar_index': 2260}"
ES,SHORT,2025-03-07 12:00:00-06:00,5718.25,2025-03-07 12:15:00-06:00,5752.0,1,-171.15,33.75,2.4,stop_loss,"{'signal_confidence': 0.7, 'signal_reason': 'OR_BREAK_SHORT | ADX=20 | OR_L=5724.50 | SL=12.0pt | TP=16.0pt', 'entry_module': '', 'entry_reason': '', 'entry_type': 'or_breakdown', 'atr': 22.62878137031842, 'atr_value': 22.62878137031842, 'adx_value': 19.865507321762866, 'market_state': 'OR_BREAKDOWN', 'trend_label': '', 'trend_label_htf': '', 'session_type': 'RTH', 'entry_bar_index': 2267}"
ES,SHORT,2025-03-11 11:00:00-05:00,5586.0,2025-03-11 11:15:00-05:00,5564.0,1,107.6,22.0,2.4,take_profit,"{'signal_confidence': 0.7, 'signal_reason': 'OR_BREAK_SHORT | ADX=32 | OR_L=5597.50 | SL=12.0pt | TP=16.0pt', 'entry_module': '', 'entry_reason': '', 'entry_type': 'or_breakdown', 'atr': 21.90536202059446, 'atr_value': 21.90536202059446, 'adx_value': 32.345482874003594, 'market_state': 'OR_BREAKDOWN', 'trend_label': '', 'trend_label_htf': '', 'session_type': 'RTH', 'entry_bar_index': 2447}"
ES,SHORT,2025-03-12 11:45:00-05:00,5602.75,2025-03-12 12:00:00-05:00,5615.25,1,-64.9,12.5,2.4,stop_loss,"{'signal_confidence': 0.7, 'signal_reason': 'OR_BREAK_SHORT | ADX=24 | OR_L=5614.25 | SL=12.0pt | TP=16.0pt', 'entry_module': '', 'entry_reason': '', 'entry_type': 'or_breakdown', 'atr': 18.38664138133543, 'atr_value': 18.38664138133543, 'adx_value': 24.316958575230224, 'market_state': 'OR_BREAKDOWN', 'trend_label': '', 'trend_label_htf': '', 'session_type': 'RTH', 'entry_bar_index': 2542}"
ES,LONG,2025-03-12 13:30:00-05:00,5616.25,2025-03-12 13:45:00-05:00,5631.75,1,75.1,15.5,2.4,take_profit,"{'signal_confidence': 0.7, 'signal_reason': 'EMA21_PB_LONG | ADX=18 | RSI=53 | MACD_H=1.07 | ATR=18.6 | SL=11.8pts[STRUCT] | TP=15.8pts', 'entry_module': '', 'entry_reason': '', 'entry_type': 'ema21_pullback', 'atr': 18.562315429621144, 'atr_value': 18.562315429621144, 'adx_value': 18.259726696186316, 'market_state': 'UPTREND_PULLBACK', 'trend_label': '', 'trend_label_htf': '', 'session_type': 'RTH', 'entry_bar_index': 2549}"
ES,SHORT,2025-03-13 09:45:00-05:00,5576.0,2025-03-13 10:00:00-05:00,5560.75,1,73.85,15.25,2.4,take_profit,"{'signal_confidence': 0.7, 'signal_reason': 'OR_BREAK_SHORT | ADX=21 | OR_L=5583.25 | SL=11.7pt | TP=15.5pt', 'entry_module': '', 'entry_reason': '', 'entry_type': 'or_breakdown', 'atr': 15.545224453907387, 'atr_value': 15.545224453907387, 'adx_value': 20.831923230205458, 'market_state': 'OR_BREAKDOWN', 'trend_label': '', 'trend_label_htf': '', 'session_type': 'RTH', 'entry_bar_index': 2626}"
ES,LONG,2025-03-14 10:00:00-05:00,5665.5,2025-03-14 10:30:00-05:00,5680.25,1,71.35,14.75,2.4,take_profit,"{'signal_confidence': 0.7, 'signal_reason': 'EMA9_PB_LONG | ADX=25 | RSI=69 | ATR=12.1 | SL=12.1pts | TP=15.1pts', 'entry_module': '', 'entry_reason': '', 'entry_type': 'ema9_pullback', 'atr': 12.097652017900348, 'atr_value': 12.097652017900348, 'adx_value': 25.12408458324838, 'market_state': 'UPTREND_PULLBACK', 'trend_label': '', 'trend_label_htf': '', 'session_type': 'RTH', 'entry_bar_index': 2719}"
ES,LONG,2025-03-19 10:45:00-05:00,5711.5,2025-03-19 12:00:00-05:00,5701.5,1,-52.4,10.0,2.4,stop_loss,"{'signal_confidence': 0.7, 'signal_reason': 'EMA9_PB_LONG | ADX=24 | RSI=66 | ATR=9.6 | SL=9.6pts | TP=12.0pts', 'entry_module': '', 'entry_reason': '', 'entry_type': 'ema9_pullback', 'atr': 9.566780138523598, 'atr_value': 9.566780138523598, 'adx_value': 23.877944426744712, 'market_state': 'UPTREND_PULLBACK', 'trend_label': '', 'trend_label_htf': '', 'session_type': 'RTH', 'entry_bar_index': 2998}"
ES,SHORT,2025-03-20 12:00:00-05:00,5717.0,2025-03-20 12:15:00-05:00,5728.25,1,-58.65,11.25,2.4,stop_loss,"{'signal_confidence': 0.7, 'signal_reason': 'EMA21_PB_SHORT | ADX=27 | RSI=43 | MACD_H=-1.56 | ATR=13.7 | SL=8.5pts[STRUCT] | TP=11.2pts', 'entry_module': '', 'entry_reason': '', 'entry_type': 'ema21_pullback_short', 'atr': 13.734089031317975, 'atr_value': 13.734089031317975, 'adx_value': 27.053937720090197, 'market_state': 'DOWNTREND_PULLBACK', 'trend_label': '', 'trend_label_htf': '', 'session_type': 'RTH', 'entry_bar_index': 3095}"
ES,SHORT,2025-03-25 12:30:00-05:00,5814.0,2025-03-25 13:15:00-05:00,5820.75,1,-36.15,6.75,2.4,stop_loss,"{'signal_confidence': 0.7, 'signal_reason': 'OR_BREAK_SHORT | ADX=18 | OR_L=5815.50 | SL=6.0pt | TP=8.0pt', 'entry_module': '', 'entry_reason': '', 'entry_type': 'or_breakdown', 'atr': 6.81288626091712, 'atr_value': 6.81288626091712, 'adx_value': 18.024295191395012, 'market_state': 'OR_BREAKDOWN', 'trend_label': '', 'trend_label_htf': '', 'session_type': 'RTH', 'entry_bar_index': 3373}"
ES,SHORT,2025-03-25 13:45:00-05:00,5813.75,2025-03-25 14:30:00-05:00,5820.25,1,-34.9,6.5,2.4,stop_loss,"{'signal_confidence': 0.7, 'signal_reason': 'OR_BREAK_SHORT | ADX=19 | OR_L=5815.50 | SL=6.0pt | TP=8.0pt | retest#2', 'entry_module': '', 'entry_reason': '', 'entry_type': 'or_breakdown', 'atr': 6.813162816227429, 'atr_value': 6.813162816227429, 'adx_value': 19.17781673675242, 'market_state': 'OR_BREAKDOWN', 'trend_label': '', 'trend_label_htf': '', 'session_type': 'RTH', 'entry_bar_index': 3378}"
ES,LONG,2025-03-25 14:45:00-05:00,5821.5,2025-03-25 19:30:00-05:00,5835.25,1,66.35,13.75,2.4,take_profit,"{'signal_confidence': 0.7, 'signal_reason': 'EMA21_PB_LONG | ADX=19 | RSI=52 | MACD_H=-0.50 | ATR=6.9 | SL=10.5pts[STRUCT] | TP=14.0pts', 'entry_module': '', 'entry_reason': '', 'entry_type': 'ema21_pullback', 'atr': 6.936738421341931, 'atr_value': 6.936738421341931, 'adx_value': 18.58850199985818, 'market_state': 'UPTREND_PULLBACK', 'trend_label': '', 'trend_label_htf': '', 'session_type': 'RTH', 'entry_bar_index': 3382}"
ES,LONG,2025-04-01 12:15:00-05:00,5672.5,2025-04-01 12:30:00-05:00,5658.25,1,-73.65,14.25,2.4,stop_loss,"{'signal_confidence': 0.7, 'signal_reason': 'EMA21_PB_LONG | ADX=19 | RSI=58 | MACD_H=2.12 | ATR=15.6 | SL=8.5pts[STRUCT] | TP=11.2pts', 'entry_module': '', 'entry_reason': '', 'entry_type': 'ema21_pullback', 'atr': 15.572024859840868, 'atr_value': 15.572024859840868, 'adx_value': 19.067930638425825, 'market_state': 'UPTREND_PULLBACK', 'trend_label': '', 'trend_label_htf': '', 'session_type': 'RTH', 'entry_bar_index': 3832}"
ES,SHORT,2025-04-03 11:00:00-05:00,5494.75,2025-04-03 11:15:00-05:00,5510.75,1,-82.4,16.0,2.4,stop_loss,"{'signal_confidence': 0.7, 'signal_reason': 'EMA21_PB_SHORT | ADX=23 | RSI=46 | MACD_H=0.16 | ATR=20.7 | SL=10.0pts[STRUCT] | TP=13.2pts', 'entry_module': '', 'entry_reason': '', 'entry_type': 'ema21_pullback_short', 'atr': 20.66385449231374, 'atr_value': 20.66385449231374, 'adx_value': 23.472436392788186, 'market_state': 'DOWNTREND_PULLBACK', 'trend_label': '', 'trend_label_htf': '', 'session_type': 'RTH', 'entry_bar_index': 4011}"
ES,SHORT,2025-04-03 14:00:00-05:00,5477.75,2025-04-03 14:15:00-05:00,5468.75,1,42.6,9.0,2.4,take_profit,"{'signal_confidence': 0.7, 'signal_reason': 'EMA21_PB_SHORT | ADX=19 | RSI=43 | MACD_H=-0.68 | ATR=18.7 | SL=6.0pts[STRUCT] | TP=8.0pts', 'entry_module': '', 'entry_reason': '', 'entry_type': 'ema21_pullback_short', 'atr': 18.738984524500054, 'atr_value': 18.738984524500054, 'adx_value': 19.28317503232643, 'market_state': 'DOWNTREND_PULLBACK', 'trend_label': '', 'trend_label_htf': '', 'session_type': 'RTH', 'entry_bar_index': 4023}"
ES,LONG,2025-04-09 11:00:00-05:00,5009.25,2025-04-09 11:15:00-05:00,5048.75,1,195.1,39.5,2.4,take_profit,"{'signal_confidence': 0.7, 'signal_reason': 'EMA21_PB_LONG | ADX=23 | RSI=53 | MACD_H=1.84 | ATR=46.0 | SL=8.5pts[STRUCT] | TP=11.2pts', 'entry_module': '', 'entry_reason': '', 'entry_type': 'ema21_pullback', 'atr': 46.04107131200332, 'atr_value': 46.04107131200332, 'adx_value': 23.104866583652584, 'market_state': 'UPTREND_PULLBACK', 'trend_label': '', 'trend_label_htf': '', 'session_type': 'RTH', 'entry_bar_index': 4379}"
ES,LONG,2025-04-09 11:45:00-05:00,5048.0,2025-04-09 12:00:00-05:00,5064.0,1,77.6,16.0,2.4,take_profit,"{'signal_confidence': 0.7, 'signal_reason': 'EMA21_PB_LONG | ADX=23 | RSI=58 | MACD_H=4.26 | ATR=43.0 | SL=12.0pts[STRUCT] | TP=16.0pts', 'entry_module': '', 'entry_reason': '', 'entry_type': 'ema21_pullback', 'atr': 42.968197402504124, 'atr_value': 42.968197402504124, 'adx_value': 22.717957718661772, 'market_state': 'UPTREND_PULLBACK', 'trend_label': '', 'trend_label_htf': '', 'session_type': 'RTH', 'entry_bar_index': 4382}"
ES,SHORT,2025-04-15 14:00:00-05:00,5438.0,2025-04-15 14:15:00-05:00,5444.75,1,-36.15,6.75,2.4,stop_loss,"{'signal_confidence': 0.7, 'signal_reason': 'EMA21_PB_SHORT | ADX=24 | RSI=47 | MACD_H=-2.34 | ATR=16.5 | SL=6.5pts[STRUCT] | TP=8.8pts', 'entry_module': '', 'entry_reason': '', 'entry_type': 'ema21_pullback_short', 'atr': 16.503987646614885, 'atr_value': 16.503987646614885, 'adx_value': 23.694149918808236, 'market_state': 'DOWNTREND_PULLBACK', 'trend_label': '', 'trend_label_htf': '', 'session_type': 'RTH', 'entry_bar_index': 4759}"
ES,SHORT,2025-04-15 14:30:00-05:00,5435.0,2025-04-15 15:30:00-05:00,5421.25,1,66.35,13.75,2.4,take_profit,"{'signal_confidence': 0.7, 'signal_reason': 'EMA21_PB_SHORT | ADX=24 | RSI=45 | MACD_H=-1.31 | ATR=16.2 | SL=10.2pts[STRUCT] | TP=13.8pts', 'entry_module': '', 'entry_reason': '', 'entry_type': 'ema21_pullback_short', 'atr': 16.15139751162202, 'atr_value': 16.15139751162202, 'adx_value': 23.60332036405041, 'market_state': 'DOWNTREND_PULLBACK', 'trend_label': '', 'trend_label_htf': '', 'session_type': 'RTH', 'entry_bar_index': 4761}"
ES,SHORT,2025-04-16 10:00:00-05:00,5372.0,2025-04-16 10:15:00-05:00,5378.25,1,-33.65,6.25,2.4,stop_loss,"{'signal_confidence': 0.7, 'signal_reason': 'EMA21_PB_SHORT | ADX=19 | RSI=48 | MACD_H=-1.30 | ATR=14.8 | SL=6.0pts[STRUCT] | TP=8.0pts', 'entry_module': '', 'entry_reason': '', 'entry_type': 'ema21_pullback_short', 'atr': 14.763792993556365, 'atr_value': 14.763792993556365, 'adx_value': 19.055351113979548, 'market_state': 'DOWNTREND_PULLBACK', 'trend_label': '', 'trend_label_htf': '', 'session_type': 'RTH', 'entry_bar_index': 4835}"
ES,LONG,2025-05-01 13:30:00-05:00,5660.5,2025-05-01 14:00:00-05:00,5650.5,1,-52.4,10.0,2.4,stop_loss,"{'signal_confidence': 0.7, 'signal_reason': 'EMA21_PB_LONG | ADX=18 | RSI=55 | MACD_H=0.37 | ATR=13.6 | SL=9.8pts[STRUCT] | TP=13.0pts', 'entry_module': '', 'entry_reason': '', 'entry_type': 'ema21_pullback', 'atr': 13.554094029877527, 'atr_value': 13.554094029877527, 'adx_value': 18.410348382015822, 'market_state': 'UPTREND_PULLBACK', 'trend_label': '', 'trend_label_htf': '', 'session_type': 'RTH', 'entry_bar_index': 5769}"
ES,SHORT,2025-05-06 12:00:00-05:00,5629.75,2025-05-06 12:15:00-05:00,5641.25,1,-59.9,11.5,2.4,stop_loss,"{'signal_confidence': 0.7, 'signal_reason': 'EMA21_PB_SHORT | ADX=30 | RSI=46 | MACD_H=0.45 | ATR=13.8 | SL=11.2pts[STRUCT] | TP=15.0pts', 'entry_module': '', 'entry_reason': '', 'entry_type': 'ema21_pullback_short', 'atr': 13.801729037177232, 'atr_value': 13.801729037177232, 'adx_value': 30.392241278455383, 'market_state': 'DOWNTREND_PULLBACK', 'trend_label': '', 'trend_label_htf': '', 'session_type': 'RTH', 'entry_bar_index': 6039}"
ES,SHORT,2025-05-06 12:30:00-05:00,5634.25,2025-05-06 12:45:00-05:00,5621.0,1,63.85,13.25,2.4,take_profit,"{'signal_confidence': 0.7, 'signal_reason': 'EMA21_PB_SHORT | ADX=29 | RSI=48 | MACD_H=-0.40 | ATR=13.8 | SL=10.0pts[STRUCT] | TP=13.2pts', 'entry_module': '', 'entry_reason': '', 'entry_type': 'ema21_pullback_short', 'atr': 13.77802146572935, 'atr_value': 13.77802146572935, 'adx_value': 29.227627435325367, 'market_state': 'DOWNTREND_PULLBACK', 'trend_label': '', 'trend_label_htf': '', 'session_type': 'RTH', 'entry_bar_index': 6041}"
ES,SHORT,2025-05-06 13:00:00-05:00,5621.75,2025-05-06 13:15:00-05:00,5628.25,1,-34.9,6.5,2.4,stop_loss,"{'signal_confidence': 0.7, 'signal_reason': 'EMA21_PB_SHORT | ADX=26 | RSI=43 | MACD_H=-2.08 | ATR=13.5 | SL=6.0pts[STRUCT] | TP=8.0pts', 'entry_module': '', 'entry_reason': '', 'entry_type': 'ema21_pullback_short', 'atr': 13.471865447491123, 'atr_value': 13.471865447491123, 'adx_value': 26.057094597423514, 'market_state': 'DOWNTREND_PULLBACK', 'trend_label': '', 'trend_label_htf': '', 'session_type': 'RTH', 'entry_bar_index': 6043}"
ES,SHORT,2025-05-07 14:30:00-05:00,5615.0,2025-05-07 14:45:00-05:00,5656.25,1,-208.65,41.25,2.4,stop_loss,"{'signal_confidence': 0.7, 'signal_reason': 'OR_BREAK_SHORT | ADX=24 | OR_L=5631.25 | SL=12.0pt | TP=16.0pt | retest#2', 'entry_module': '', 'entry_reason': '', 'entry_type': 'or_breakdown', 'atr': 18.315292717912747, 'atr_value': 18.315292717912747, 'adx_value': 23.708427453442365, 'market_state': 'OR_BREAKDOWN', 'trend_label': '', 'trend_label_htf': '', 'session_type': 'RTH', 'entry_bar_index': 6141}"
ES,LONG,2025-05-08 13:15:00-05:00,5720.25,2025-05-08 14:15:00-05:00,5731.75,1,55.1,11.5,2.4,take_profit,"{'signal_confidence': 0.7, 'signal_reason': 'EMA21_PB_LONG | ADX=25 | RSI=55 | MACD_H=1.04 | ATR=13.4 | SL=9.0pts[STRUCT] | TP=12.0pts', 'entry_module': '', 'entry_reason': '', 'entry_type': 'ema21_pullback', 'atr': 13.385168046619519, 'atr_value': 13.385168046619519, 'adx_value': 24.516162461684367, 'market_state': 'UPTREND_PULLBACK', 'trend_label': '', 'trend_label_htf': '', 'session_type': 'RTH', 'entry_bar_index': 6228}"
ES,LONG,2025-05-13 11:30:00-05:00,5912.75,2025-05-13 13:30:00-05:00,5914.75,1,7.6,2.0,2.4,flatten,"{'signal_confidence': 0.7, 'signal_reason': 'TREND_CONT_LONG | ADX=51 | RSI=75 | MACD_H=1.64 | e9=5906.5 | #2 | SL=11.6pts | TP=14.6pts', 'entry_module': '', 'entry_reason': '', 'entry_type': 'trend_continuation_long', 'atr': 9.315178581704144, 'atr_value': 9.315178581704144, 'adx_value': 50.65917700983883, 'market_state': 'UPTREND_CONTINUATION', 'trend_label': '', 'trend_label_htf': '', 'session_type': 'RTH', 'entry_bar_index': 6497}"
ES,LONG,2025-05-15 10:15:00-05:00,5910.75,2025-05-15 10:30:00-05:00,5926.75,1,77.6,16.0,2.4,take_profit,"{'signal_confidence': 0.7, 'signal_reason': 'EMA21_PB_LONG | ADX=30 | RSI=69 | MACD_H=2.23 | ATR=8.8 | SL=12.0pts[STRUCT] | TP=16.0pts', 'entry_module': '', 'entry_reason': '', 'entry_type': 'ema21_pullback', 'atr': 8.766400314623237, 'atr_value': 8.766400314623237, 'adx_value': 29.569651866602523, 'market_state': 'UPTREND_PULLBACK', 'trend_label': '', 'trend_label_htf': '', 'session_type': 'RTH', 'entry_bar_index': 6676}"
ES,LONG,2025-05-15 10:45:00-05:00,5928.0,2025-05-15 12:15:00-05:00,5942.25,1,68.85,14.25,2.4,take_profit,"{'signal_confidence': 0.7, 'signal_reason': 'TREND_CONT_LONG | ADX=34 | RSI=77 | MACD_H=3.89 | e9=5906.6 | #2 | SL=11.8pts | TP=14.8pts', 'entry_module': '', 'entry_reason': '', 'entry_type': 'trend_continuation_long', 'atr': 9.454192108016974, 'atr_value': 9.454192108016974, 'adx_value': 33.878050055842465, 'market_state': 'UPTREND_CONTINUATION', 'trend_label': '', 'trend_label_htf': '', 'session_type': 'RTH', 'entry_bar_index': 6678}"
ES,LONG,2025-05-16 11:15:00-05:00,5951.25,2025-05-16 12:15:00-05:00,5964.5,1,63.85,13.25,2.4,take_profit,"{'signal_confidence': 0.7, 'signal_reason': 'EMA21_PB_LONG | ADX=26 | RSI=56 | MACD_H=0.30 | ATR=8.1 | SL=10.2pts[STRUCT] | TP=13.8pts', 'entry_module': '', 'entry_reason': '', 'entry_type': 'ema21_pullback', 'atr': 8.073316652539715, 'atr_value': 8.073316652539715, 'adx_value': 25.964841692664557, 'market_state': 'UPTREND_PULLBACK', 'trend_label': '', 'trend_label_htf': '', 'session_type': 'RTH', 'entry_bar_index': 6772}"
ES,LONG,2025-05-16 12:30:00-05:00,5963.75,2025-05-16 14:00:00-05:00,5973.5,1,46.35,9.75,2.4,take_profit,"{'signal_confidence': 0.7, 'signal_reason': 'EMA9_PB_LONG | ADX=23 | RSI=65 | ATR=7.5 | SL=8.0pts | TP=10.0pts', 'entry_module': '', 'entry_reason': '', 'entry_type': 'ema9_pullback', 'atr': 7.463938871957051, 'atr_value': 7.463938871957051, 'adx_value': 23.22119355280029, 'market_state': 'UPTREND_PULLBACK', 'trend_label': '', 'trend_label_htf': '', 'session_type': 'RTH', 'entry_bar_index': 6777}"
ES,SHORT,2025-05-20 09:15:00-05:00,5958.25,2025-05-20 09:30:00-05:00,5965.0,1,-36.15,6.75,2.4,stop_loss,"{'signal_confidence': 0.7, 'signal_reason': 'EMA21_PB_SHORT | ADX=20 | RSI=39 | MACD_H=-1.16 | ATR=6.6 | SL=6.0pts[STRUCT] | TP=8.0pts', 'entry_module': '', 'entry_reason': '', 'entry_type': 'ema21_pullback_short', 'atr': 6.624605489251494, 'atr_value': 6.624605489251494, 'adx_value': 19.849444415153634, 'market_state': 'DOWNTREND_PULLBACK', 'trend_label': '', 'trend_label_htf': '', 'session_type': 'RTH', 'entry_bar_index': 6948}"
ES,SHORT,2025-05-20 10:00:00-05:00,5959.75,2025-05-20 12:00:00-05:00,5965.0,1,-28.65,5.25,2.4,flatten,"{'signal_confidence': 0.7, 'signal_reason': 'EMA21_PB_SHORT | ADX=20 | RSI=44 | MACD_H=-0.56 | ATR=7.6 | SL=11.5pts[STRUCT] | TP=15.2pts', 'entry_module': '', 'entry_reason': '', 'entry_type': 'ema21_pullback_short', 'atr': 7.625094118034087, 'atr_value': 7.625094118034087, 'adx_value': 19.62384887971051, 'market_state': 'DOWNTREND_PULLBACK', 'trend_label': '', 'trend_label_htf': '', 'session_type': 'RTH', 'entry_bar_index': 6951}"
ES,LONG,2025-05-21 11:15:00-05:00,5950.0,2025-05-21 12:00:00-05:00,5940.5,1,-49.9,9.5,2.4,stop_loss,"{'signal_confidence': 0.7, 'signal_reason': 'EMA9_PB_LONG | ADX=27 | RSI=65 | ATR=9.3 | SL=9.3pts | TP=11.6pts', 'entry_module': '', 'entry_reason': '', 'entry_type': 'ema9_pullback', 'atr': 9.303447806521195, 'atr_value': 9.303447806521195, 'adx_value': 26.84127805589675, 'market_state': 'UPTREND_PULLBACK', 'trend_label': '', 'trend_label_htf': '', 'session_type': 'RTH', 'entry_bar_index': 7048}"
ES,LONG,2025-05-27 09:45:00-05:00,5906.25,2025-05-27 10:15:00-05:00,5914.0,1,36.35,7.75,2.4,take_profit,"{'signal_confidence': 0.7, 'signal_reason': 'EMA21_PB_LONG | ADX=26 | RSI=59 | MACD_H=0.07 | ATR=8.7 | SL=6.0pts[STRUCT] | TP=8.0pts', 'entry_module': '', 'entry_reason': '', 'entry_type': 'ema21_pullback', 'atr': 8.698700813800263, 'atr_value': 8.698700813800263, 'adx_value': 26.137117137893586, 'market_state': 'UPTREND_PULLBACK', 'trend_label': '', 'trend_label_htf': '', 'session_type': 'RTH', 'entry_bar_index': 7394}"
ES,LONG,2025-05-27 10:45:00-05:00,5914.25,2025-05-27 11:30:00-05:00,5924.25,1,47.6,10.0,2.4,take_profit,"{'signal_confidence': 0.7, 'signal_reason': 'EMA9_PB_LONG | ADX=23 | RSI=65 | ATR=8.1 | SL=8.1pts | TP=10.1pts', 'entry_module': '', 'entry_reason': '', 'entry_type': 'ema9_pullback', 'atr': 8.101119167611136, 'atr_value': 8.101119167611136, 'adx_value': 22.684392083411176, 'market_state': 'UPTREND_PULLBACK', 'trend_label': '', 'trend_label_htf': '', 'session_type': 'RTH', 'entry_bar_index': 7398}"
ES,LONG,2025-05-27 12:15:00-05:00,5926.25,2025-05-27 12:45:00-05:00,5936.0,1,46.35,9.75,2.4,take_profit,"{'signal_confidence': 0.7, 'signal_reason': 'EMA9_PB_LONG | ADX=27 | RSI=69 | ATR=7.6 | SL=8.0pts | TP=10.0pts', 'entry_module': '', 'entry_reason': '', 'entry_type': 'ema9_pullback', 'atr': 7.581687657552597, 'atr_value': 7.581687657552597, 'adx_value': 27.041776334142234, 'market_state': 'UPTREND_PULLBACK', 'trend_label': '', 'trend_label_htf': '', 'session_type': 'RTH', 'entry_bar_index': 7404}"
ES,LONG,2025-05-27 14:15:00-05:00,5929.75,2025-05-27 14:45:00-05:00,5923.5,1,-33.65,6.25,2.4,stop_loss,"{'signal_confidence': 0.7, 'signal_reason': 'EMA21_PB_LONG | ADX=35 | RSI=64 | MACD_H=0.05 | ATR=6.8 | SL=6.0pts[STRUCT] | TP=8.0pts', 'entry_module': '', 'entry_reason': '', 'entry_type': 'ema21_pullback', 'atr': 6.812549046672279, 'atr_value': 6.812549046672279, 'adx_value': 35.462293567433825, 'market_state': 'UPTREND_PULLBACK', 'trend_label': '', 'trend_label_htf': '', 'session_type': 'RTH', 'entry_bar_index': 7412}"
ES,SHORT,2025-05-30 12:45:00-05:00,5879.0,2025-05-30 13:00:00-05:00,5886.75,1,-41.15,7.75,2.4,stop_loss,"{'signal_confidence': 0.7, 'signal_reason': 'EMA21_PB_SHORT | ADX=35 | RSI=41 | MACD_H=-2.51 | ATR=13.8 | SL=7.2pts[STRUCT] | TP=9.8pts', 'entry_module': '', 'entry_reason': '', 'entry_type': 'ema21_pullback_short', 'atr': 13.751823291425557, 'atr_value': 13.751823291425557, 'adx_value': 35.069336674328355, 'market_state': 'DOWNTREND_PULLBACK', 'trend_label': '', 'trend_label_htf': '', 'session_type': 'RTH', 'entry_bar_index': 7682}"
ES,LONG,2025-06-03 09:15:00-05:00,5950.0,2025-06-03 10:00:00-05:00,5965.25,1,73.85,15.25,2.4,take_profit,"{'signal_confidence': 0.7, 'signal_reason': 'EMA21_PB_LONG | ADX=35 | RSI=67 | MACD_H=1.44 | ATR=6.8 | SL=11.8pts[STRUCT] | TP=15.8pts', 'entry_module': '', 'entry_reason': '', 'entry_type': 'ema21_pullback', 'atr': 6.805327023783, 'atr_value': 6.805327023783, 'adx_value': 34.87962833021877, 'market_state': 'UPTREND_PULLBACK', 'trend_label': '', 'trend_label_htf': '', 'session_type': 'RTH', 'entry_bar_index': 156}"
ES,LONG,2025-06-03 10:15:00-05:00,5967.25,2025-06-03 11:15:00-05:00,5978.0,1,51.35,10.75,2.4,take_profit,"{'signal_confidence': 0.7, 'signal_reason': 'TREND_CONT_LONG | ADX=38 | RSI=75 | MACD_H=2.50 | e9=5954.6 | #2 | SL=8.7pts | TP=10.9pts', 'entry_module': '', 'entry_reason': '', 'entry_type': 'trend_continuation_long', 'atr': 6.977716189250995, 'atr_value': 6.977716189250995, 'adx_value': 38.19248988550972, 'market_state': 'UPTREND_CONTINUATION', 'trend_label': '', 'trend_label_htf': '', 'session_type': 'RTH', 'entry_bar_index': 160}"
ES,LONG,2025-06-04 12:15:00-05:00,5992.25,2025-06-04 14:15:00-05:00,5989.75,1,-14.9,2.5,2.4,flatten,"{'signal_confidence': 0.7, 'signal_reason': 'EMA21_PB_LONG | ADX=24 | RSI=54 | MACD_H=-0.30 | ATR=7.4 | SL=6.0pts[STRUCT] | TP=8.0pts', 'entry_module': '', 'entry_reason': '', 'entry_type': 'ema21_pullback', 'atr': 7.368448464131853, 'atr_value': 7.368448464131853, 'adx_value': 23.95166847815808, 'market_state': 'UPTREND_PULLBACK', 'trend_label': '', 'trend_label_htf': '', 'session_type': 'RTH', 'entry_bar_index': 260}"
ES,LONG,2025-06-06 10:15:00-05:00,6014.25,2025-06-06 10:30:00-05:00,6000.75,1,-69.9,13.5,2.4,stop_loss,"{'signal_confidence': 0.7, 'signal_reason': 'EMA9_PB_LONG | ADX=40 | RSI=69 | ATR=9.1 | SL=9.1pts | TP=11.3pts', 'entry_module': '', 'entry_reason': '', 'entry_type': 'ema9_pullback', 'atr': 9.052108595891434, 'atr_value': 9.052108595891434, 'adx_value': 40.15263271319288, 'market_state': 'UPTREND_PULLBACK', 'trend_label': '', 'trend_label_htf': '', 'session_type': 'RTH', 'entry_bar_index': 436}"
ES,LONG,2025-06-06 10:45:00-05:00,6001.75,2025-06-06 11:00:00-05:00,6009.25,1,35.1,7.5,2.4,take_profit,"{'signal_confidence': 0.7, 'signal_reason': 'EMA21_PB_LONG | ADX=36 | RSI=57 | MACD_H=-0.37 | ATR=10.1 | SL=6.0pts[STRUCT] | TP=8.0pts', 'entry_module': '', 'entry_reason': '', 'entry_type': 'ema21_pullback', 'atr': 10.084471187273737, 'atr_value': 10.084471187273737, 'adx_value': 35.62538427829404, 'market_state': 'UPTREND_PULLBACK', 'trend_label': '', 'trend_label_htf': '', 'session_type': 'RTH', 'entry_bar_index': 438}"
ES,LONG,2025-06-10 09:15:00-05:00,6023.75,2025-06-10 10:30:00-05:00,6017.5,1,-33.65,6.25,2.4,stop_loss,"{'signal_confidence': 0.7, 'signal_reason': 'EMA21_PB_LONG | ADX=18 | RSI=61 | MACD_H=0.91 | ATR=5.7 | SL=6.0pts[STRUCT] | TP=8.0pts', 'entry_module': '', 'entry_reason': '', 'entry_type': 'ema21_pullback', 'atr': 5.739450802961148, 'atr_value': 5.739450802961148, 'adx_value': 18.223132260509956, 'market_state': 'UPTREND_PULLBACK', 'trend_label': '', 'trend_label_htf': '', 'session_type': 'RTH', 'entry_bar_index': 616}"
ES,LONG,2025-06-10 11:00:00-05:00,6027.25,2025-06-10 11:45:00-05:00,6036.0,1,41.35,8.75,2.4,take_profit,"{'signal_confidence': 0.7, 'signal_reason': 'EMA21_PB_LONG | ADX=22 | RSI=59 | MACD_H=0.48 | ATR=6.7 | SL=6.8pts[STRUCT] | TP=9.0pts', 'entry_module': '', 'entry_reason': '', 'entry_type': 'ema21_pullback', 'atr': 6.725459079040492, 'atr_value': 6.725459079040492, 'adx_value': 21.791973642160606, 'market_state': 'UPTREND_PULLBACK', 'trend_label': '', 'trend_label_htf': '', 'session_type': 'RTH', 'entry_bar_index': 623}"
ES,LONG,2025-06-11 09:15:00-05:00,6055.5,2025-06-11 10:45:00-05:00,6045.75,1,-51.15,9.75,2.4,stop_loss,"{'signal_confidence': 0.7, 'signal_reason': 'EMA21_PB_LONG | ADX=26 | RSI=63 | MACD_H=1.08 | ATR=9.3 | SL=9.2pts[STRUCT] | TP=12.2pts', 'entry_module': '', 'entry_reason': '', 'entry_type': 'ema21_pullback', 'atr': 9.324864527948213, 'atr_value': 9.324864527948213, 'adx_value': 26.157328602029125, 'market_state': 'UPTREND_PULLBACK', 'trend_label': '', 'trend_label_htf': '', 'session_type': 'RTH', 'entry_bar_index': 708}"
ES,LONG,2025-06-12 09:45:00-05:00,6043.5,2025-06-12 10:15:00-05:00,6032.5,1,-57.4,11.0,2.4,stop_loss,"{'signal_confidence': 0.7, 'signal_reason': 'TREND_CONT_LONG | ADX=32 | RSI=78 | MACD_H=4.73 | e9=6025.1 | #1 | SL=10.5pts | TP=13.1pts', 'entry_module': '', 'entry_reason': '', 'entry_type': 'trend_continuation_long', 'atr': 8.369600821762596, 'atr_value': 8.369600821762596, 'adx_value': 32.016829241168175, 'market_state': 'UPTREND_CONTINUATION', 'trend_label': '', 'trend_label_htf': '', 'session_type': 'RTH', 'entry_bar_index': 802}"
ES,LONG,2025-06-12 11:00:00-05:00,6038.25,2025-06-12 12:30:00-05:00,6049.0,1,51.35,10.75,2.4,take_profit,"{'signal_confidence': 0.7, 'signal_reason': 'EMA21_PB_LONG | ADX=35 | RSI=66 | MACD_H=2.24 | ATR=8.8 | SL=8.0pts[STRUCT] | TP=10.8pts', 'entry_module': '', 'entry_reason': '', 'entry_type': 'ema21_pullback', 'atr': 8.773492253812956, 'atr_value': 8.773492253812956, 'adx_value': 34.78544998470798, 'market_state': 'UPTREND_PULLBACK', 'trend_label': '', 'trend_label_htf': '', 'session_type': 'RTH', 'entry_bar_index': 807}"
ES,LONG,2025-06-13 09:15:00-05:00,6043.75,2025-06-13 09:30:00-05:00,6030.75,1,-67.4,13.0,2.4,stop_loss,"{'signal_confidence': 0.7, 'signal_reason': 'EMA21_PB_LONG | ADX=38 | RSI=54 | MACD_H=-0.49 | ATR=10.7 | SL=6.0pts[STRUCT] | TP=8.0pts', 'entry_module': '', 'entry_reason': '', 'entry_type': 'ema21_pullback', 'atr': 10.667107157462748, 'atr_value': 10.667107157462748, 'adx_value': 38.2589716012615, 'market_state': 'UPTREND_PULLBACK', 'trend_label': '', 'trend_label_htf': '', 'session_type': 'RTH', 'entry_bar_index': 892}"
ES,LONG,2025-06-13 12:00:00-05:00,6074.5,2025-06-13 12:15:00-05:00,6063.75,1,-56.15,10.75,2.4,stop_loss,"{'signal_confidence': 0.7, 'signal_reason': 'EMA21_PB_LONG | ADX=41 | RSI=64 | MACD_H=1.47 | ATR=11.4 | SL=8.5pts[STRUCT] | TP=11.2pts', 'entry_module': '', 'entry_reason': '', 'entry_type': 'ema21_pullback', 'atr': 11.44919849421976, 'atr_value': 11.44919849421976, 'adx_value': 41.41034109821658, 'market_state': 'UPTREND_PULLBACK', 'trend_label': '', 'trend_label_htf': '', 'session_type': 'RTH', 'entry_bar_index': 903}"
ES,SHORT,2025-06-17 14:45:00-05:00,6041.75,2025-06-17 15:00:00-05:00,6041.5,1,-1.15,0.25,2.4,stop_loss,"{'signal_confidence': 0.7, 'signal_reason': 'EMA21_PB_SHORT | ADX=31 | RSI=39 | MACD_H=-1.70 | ATR=10.0 | SL=6.0pts[STRUCT] | TP=8.0pts', 'entry_module': '', 'entry_reason': '', 'entry_type': 'ema21_pullback_short', 'atr': 10.015508292118199, 'atr_value': 10.015508292118199, 'adx_value': 31.128748657905497, 'market_state': 'DOWNTREND_PULLBACK', 'trend_label': '', 'trend_label_htf': '', 'session_type': 'RTH', 'entry_bar_index': 1098}"
ES,LONG,2025-06-24 12:15:00-05:00,6145.0,2025-06-24 14:15:00-05:00,6152.0,1,32.6,7.0,2.4,flatten,"{'signal_confidence': 0.7, 'signal_reason': 'EMA9_PB_LONG | ADX=22 | RSI=65 | ATR=7.2 | SL=8.0pts | TP=10.0pts', 'entry_module': '', 'entry_reason': '', 'entry_type': 'ema9_pullback', 'atr': 7.227944127831708, 'atr_value': 7.227944127831708, 'adx_value': 22.002194517521854, 'market_state': 'UPTREND_PULLBACK', 'trend_label': '', 'trend_label_htf': '', 'session_type': 'RTH', 'entry_bar_index': 1532}"
ES,LONG,2025-06-24 14:45:00-05:00,6153.5,2025-06-24 15:00:00-05:00,6143.75,1,-51.15,9.75,2.4,stop_loss,"{'signal_confidence': 0.7, 'signal_reason': 'TREND_CONT_LONG | ADX=30 | RSI=68 | MACD_H=0.53 | e9=6149.0 | #1 | SL=7.2pts | TP=9.0pts', 'entry_module': '', 'entry_reason': '', 'entry_type': 'trend_continuation_long', 'atr': 5.743425949384662, 'atr_value': 5.743425949384662, 'adx_value': 29.635527651020464, 'market_state': 'UPTREND_CONTINUATION', 'trend_label': '', 'trend_label_htf': '', 'session_type': 'RTH', 'entry_bar_index': 1542}"
ES,SHORT,2025-06-25 12:45:00-05:00,6137.0,2025-06-25 14:00:00-05:00,6147.5,1,-54.9,10.5,2.4,stop_loss,"{'signal_confidence': 0.7, 'signal_reason': 'EMA21_PB_SHORT | ADX=21 | RSI=35 | MACD_H=-1.22 | ATR=6.0 | SL=10.0pts[STRUCT] | TP=13.2pts', 'entry_module': '', 'entry_reason': '', 'entry_type': 'ema21_pullback_short', 'atr': 6.040863203566459, 'atr_value': 6.040863203566459, 'adx_value': 21.066492554043062, 'market_state': 'DOWNTREND_PULLBACK', 'trend_label': '', 'trend_label_htf': '', 'session_type': 'RTH', 'entry_bar_index': 1626}"
ES,SHORT,2025-06-25 14:45:00-05:00,6143.5,2025-06-25 15:00:00-05:00,6147.75,1,-23.65,4.25,2.4,stop_loss,"{'signal_confidence': 0.7, 'signal_reason': 'EMA21_PB_SHORT | ADX=23 | RSI=48 | MACD_H=0.44 | ATR=5.8 | SL=6.0pts[STRUCT] | TP=8.0pts', 'entry_module': '', 'entry_reason': '', 'entry_type': 'ema21_pullback_short', 'atr': 5.832605852958459, 'atr_value': 5.832605852958459, 'adx_value': 23.241180912450126, 'market_state': 'DOWNTREND_PULLBACK', 'trend_label': '', 'trend_label_htf': '', 'session_type': 'RTH', 'entry_bar_index': 1634}"
ES,LONG,2025-06-26 09:15:00-05:00,6170.0,2025-06-26 09:30:00-05:00,6177.75,1,36.35,7.75,2.4,take_profit,"{'signal_confidence': 0.7, 'signal_reason': 'EMA21_PB_LONG | ADX=31 | RSI=59 | MACD_H=-0.33 | ATR=5.2 | SL=6.0pts[STRUCT] | TP=8.0pts', 'entry_module': '', 'entry_reason': '', 'entry_type': 'ema21_pullback', 'atr': 5.211971303477251, 'atr_value': 5.211971303477251, 'adx_value': 30.520168243091934, 'market_state': 'UPTREND_PULLBACK', 'trend_label': '', 'trend_label_htf': '', 'session_type': 'RTH', 'entry_bar_index': 1704}"
ES,LONG,2025-06-26 09:45:00-05:00,6176.25,2025-06-26 10:15:00-05:00,6184.5,1,38.85,8.25,2.4,take_profit,"{'signal_confidence': 0.7, 'signal_reason': 'TREND_CONT_LONG | ADX=29 | RSI=67 | MACD_H=0.49 | e9=6170.3 | #1 | SL=6.8pts | TP=8.6pts', 'entry_module': '', 'entry_reason': '', 'entry_type': 'trend_continuation_long', 'atr': 5.473587501467629, 'atr_value': 5.473587501467629, 'adx_value': 28.73629553751257, 'market_state': 'UPTREND_CONTINUATION', 'trend_label': '', 'trend_label_htf': '', 'session_type': 'RTH', 'entry_bar_index': 1706}"
ES,LONG,2025-06-26 10:45:00-05:00,6179.75,2025-06-26 12:00:00-05:00,6187.75,1,37.6,8.0,2.4,take_profit,"{'signal_confidence': 0.7, 'signal_reason': 'EMA21_PB_LONG | ADX=27 | RSI=67 | MACD_H=0.94 | ATR=5.8 | SL=6.0pts[STRUCT] | TP=8.0pts', 'entry_module': '', 'entry_reason': '', 'entry_type': 'ema21_pullback', 'atr': 5.751233408720767, 'atr_value': 5.751233408720767, 'adx_value': 26.9015858149709, 'market_state': 'UPTREND_PULLBACK', 'trend_label': '', 'trend_label_htf': '', 'session_type': 'RTH', 'entry_bar_index': 1710}"
ES,LONG,2025-06-26 14:30:00-05:00,6193.0,2025-06-26 15:00:00-05:00,6193.25,1,-1.15,0.25,2.4,stop_loss,"{'signal_confidence': 0.7, 'signal_reason': 'EMA21_PB_LONG | ADX=28 | RSI=68 | MACD_H=-0.15 | ATR=5.2 | SL=6.0pts[STRUCT] | TP=8.0pts', 'entry_module': '', 'entry_reason': '', 'entry_type': 'ema21_pullback', 'atr': 5.187805022929185, 'atr_value': 5.187805022929185, 'adx_value': 27.545173053576494, 'market_state': 'UPTREND_PULLBACK', 'trend_label': '', 'trend_label_htf': '', 'session_type': 'RTH', 'entry_bar_index': 1725}"
ES,LONG,2025-06-27 09:45:00-05:00,6229.0,2025-06-27 11:45:00-05:00,6234.5,1,25.1,5.5,2.4,flatten,"{'signal_confidence': 0.7, 'signal_reason': 'EMA21_PB_LONG | ADX=35 | RSI=69 | MACD_H=1.51 | ATR=5.9 | SL=8.5pts[STRUCT] | TP=11.2pts', 'entry_module': '', 'entry_reason': '', 'entry_type': 'ema21_pullback', 'atr': 5.896802261535753, 'atr_value': 5.896802261535753, 'adx_value': 35.37250337828063, 'market_state': 'UPTREND_PULLBACK', 'trend_label': '', 'trend_label_htf': '', 'session_type': 'RTH', 'entry_bar_index': 1798}"
ES,LONG,2025-07-02 11:00:00-05:00,6265.0,2025-07-02 13:00:00-05:00,6266.0,1,2.6,1.0,2.4,flatten,"{'signal_confidence': 0.7, 'signal_reason': 'TREND_CONT_LONG | ADX=26 | RSI=64 | MACD_H=2.24 | e9=6258.1 | #1 | SL=7.8pts | TP=9.8pts', 'entry_module': '', 'entry_reason': '', 'entry_type': 'trend_continuation_long', 'atr': 6.241042234042467, 'atr_value': 6.241042234042467, 'adx_value': 25.580215952269523, 'market_state': 'UPTREND_CONTINUATION', 'trend_label': '', 'trend_label_htf': '', 'session_type': 'RTH', 'entry_bar_index': 2079}"
ES,LONG,2025-07-02 13:30:00-05:00,6268.0,2025-07-02 14:45:00-05:00,6275.75,1,36.35,7.75,2.4,take_profit,"{'signal_confidence': 0.7, 'signal_reason': 'EMA21_PB_LONG | ADX=22 | RSI=64 | MACD_H=0.57 | ATR=5.3 | SL=6.0pts[STRUCT] | TP=8.0pts', 'entry_module': '', 'entry_reason': '', 'entry_type': 'ema21_pullback', 'atr': 5.285147672882229, 'atr_value': 5.285147672882229, 'adx_value': 21.56325164808599, 'market_state': 'UPTREND_PULLBACK', 'trend_label': '', 'trend_label_htf': '', 'session_type': 'RTH', 'entry_bar_index': 2089}"
ES,LONG,2025-07-02 15:00:00-05:00,6275.5,2025-07-03 02:15:00-05:00,6284.5,1,42.6,9.0,2.4,take_profit,"{'signal_confidence': 0.7, 'signal_reason': 'EMA21_PB_LONG | ADX=24 | RSI=69 | MACD_H=0.43 | ATR=5.0 | SL=7.0pts[STRUCT] | TP=9.2pts', 'entry_module': '', 'entry_reason': '', 'entry_type': 'ema21_pullback', 'atr': 4.9822763452883425, 'atr_value': 4.9822763452883425, 'adx_value': 23.79498702552215, 'market_state': 'UPTREND_PULLBACK', 'trend_label': '', 'trend_label_htf': '', 'session_type': 'RTH', 'entry_bar_index': 2095}"
ES,SHORT,2025-07-04 11:45:00-05:00,6283.75,2025-07-06 17:00:00-05:00,6308.0,1,-123.65,24.25,2.4,stop_loss,"{'signal_confidence': 0.7, 'signal_reason': 'EMA21_PB_SHORT | ADX=40 | RSI=39 | MACD_H=0.37 | ATR=4.1 | SL=6.2pts[STRUCT] | TP=8.2pts', 'entry_module': '', 'entry_reason': '', 'entry_type': 'ema21_pullback_short', 'atr': 4.079144882440469, 'atr_value': 4.079144882440469, 'adx_value': 40.03664530333859, 'market_state': 'DOWNTREND_PULLBACK', 'trend_label': '', 'trend_label_htf': '', 'session_type': 'RTH', 'entry_bar_index': 2251}"
ES,SHORT,2025-07-08 10:00:00-05:00,6271.5,2025-07-08 10:45:00-05:00,6279.25,1,-41.15,7.75,2.4,stop_loss,"{'signal_confidence': 0.7, 'signal_reason': 'EMA21_PB_SHORT | ADX=19 | RSI=42 | MACD_H=-1.19 | ATR=7.1 | SL=7.2pts[STRUCT] | TP=9.8pts', 'entry_module': '', 'entry_reason': '', 'entry_type': 'ema21_pullback_short', 'atr': 7.062418510222484, 'atr_value': 7.062418510222484, 'adx_value': 18.96405446904683, 'market_state': 'DOWNTREND_PULLBACK', 'trend_label': '', 'trend_label_htf': '', 'session_type': 'RTH', 'entry_bar_index': 2412}"
ES,SHORT,2025-07-08 14:45:00-05:00,6269.0,2025-07-08 15:00:00-05:00,6270.75,1,-11.15,1.75,2.4,stop_loss,"{'signal_confidence': 0.7, 'signal_reason': 'EMA21_PB_SHORT | ADX=19 | RSI=43 | MACD_H=-0.51 | ATR=7.2 | SL=6.0pts[STRUCT] | TP=8.0pts', 'entry_module': '', 'entry_reason': '', 'entry_type': 'ema21_pullback_short', 'atr': 7.206636550199587, 'atr_value': 7.206636550199587, 'adx_value': 18.96413138784261, 'market_state': 'DOWNTREND_PULLBACK', 'trend_label': '', 'trend_label_htf': '', 'session_type': 'RTH', 'entry_bar_index': 2431}"
ES,LONG,2025-07-09 13:00:00-05:00,6291.75,2025-07-09 13:45:00-05:00,6299.75,1,37.6,8.0,2.4,take_profit,"{'signal_confidence': 0.7, 'signal_reason': 'EMA21_PB_LONG | ADX=19 | RSI=56 | MACD_H=-0.42 | ATR=7.3 | SL=6.0pts[STRUCT] | TP=8.0pts', 'entry_module': '', 'entry_reason': '', 'entry_type': 'ema21_pullback', 'atr': 7.318928950286848, 'atr_value': 7.318928950286848, 'adx_value': 18.858869921365027, 'market_state': 'UPTREND_PULLBACK', 'trend_label': '', 'trend_label_htf': '', 'session_type': 'RTH', 'entry_bar_index': 2516}"
ES,LONG,2025-07-09 14:00:00-05:00,6301.75,2025-07-09 15:00:00-05:00,6309.5,1,36.35,7.75,2.4,take_profit,"{'signal_confidence': 0.7, 'signal_reason': 'EMA21_PB_LONG | ADX=20 | RSI=65 | MACD_H=0.82 | ATR=7.0 | SL=6.0pts[STRUCT] | TP=8.0pts', 'entry_module': '', 'entry_reason': '', 'entry_type': 'ema21_pullback', 'atr': 7.038972817293385, 'atr_value': 7.038972817293385, 'adx_value': 20.09664362919338, 'market_state': 'UPTREND_PULLBACK', 'trend_label': '', 'trend_label_htf': '', 'session_type': 'RTH', 'entry_bar_index': 2520}"
ES,LONG,2025-07-10 09:45:00-05:00,6314.75,2025-07-10 11:45:00-05:00,6323.25,1,40.1,8.5,2.4,flatten,"{'signal_confidence': 0.7, 'signal_reason': 'EMA21_PB_LONG | ADX=25 | RSI=66 | MACD_H=0.23 | ATR=5.8 | SL=11.8pts[STRUCT] | TP=15.8pts', 'entry_module': '', 'entry_reason': '', 'entry_type': 'ema21_pullback', 'atr': 5.811091243583968, 'atr_value': 5.811091243583968, 'adx_value': 24.87043863803763, 'market_state': 'UPTREND_PULLBACK', 'trend_label': '', 'trend_label_htf': '', 'session_type': 'RTH', 'entry_bar_index': 2595}"
ES,LONG,2025-07-10 12:15:00-05:00,6326.0,2025-07-10 12:45:00-05:00,6334.25,1,38.85,8.25,2.4,take_profit,"{'signal_confidence': 0.7, 'signal_reason': 'TREND_CONT_LONG | ADX=33 | RSI=68 | MACD_H=0.88 | e9=6320.8 | #1 | SL=6.8pts | TP=8.5pts', 'entry_module': '', 'entry_reason': '', 'entry_type': 'trend_continuation_long', 'atr': 5.426524050584087, 'atr_value': 5.426524050584087, 'adx_value': 33.12519248488347, 'market_state': 'UPTREND_CONTINUATION', 'trend_label': '', 'trend_label_htf': '', 'session_type': 'RTH', 'entry_bar_index': 2605}"
ES,LONG,2025-07-10 13:00:00-05:00,6332.75,2025-07-10 14:45:00-05:00,6325.5,1,-38.65,7.25,2.4,stop_loss,"{'signal_confidence': 0.7, 'signal_reason': 'TREND_CONT_LONG | ADX=36 | RSI=74 | MACD_H=1.05 | e9=6325.5 | #2 | SL=6.7pts | TP=8.3pts', 'entry_module': '', 'entry_reason': '', 'entry_type': 'trend_continuation_long', 'atr': 5.332388243124359, 'atr_value': 5.332388243124359, 'adx_value': 36.204998909061466, 'market_state': 'UPTREND_CONTINUATION', 'trend_label': '', 'trend_label_htf': '', 'session_type': 'RTH', 'entry_bar_index': 2608}"
ES,SHORT,2025-07-15 10:45:00-05:00,6312.25,2025-07-15 11:00:00-05:00,6304.25,1,37.6,8.0,2.4,take_profit,"{'signal_confidence': 0.7, 'signal_reason': 'EMA21_PB_SHORT | ADX=30 | RSI=40 | MACD_H=-2.48 | ATR=8.3 | SL=6.0pts[STRUCT] | TP=8.0pts', 'entry_module': '', 'entry_reason': '', 'entry_type': 'ema21_pullback_short', 'atr': 8.330803001009498, 'atr_value': 8.330803001009498, 'adx_value': 30.08747217849406, 'market_state': 'DOWNTREND_PULLBACK', 'trend_label': '', 'trend_label_htf': '', 'session_type': 'RTH', 'entry_bar_index': 2875}"
ES,SHORT,2025-07-15 11:15:00-05:00,6305.25,2025-07-15 11:45:00-05:00,6295.75,1,45.1,9.5,2.4,take_profit,"{'signal_confidence': 0.7, 'signal_reason': 'EMA21_PB_SHORT | ADX=30 | RSI=36 | MACD_H=-2.03 | ATR=8.5 | SL=7.2pts[STRUCT] | TP=9.8pts', 'entry_module': '', 'entry_reason': '', 'entry_type': 'ema21_pullback_short', 'atr': 8.512274016176557, 'atr_value': 8.512274016176557, 'adx_value': 29.822189492848654, 'market_state': 'DOWNTREND_PULLBACK', 'trend_label': '', 'trend_label_htf': '', 'session_type': 'RTH', 'entry_bar_index': 2877}"
ES,LONG,2025-07-16 12:15:00-05:00,6297.5,2025-07-16 13:15:00-05:00,6289.5,1,-42.4,8.0,2.4,stop_loss,"{'signal_confidence': 0.7, 'signal_reason': 'EMA21_PB_LONG | ADX=26 | RSI=59 | MACD_H=0.71 | ATR=12.5 | SL=7.5pts[STRUCT] | TP=10.0pts', 'entry_module': '', 'entry_reason': '', 'entry_type': 'ema21_pullback', 'atr': 12.484738803326069, 'atr_value': 12.484738803326069, 'adx_value': 25.670991606328315, 'market_state': 'UPTREND_PULLBACK', 'trend_label': '', 'trend_label_htf': '', 'session_type': 'RTH', 'entry_bar_index': 2973}"
ES,LONG,2025-07-17 12:00:00-05:00,6329.75,2025-07-17 13:15:00-05:00,6337.5,1,36.35,7.75,2.4,take_profit,"{'signal_confidence': 0.7, 'signal_reason': 'EMA21_PB_LONG | ADX=20 | RSI=65 | MACD_H=0.80 | ATR=5.7 | SL=6.0pts[STRUCT] | TP=8.0pts', 'entry_module': '', 'entry_reason': '', 'entry_type': 'ema21_pullback', 'atr': 5.746613651526787, 'atr_value': 5.746613651526787, 'adx_value': 20.015476447452134, 'market_state': 'UPTREND_PULLBACK', 'trend_label': '', 'trend_label_htf': '', 'session_type': 'RTH', 'entry_bar_index': 3064}"
ES,LONG,2025-07-17 14:00:00-05:00,6341.25,2025-07-17 15:00:00-05:00,6341.5,1,-1.15,0.25,2.4,stop_loss,"{'signal_confidence': 0.7, 'signal_reason': 'TREND_CONT_LONG | ADX=25 | RSI=72 | MACD_H=0.42 | e9=6335.5 | #1 | SL=6.3pts | TP=7.9pts', 'entry_module': '', 'entry_reason': '', 'entry_type': 'trend_continuation_long', 'atr': 5.040386128543285, 'atr_value': 5.040386128543285, 'adx_value': 25.35479792598254, 'market_state': 'UPTREND_CONTINUATION', 'trend_label': '', 'trend_label_htf': '', 'session_type': 'RTH', 'entry_bar_index': 3072}"
ES,SHORT,2025-07-18 11:15:00-05:00,6335.75,2025-07-18 11:30:00-05:00,6327.75,1,37.6,8.0,2.4,take_profit,"{'signal_confidence': 0.7, 'signal_reason': 'EMA21_PB_SHORT | ADX=27 | RSI=42 | MACD_H=-0.31 | ATR=5.7 | SL=6.0pts[STRUCT] | TP=8.0pts', 'entry_module': '', 'entry_reason': '', 'entry_type': 'ema21_pullback_short', 'atr': 5.70174461491056, 'atr_value': 5.70174461491056, 'adx_value': 26.542655100155237, 'market_state': 'DOWNTREND_PULLBACK', 'trend_label': '', 'trend_label_htf': '', 'session_type': 'RTH', 'entry_bar_index': 3153}"
ES,SHORT,2025-07-18 12:00:00-05:00,6325.0,2025-07-18 12:30:00-05:00,6333.5,1,-44.9,8.5,2.4,stop_loss,"{'signal_confidence': 0.7, 'signal_reason': 'EMA21_PB_SHORT | ADX=31 | RSI=33 | MACD_H=-0.98 | ATR=6.5 | SL=8.0pts[STRUCT] | TP=10.8pts', 'entry_module': '', 'entry_reason': '', 'entry_type': 'ema21_pullback_short', 'atr': 6.50846680720062, 'atr_value': 6.50846680720062, 'adx_value': 30.53934130943974, 'market_state': 'DOWNTREND_PULLBACK', 'trend_label': '', 'trend_label_htf': '', 'session_type': 'RTH', 'entry_bar_index': 3156}"
ES,SHORT,2025-07-18 13:00:00-05:00,6329.5,2025-07-18 14:45:00-05:00,6336.0,1,-34.9,6.5,2.4,stop_loss,"{'signal_confidence': 0.7, 'signal_reason': 'EMA21_PB_SHORT | ADX=32 | RSI=42 | MACD_H=-0.23 | ATR=6.3 | SL=6.0pts[STRUCT] | TP=8.0pts', 'entry_module': '', 'entry_reason': '', 'entry_type': 'ema21_pullback_short', 'atr': 6.312762142869037, 'atr_value': 6.312762142869037, 'adx_value': 31.55505975315324, 'market_state': 'DOWNTREND_PULLBACK', 'trend_label': '', 'trend_label_htf': '', 'session_type': 'RTH', 'entry_bar_index': 3160}"
ES,SHORT,2025-07-22 10:15:00-05:00,6333.25,2025-07-22 12:15:00-05:00,6340.0,1,-36.15,6.75,2.4,stop_loss,"{'signal_confidence': 0.7, 'signal_reason': 'EMA21_PB_SHORT | ADX=31 | RSI=42 | MACD_H=-1.09 | ATR=6.4 | SL=6.0pts[STRUCT] | TP=8.0pts', 'entry_module': '', 'entry_reason': '', 'entry_type': 'ema21_pullback_short', 'atr': 6.420467716993156, 'atr_value': 6.420467716993156, 'adx_value': 30.688096352156318, 'market_state': 'DOWNTREND_PULLBACK', 'trend_label': '', 'trend_label_htf': '', 'session_type': 'RTH', 'entry_bar_index': 3333}"
ES,LONG,2025-07-22 14:30:00-05:00,6349.5,2025-07-22 15:00:00-05:00,6345.25,1,-23.65,4.25,2.4,stop_loss,"{'signal_confidence': 0.7, 'signal_reason': 'EMA21_PB_LONG | ADX=22 | RSI=61 | MACD_H=1.60 | ATR=6.6 | SL=6.0pts[STRUCT] | TP=8.0pts', 'entry_module': '', 'entry_reason': '', 'entry_type': 'ema21_pullback', 'atr': 6.6094868659029595, 'atr_value': 6.6094868659029595, 'adx_value': 21.828597218148467, 'market_state': 'UPTREND_PULLBACK', 'trend_label': '', 'trend_label_htf': '', 'session_type': 'RTH', 'entry_bar_index': 3350}"
ES,LONG,2025-07-23 11:45:00-05:00,6376.5,2025-07-23 12:45:00-05:00,6385.25,1,41.35,8.75,2.4,take_profit,"{'signal_confidence': 0.7, 'signal_reason': 'EMA21_PB_LONG | ADX=22 | RSI=60 | MACD_H=1.39 | ATR=6.8 | SL=6.8pts[STRUCT] | TP=9.0pts', 'entry_module': '', 'entry_reason': '', 'entry_type': 'ema21_pullback', 'atr': 6.765912563065705, 'atr_value': 6.765912563065705, 'adx_value': 21.71134131842544, 'market_state': 'UPTREND_PULLBACK', 'trend_label': '', 'trend_label_htf': '', 'session_type': 'RTH', 'entry_bar_index': 3431}"
ES,LONG,2025-07-23 13:45:00-05:00,6391.0,2025-07-23 15:00:00-05:00,6400.75,1,46.35,9.75,2.4,take_profit,"{'signal_confidence': 0.7, 'signal_reason': 'EMA9_PB_LONG | ADX=27 | RSI=69 | ATR=6.7 | SL=8.0pts | TP=10.0pts', 'entry_module': '', 'entry_reason': '', 'entry_type': 'ema9_pullback', 'atr': 6.73676399660369, 'atr_value': 6.73676399660369, 'adx_value': 27.09902697742913, 'market_state': 'UPTREND_PULLBACK', 'trend_label': '', 'trend_label_htf': '', 'session_type': 'RTH', 'entry_bar_index': 3439}"
ES,LONG,2025-07-24 11:00:00-05:00,6412.0,2025-07-24 11:15:00-05:00,6404.0,1,-42.4,8.0,2.4,stop_loss,"{'signal_confidence': 0.7, 'signal_reason': 'EMA21_PB_LONG | ADX=19 | RSI=60 | MACD_H=1.08 | ATR=5.2 | SL=6.0pts[STRUCT] | TP=8.0pts', 'entry_module': '', 'entry_reason': '', 'entry_type': 'ema21_pullback', 'atr': 5.173358915621294, 'atr_value': 5.173358915621294, 'adx_value': 19.08009303172529, 'market_state': 'UPTREND_PULLBACK', 'trend_label': '', 'trend_label_htf': '', 'session_type': 'RTH', 'entry_bar_index': 3520}"
ES,SHORT,2025-07-29 12:30:00-05:00,6414.75,2025-07-29 12:45:00-05:00,6405.75,1,42.6,9.0,2.4,take_profit,"{'signal_confidence': 0.7, 'signal_reason': 'EMA21_PB_SHORT | ADX=38 | RSI=39 | MACD_H=-0.11 | ATR=5.9 | SL=6.0pts[STRUCT] | TP=8.0pts', 'entry_module': '', 'entry_reason': '', 'entry_type': 'ema21_pullback_short', 'atr': 5.917284942864119, 'atr_value': 5.917284942864119, 'adx_value': 38.01337765231683, 'market_state': 'DOWNTREND_PULLBACK', 'trend_label': '', 'trend_label_htf': '', 'session_type': 'RTH', 'entry_bar_index': 3802}"
ES,SHORT,2025-07-29 13:15:00-05:00,6407.75,2025-07-29 14:30:00-05:00,6399.75,1,37.6,8.0,2.4,take_profit,"{'signal_confidence': 0.7, 'signal_reason': 'EMA21_PB_SHORT | ADX=40 | RSI=35 | MACD_H=-0.27 | ATR=6.4 | SL=6.0pts[STRUCT] | TP=8.0pts', 'entry_module': '', 'entry_reason': '', 'entry_type': 'ema21_pullback_short', 'atr': 6.437964657242153, 'atr_value': 6.437964657242153, 'adx_value': 39.81924278467586, 'market_state': 'DOWNTREND_PULLBACK', 'trend_label': '', 'trend_label_htf': '', 'session_type': 'RTH', 'entry_bar_index': 3805}"
ES,SHORT,2025-07-30 09:15:00-05:00,6409.25,2025-07-30 09:30:00-05:00,6416.0,1,-36.15,6.75,2.4,stop_loss,"{'signal_confidence': 0.7, 'signal_reason': 'EMA21_PB_SHORT | ADX=21 | RSI=43 | MACD_H=-0.28 | ATR=4.5 | SL=6.0pts[STRUCT] | TP=8.0pts', 'entry_module': '', 'entry_reason': '', 'entry_type': 'ema21_pullback_short', 'atr': 4.5461164478577105, 'atr_value': 4.5461164478577105, 'adx_value': 20.788122316477903, 'market_state': 'DOWNTREND_PULLBACK', 'trend_label': '', 'trend_label_htf': '', 'session_type': 'RTH', 'entry_bar_index': 3881}"
ES,SHORT,2025-07-31 09:45:00-05:00,6436.0,2025-07-31 10:00:00-05:00,6417.75,1,88.85,18.25,2.4,take_profit,"{'signal_confidence': 0.7, 'signal_reason': 'EMA21_PB_SHORT | ADX=31 | RSI=35 | MACD_H=-1.77 | ATR=7.6 | SL=7.5pts[STRUCT] | TP=10.0pts', 'entry_module': '', 'entry_reason': '', 'entry_type': 'ema21_pullback_short', 'atr': 7.627747680633049, 'atr_value': 7.627747680633049, 'adx_value': 31.059660726202402, 'market_state': 'DOWNTREND_PULLBACK', 'trend_label': '', 'trend_label_htf': '', 'session_type': 'RTH', 'entry_bar_index': 3975}"
ES,SHORT,2025-07-31 12:00:00-05:00,6429.75,2025-07-31 12:15:00-05:00,6422.0,1,36.35,7.75,2.4,take_profit,"{'signal_confidence': 0.7, 'signal_reason': 'EMA21_PB_SHORT | ADX=38 | RSI=43 | MACD_H=0.44 | ATR=8.6 | SL=6.0pts[STRUCT] | TP=8.0pts', 'entry_module': '', 'entry_reason': '', 'entry_type': 'ema21_pullback_short', 'atr': 8.601014787452186, 'atr_value': 8.601014787452186, 'adx_value': 38.19589437380574, 'market_state': 'DOWNTREND_PULLBACK', 'trend_label': '', 'trend_label_htf': '', 'session_type': 'RTH', 'entry_bar_index': 3984}"
ES,LONG,2025-08-06 12:00:00-05:00,6367.75,2025-08-06 13:00:00-05:00,6375.5,1,36.35,7.75,2.4,take_profit,"{'signal_confidence': 0.7, 'signal_reason': 'EMA21_PB_LONG | ADX=25 | RSI=66 | MACD_H=2.53 | ATR=8.9 | SL=6.0pts[STRUCT] | TP=8.0pts', 'entry_module': '', 'entry_reason': '', 'entry_type': 'ema21_pullback', 'atr': 8.859064642770443, 'atr_value': 8.859064642770443, 'adx_value': 25.278681596392012, 'market_state': 'UPTREND_PULLBACK', 'trend_label': '', 'trend_label_htf': '', 'session_type': 'RTH', 'entry_bar_index': 4352}"
ES,LONG,2025-08-06 13:15:00-05:00,6373.25,2025-08-06 15:00:00-05:00,6371.5,1,-11.15,1.75,2.4,stop_loss,"{'signal_confidence': 0.7, 'signal_reason': 'EMA21_PB_LONG | ADX=29 | RSI=67 | MACD_H=0.84 | ATR=8.1 | SL=6.5pts[STRUCT] | TP=8.8pts', 'entry_module': '', 'entry_reason': '', 'entry_type': 'ema21_pullback', 'atr': 8.106187969313691, 'atr_value': 8.106187969313691, 'adx_value': 28.559147045037857, 'market_state': 'UPTREND_PULLBACK', 'trend_label': '', 'trend_label_htf': '', 'session_type': 'RTH', 'entry_bar_index': 4357}"
ES,LONG,2025-08-08 10:15:00-05:00,6406.25,2025-08-08 10:30:00-05:00,6397.0,1,-48.65,9.25,2.4,stop_loss,"{'signal_confidence': 0.7, 'signal_reason': 'EMA21_PB_LONG | ADX=29 | RSI=69 | MACD_H=2.08 | ATR=6.1 | SL=8.5pts[STRUCT] | TP=11.2pts', 'entry_module': '', 'entry_reason': '', 'entry_type': 'ema21_pullback', 'atr': 6.143818978303186, 'atr_value': 6.143818978303186, 'adx_value': 29.439659772505003, 'market_state': 'UPTREND_PULLBACK', 'trend_label': '', 'trend_label_htf': '', 'session_type': 'RTH', 'entry_bar_index': 4529}"
ES,LONG,2025-08-08 11:30:00-05:00,6411.5,2025-08-08 13:30:00-05:00,6414.5,1,12.6,3.0,2.4,flatten,"{'signal_confidence': 0.7, 'signal_reason': 'EMA9_PB_LONG | ADX=27 | RSI=65 | ATR=7.1 | SL=8.0pts | TP=10.0pts', 'entry_module': '', 'entry_reason': '', 'entry_type': 'ema9_pullback', 'atr': 7.094028864295987, 'atr_value': 7.094028864295987, 'adx_value': 26.523942740807684, 'market_state': 'UPTREND_PULLBACK', 'trend_label': '', 'trend_label_htf': '', 'session_type': 'RTH', 'entry_bar_index': 4534}"
ES,LONG,2025-08-08 14:30:00-05:00,6415.5,2025-08-08 14:45:00-05:00,6406.25,1,-48.65,9.25,2.4,stop_loss,"{'signal_confidence': 0.7, 'signal_reason': 'EMA21_PB_LONG | ADX=23 | RSI=64 | MACD_H=-0.22 | ATR=5.8 | SL=6.0pts[STRUCT] | TP=8.0pts', 'entry_module': '', 'entry_reason': '', 'entry_type': 'ema21_pullback', 'atr': 5.820672113578236, 'atr_value': 5.820672113578236, 'adx_value': 23.487335050479942, 'market_state': 'UPTREND_PULLBACK', 'trend_label': '', 'trend_label_htf': '', 'session_type': 'RTH', 'entry_bar_index': 4546}"
ES,LONG,2025-08-12 09:45:00-05:00,6435.25,2025-08-12 10:00:00-05:00,6447.0,1,56.35,11.75,2.4,take_profit,"{'signal_confidence': 0.7, 'signal_reason': 'EMA9_PB_LONG | ADX=30 | RSI=67 | ATR=9.9 | SL=9.9pts | TP=12.3pts', 'entry_module': '', 'entry_reason': '', 'entry_type': 'ema9_pullback', 'atr': 9.865352747542547, 'atr_value': 9.865352747542547, 'adx_value': 29.85435023387932, 'market_state': 'UPTREND_PULLBACK', 'trend_label': '', 'trend_label_htf': '', 'session_type': 'RTH', 'entry_bar_index': 4711}"
ES,LONG,2025-08-13 13:15:00-05:00,6481.5,2025-08-13 13:30:00-05:00,6473.0,1,-44.9,8.5,2.4,stop_loss,"{'signal_confidence': 0.7, 'signal_reason': 'EMA21_PB_LONG | ADX=24 | RSI=54 | MACD_H=-0.14 | ATR=7.0 | SL=8.2pts[STRUCT] | TP=11.0pts', 'entry_module': '', 'entry_reason': '', 'entry_type': 'ema21_pullback', 'atr': 7.00957789190778, 'atr_value': 7.00957789190778, 'adx_value': 24.027266678424535, 'market_state': 'UPTREND_PULLBACK', 'trend_label': '', 'trend_label_htf': '', 'session_type': 'RTH', 'entry_bar_index': 4817}"
ES,LONG,2025-08-13 14:00:00-05:00,6480.75,2025-08-13 14:45:00-05:00,6488.25,1,35.1,7.5,2.4,take_profit,"{'signal_confidence': 0.7, 'signal_reason': 'EMA21_PB_LONG | ADX=21 | RSI=53 | MACD_H=0.61 | ATR=6.9 | SL=6.0pts[STRUCT] | TP=8.0pts', 'entry_module': '', 'entry_reason': '', 'entry_type': 'ema21_pullback', 'atr': 6.898065826720624, 'atr_value': 6.898065826720624, 'adx_value': 20.872147294144128, 'market_state': 'UPTREND_PULLBACK', 'trend_label': '', 'trend_label_htf': '', 'session_type': 'RTH', 'entry_bar_index': 4820}"
ES,SHORT,2025-08-14 09:15:00-05:00,6477.25,2025-08-14 09:30:00-05:00,6483.5,1,-33.65,6.25,2.4,stop_loss,"{'signal_confidence': 0.7, 'signal_reason': 'EMA21_PB_SHORT | ADX=24 | RSI=46 | MACD_H=-0.80 | ATR=6.7 | SL=6.0pts[STRUCT] | TP=8.0pts', 'entry_module': '', 'entry_reason': '', 'entry_type': 'ema21_pullback_short', 'atr': 6.703676418954863, 'atr_value': 6.703676418954863, 'adx_value': 24.22935318638683, 'market_state': 'DOWNTREND_PULLBACK', 'trend_label': '', 'trend_label_htf': '', 'session_type': 'RTH', 'entry_bar_index': 4893}"
ES,SHORT,2025-08-15 11:30:00-05:00,6469.25,2025-08-15 11:45:00-05:00,6476.75,1,-39.9,7.5,2.4,stop_loss,"{'signal_confidence': 0.7, 'signal_reason': 'EMA21_PB_SHORT | ADX=45 | RSI=36 | MACD_H=-1.12 | ATR=7.7 | SL=7.0pts[STRUCT] | TP=9.2pts', 'entry_module': '', 'entry_reason': '', 'entry_type': 'ema21_pullback_short', 'atr': 7.72234954804439, 'atr_value': 7.72234954804439, 'adx_value': 44.95125664531879, 'market_state': 'DOWNTREND_PULLBACK', 'trend_label': '', 'trend_label_htf': '', 'session_type': 'RTH', 'entry_bar_index': 4994}"
ES,SHORT,2025-08-15 15:00:00-05:00,6471.5,2025-08-17 17:30:00-05:00,6479.0,1,-39.9,7.5,2.4,stop_loss,"{'signal_confidence': 0.7, 'signal_reason': 'EMA21_PB_SHORT | ADX=37 | RSI=39 | MACD_H=0.25 | ATR=6.9 | SL=7.2pts[STRUCT] | TP=9.8pts', 'entry_module': '', 'entry_reason': '', 'entry_type': 'ema21_pullback_short', 'atr': 6.936216892362361, 'atr_value': 6.936216892362361, 'adx_value': 37.45823054880038, 'market_state': 'DOWNTREND_PULLBACK', 'trend_label': '', 'trend_label_htf': '', 'session_type': 'RTH', 'entry_bar_index': 5008}"
ES,SHORT,2025-08-19 10:45:00-05:00,6447.5,2025-08-19 11:00:00-05:00,6439.75,1,36.35,7.75,2.4,take_profit,"{'signal_confidence': 0.7, 'signal_reason': 'EMA21_PB_SHORT | ADX=21 | RSI=36 | MACD_H=-2.11 | ATR=7.1 | SL=6.2pts[STRUCT] | TP=8.2pts', 'entry_module': '', 'entry_reason': '', 'entry_type': 'ema21_pullback_short', 'atr': 7.082504203929345, 'atr_value': 7.082504203929345, 'adx_value': 21.03999453407258, 'market_state': 'DOWNTREND_PULLBACK', 'trend_label': '', 'trend_label_htf': '', 'session_type': 'RTH', 'entry_bar_index': 5175}"
ES,SHORT,2025-08-20 10:45:00-05:00,6396.25,2025-08-20 11:00:00-05:00,6385.0,1,53.85,11.25,2.4,take_profit,"{'signal_confidence': 0.7, 'signal_reason': 'EMA21_PB_SHORT | ADX=31 | RSI=45 | MACD_H=-1.97 | ATR=9.9 | SL=6.8pts[STRUCT] | TP=9.0pts', 'entry_module': '', 'entry_reason': '', 'entry_type': 'ema21_pullback_short', 'atr': 9.890895827316786, 'atr_value': 9.890895827316786, 'adx_value': 30.903035617266433, 'market_state': 'DOWNTREND_PULLBACK', 'trend_label': '', 'trend_label_htf': '', 'session_type': 'RTH', 'entry_bar_index': 5267}"
ES,LONG,2025-08-27 09:15:00-05:00,6487.25,2025-08-27 11:15:00-05:00,6493.0,1,26.35,5.75,2.4,flatten,"{'signal_confidence': 0.7, 'signal_reason': 'EMA21_PB_LONG | ADX=20 | RSI=56 | MACD_H=-0.03 | ATR=4.2 | SL=6.5pts[STRUCT] | TP=8.8pts', 'entry_module': '', 'entry_reason': '', 'entry_type': 'ema21_pullback', 'atr': 4.220084305120015, 'atr_value': 4.220084305120015, 'adx_value': 19.87012352552508, 'market_state': 'UPTREND_PULLBACK', 'trend_label': '', 'trend_label_htf': '', 'session_type': 'RTH', 'entry_bar_index': 5721}"
ES,SHORT,2025-08-28 09:15:00-05:00,6491.0,2025-08-28 09:30:00-05:00,6497.5,1,-34.9,6.5,2.4,stop_loss,"{'signal_confidence': 0.7, 'signal_reason': 'OR_BREAK_SHORT | ADX=20 | OR_L=6496.00 | SL=6.0pt | TP=8.0pt', 'entry_module': '', 'entry_reason': '', 'entry_type': 'or_breakdown', 'atr': 6.324628132000346, 'atr_value': 6.324628132000346, 'adx_value': 20.236955081590423, 'market_state': 'OR_BREAKDOWN', 'trend_label': '', 'trend_label_htf': '', 'session_type': 'RTH', 'entry_bar_index': 5813}"
ES,LONG,2025-08-28 12:30:00-05:00,6509.25,2025-08-28 13:30:00-05:00,6517.0,1,36.35,7.75,2.4,take_profit,"{'signal_confidence': 0.7, 'signal_reason': 'EMA21_PB_LONG | ADX=18 | RSI=60 | MACD_H=1.29 | ATR=7.1 | SL=6.0pts[STRUCT] | TP=8.0pts', 'entry_module': '', 'entry_reason': '', 'entry_type': 'ema21_pullback', 'atr': 7.0561744012660546, 'atr_value': 7.0561744012660546, 'adx_value': 18.17975891622475, 'market_state': 'UPTREND_PULLBACK', 'trend_label': '', 'trend_label_htf': '', 'session_type': 'RTH', 'entry_bar_index': 5826}"
ES,LONG,2025-08-28 14:00:00-05:00,6517.75,2025-08-28 15:00:00-05:00,6517.0,1,-6.15,0.75,2.4,stop_loss,"{'signal_confidence': 0.7, 'signal_reason': 'TREND_CONT_LONG | ADX=26 | RSI=67 | MACD_H=1.34 | e9=6511.9 | #1 | SL=7.0pts | TP=8.8pts', 'entry_module': '', 'entry_reason': '', 'entry_type': 'trend_continuation_long', 'atr': 5.637930591685944, 'atr_value': 5.637930591685944, 'adx_value': 25.564833628784303, 'market_state': 'UPTREND_CONTINUATION', 'trend_label': '', 'trend_label_htf': '', 'session_type': 'RTH', 'entry_bar_index': 5832}"
ES,SHORT,2025-08-29 11:30:00-05:00,6465.75,2025-08-29 11:45:00-05:00,6473.75,1,-42.4,8.0,2.4,stop_loss,"{'signal_confidence': 0.7, 'signal_reason': 'EMA21_PB_SHORT | ADX=43 | RSI=34 | MACD_H=-0.94 | ATR=7.4 | SL=6.0pts[STRUCT] | TP=8.0pts', 'entry_module': '', 'entry_reason': '', 'entry_type': 'ema21_pullback_short', 'atr': 7.435779192920971, 'atr_value': 7.435779192920971, 'adx_value': 43.385038405362295, 'market_state': 'DOWNTREND_PULLBACK', 'trend_label': '', 'trend_label_htf': '', 'session_type': 'RTH', 'entry_bar_index': 5914}"
ES,SHORT,2025-08-29 12:00:00-05:00,6471.0,2025-08-29 12:15:00-05:00,6462.5,1,40.1,8.5,2.4,take_profit,"{'signal_confidence': 0.7, 'signal_reason': 'EMA21_PB_SHORT | ADX=42 | RSI=41 | MACD_H=0.38 | ATR=7.3 | SL=6.0pts[STRUCT] | TP=8.0pts', 'entry_module': '', 'entry_reason': '', 'entry_type': 'ema21_pullback_short', 'atr': 7.264778997977777, 'atr_value': 7.264778997977777, 'adx_value': 41.92077355283465, 'market_state': 'DOWNTREND_PULLBACK', 'trend_label': '', 'trend_label_htf': '', 'session_type': 'RTH', 'entry_bar_index': 5916}"
ES,SHORT,2025-09-03 11:15:00-05:00,6444.5,2025-09-03 11:45:00-05:00,6437.0,1,35.1,7.5,2.4,take_profit,"{'signal_confidence': 0.7, 'signal_reason': 'OR_BREAK_SHORT | ADX=18 | OR_L=6445.75 | SL=6.0pt | TP=8.0pt', 'entry_module': '', 'entry_reason': '', 'entry_type': 'or_breakdown', 'atr': 7.9453564027463575, 'atr_value': 7.9453564027463575, 'adx_value': 18.13913479084971, 'market_state': 'OR_BREAKDOWN', 'trend_label': '', 'trend_label_htf': '', 'session_type': 'RTH', 'entry_bar_index': 6173}"
ES,SHORT,2025-09-03 14:15:00-05:00,6429.25,2025-09-03 14:30:00-05:00,6435.75,1,-34.9,6.5,2.4,stop_loss,"{'signal_confidence': 0.7, 'signal_reason': 'EMA21_PB_SHORT | ADX=20 | RSI=37 | MACD_H=-1.54 | ATR=7.9 | SL=6.0pts[STRUCT] | TP=8.0pts', 'entry_module': '', 'entry_reason': '', 'entry_type': 'ema21_pullback_short', 'atr': 7.881463802307461, 'atr_value': 7.881463802307461, 'adx_value': 20.071873613125895, 'market_state': 'DOWNTREND_PULLBACK', 'trend_label': '', 'trend_label_htf': '', 'session_type': 'RTH', 'entry_bar_index': 6185}"
ES,LONG,2025-09-04 11:45:00-05:00,6481.5,2025-09-04 12:00:00-05:00,6489.0,1,35.1,7.5,2.4,take_profit,"{'signal_confidence': 0.7, 'signal_reason': 'EMA21_PB_LONG | ADX=19 | RSI=59 | MACD_H=1.06 | ATR=6.3 | SL=6.0pts[STRUCT] | TP=8.0pts', 'entry_module': '', 'entry_reason': '', 'entry_type': 'ema21_pullback', 'atr': 6.287992237869208, 'atr_value': 6.287992237869208, 'adx_value': 18.792224519425204, 'market_state': 'UPTREND_PULLBACK', 'trend_label': '', 'trend_label_htf': '', 'session_type': 'RTH', 'entry_bar_index': 6267}"
ES,LONG,2025-09-04 12:15:00-05:00,6485.25,2025-09-04 12:45:00-05:00,6493.0,1,36.35,7.75,2.4,take_profit,"{'signal_confidence': 0.7, 'signal_reason': 'EMA21_PB_LONG | ADX=20 | RSI=63 | MACD_H=0.77 | ATR=6.4 | SL=6.0pts[STRUCT] | TP=8.0pts', 'entry_module': '', 'entry_reason': '', 'entry_type': 'ema21_pullback', 'atr': 6.4307177969382465, 'atr_value': 6.4307177969382465, 'adx_value': 20.43125433267369, 'market_state': 'UPTREND_PULLBACK', 'trend_label': '', 'trend_label_htf': '', 'session_type': 'RTH', 'entry_bar_index': 6269}"
ES,LONG,2025-09-04 13:15:00-05:00,6496.25,2025-09-04 14:45:00-05:00,6505.25,1,42.6,9.0,2.4,take_profit,"{'signal_confidence': 0.7, 'signal_reason': 'TREND_CONT_LONG | ADX=26 | RSI=71 | MACD_H=1.36 | e9=6487.9 | #1 | SL=7.5pts | TP=9.4pts', 'entry_module': '', 'entry_reason': '', 'entry_type': 'trend_continuation_long', 'atr': 6.035050005163298, 'atr_value': 6.035050005163298, 'adx_value': 26.342290202861367, 'market_state': 'UPTREND_CONTINUATION', 'trend_label': '', 'trend_label_htf': '', 'session_type': 'RTH', 'entry_bar_index': 6273}"
ES,LONG,2025-09-04 15:00:00-05:00,6511.5,2025-09-04 20:15:00-05:00,6520.75,1,43.85,9.25,2.4,take_profit,"{'signal_confidence': 0.7, 'signal_reason': 'TREND_CONT_LONG | ADX=38 | RSI=77 | MACD_H=1.55 | e9=6499.9 | #2 | SL=7.6pts | TP=9.4pts', 'entry_module': '', 'entry_reason': '', 'entry_type': 'trend_continuation_long', 'atr': 6.04498677507997, 'atr_value': 6.04498677507997, 'adx_value': 37.85362263193523, 'market_state': 'UPTREND_CONTINUATION', 'trend_label': '', 'trend_label_htf': '', 'session_type': 'RTH', 'entry_bar_index': 6280}"
ES,SHORT,2025-09-05 12:30:00-05:00,6477.25,2025-09-05 12:45:00-05:00,6467.75,1,45.1,9.5,2.4,take_profit,"{'signal_confidence': 0.7, 'signal_reason': 'EMA21_PB_SHORT | ADX=36 | RSI=39 | MACD_H=-0.29 | ATR=11.4 | SL=7.2pts[STRUCT] | TP=9.8pts', 'entry_module': '', 'entry_reason': '', 'entry_type': 'ema21_pullback_short', 'atr': 11.438595775343988, 'atr_value': 11.438595775343988, 'adx_value': 36.22181881837134, 'market_state': 'DOWNTREND_PULLBACK', 'trend_label': '', 'trend_label_htf': '', 'session_type': 'RTH', 'entry_bar_index': 6362}"
ES,SHORT,2025-09-09 10:45:00-05:00,6498.0,2025-09-09 11:00:00-05:00,6506.25,1,-43.65,8.25,2.4,stop_loss,"{'signal_confidence': 0.7, 'signal_reason': 'EMA21_PB_SHORT | ADX=22 | RSI=39 | MACD_H=-0.98 | ATR=6.5 | SL=8.0pts[STRUCT] | TP=10.8pts', 'entry_module': '', 'entry_reason': '', 'entry_type': 'ema21_pullback_short', 'atr': 6.514244110957061, 'atr_value': 6.514244110957061, 'adx_value': 22.03035228828329, 'market_state': 'DOWNTREND_PULLBACK', 'trend_label': '', 'trend_label_htf': '', 'session_type': 'RTH', 'entry_bar_index': 6539}"
ES,LONG,2025-09-10 09:15:00-05:00,6560.75,2025-09-10 09:30:00-05:00,6552.5,1,-43.65,8.25,2.4,stop_loss,"{'signal_confidence': 0.7, 'signal_reason': 'TREND_CONT_LONG | ADX=34 | RSI=72 | MACD_H=1.31 | e9=6552.1 | #1 | SL=7.7pts | TP=9.6pts', 'entry_module': '', 'entry_reason': '', 'entry_type': 'trend_continuation_long', 'atr': 6.164497392029578, 'atr_value': 6.164497392029578, 'adx_value': 34.37041892374626, 'market_state': 'UPTREND_CONTINUATION', 'trend_label': '', 'trend_label_htf': '', 'session_type': 'RTH', 'entry_bar_index': 6625}"
ES,SHORT,2025-09-10 12:30:00-05:00,6539.0,2025-09-10 13:15:00-05:00,6531.5,1,35.1,7.5,2.4,take_profit,"{'signal_confidence': 0.7, 'signal_reason': 'OR_BREAK_SHORT | ADX=20 | OR_L=6543.75 | SL=6.0pt | TP=8.0pt', 'entry_module': '', 'entry_reason': '', 'entry_type': 'or_breakdown', 'atr': 6.931505041941042, 'atr_value': 6.931505041941042, 'adx_value': 19.732309395160456, 'market_state': 'OR_BREAKDOWN', 'trend_label': '', 'trend_label_htf': '', 'session_type': 'RTH', 'entry_bar_index': 6638}"
ES,LONG,2025-09-11 09:15:00-05:00,6573.25,2025-09-11 09:30:00-05:00,6583.5,1,48.85,10.25,2.4,take_profit,"{'signal_confidence': 0.7, 'signal_reason': 'TREND_CONT_LONG | ADX=26 | RSI=73 | MACD_H=1.76 | e9=6560.9 | #1 | SL=8.4pts | TP=10.5pts', 'entry_module': '', 'entry_reason': '', 'entry_type': 'trend_continuation_long', 'atr': 6.729038209042927, 'atr_value': 6.729038209042927, 'adx_value': 25.5498049499796, 'market_state': 'UPTREND_CONTINUATION', 'trend_label': '', 'trend_label_htf': '', 'session_type': 'RTH', 'entry_bar_index': 6717}"
ES,LONG,2025-09-11 10:15:00-05:00,6585.0,2025-09-11 12:15:00-05:00,6590.0,1,22.6,5.0,2.4,flatten,"{'signal_confidence': 0.7, 'signal_reason': 'TREND_CONT_LONG | ADX=31 | RSI=76 | MACD_H=3.05 | e9=6573.9 | #2 | SL=8.6pts | TP=10.7pts', 'entry_module': '', 'entry_reason': '', 'entry_type': 'trend_continuation_long', 'atr': 6.841864334872842, 'atr_value': 6.841864334872842, 'adx_value': 30.61910996230384, 'market_state': 'UPTREND_CONTINUATION', 'trend_label': '', 'trend_label_htf': '', 'session_type': 'RTH', 'entry_bar_index': 6721}"
ES,LONG,2025-09-11 13:00:00-05:00,6592.25,2025-09-11 15:00:00-05:00,6592.0,1,-3.65,0.25,2.4,stop_loss,"{'signal_confidence': 0.7, 'signal_reason': 'EMA21_PB_LONG | ADX=37 | RSI=71 | MACD_H=-0.30 | ATR=6.2 | SL=6.0pts[STRUCT] | TP=8.0pts', 'entry_module': '', 'entry_reason': '', 'entry_type': 'ema21_pullback', 'atr': 6.225492266510537, 'atr_value': 6.225492266510537, 'adx_value': 36.664633242033304, 'market_state': 'UPTREND_PULLBACK', 'trend_label': '', 'trend_label_htf': '', 'session_type': 'RTH', 'entry_bar_index': 6732}"
ES,SHORT,2025-09-17 09:15:00-05:00,6663.25,2025-09-17 11:15:00-05:00,6657.75,1,25.1,5.5,2.4,flatten,"{'signal_confidence': 0.7, 'signal_reason': 'EMA21_PB_SHORT | ADX=32 | RSI=44 | MACD_H=0.23 | ATR=4.6 | SL=6.0pts[STRUCT] | TP=8.0pts', 'entry_module': '', 'entry_reason': '', 'entry_type': 'ema21_pullback_short', 'atr': 4.564439038652231, 'atr_value': 4.564439038652231, 'adx_value': 31.795339506341513, 'market_state': 'DOWNTREND_PULLBACK', 'trend_label': '', 'trend_label_htf': '', 'session_type': 'RTH', 'entry_bar_index': 7085}"
ES,SHORT,2025-09-17 11:45:00-05:00,6654.0,2025-09-17 12:30:00-05:00,6660.75,1,-36.15,6.75,2.4,stop_loss,"{'signal_confidence': 0.7, 'signal_reason': 'EMA21_PB_SHORT | ADX=24 | RSI=35 | MACD_H=-0.80 | ATR=5.0 | SL=6.0pts[STRUCT] | TP=8.0pts', 'entry_module': '', 'entry_reason': '', 'entry_type': 'ema21_pullback_short', 'atr': 5.029142210883333, 'atr_value': 5.029142210883333, 'adx_value': 23.878431836918136, 'market_state': 'DOWNTREND_PULLBACK', 'trend_label': '', 'trend_label_htf': '', 'session_type': 'RTH', 'entry_bar_index': 7095}"
ES,LONG,2025-09-18 10:30:00-05:00,6701.75,2025-09-18 10:45:00-05:00,6694.75,1,-37.4,7.0,2.4,stop_loss,"{'signal_confidence': 0.7, 'signal_reason': 'EMA21_PB_LONG | ADX=26 | RSI=51 | MACD_H=-0.26 | ATR=9.6 | SL=6.2pts[STRUCT] | TP=8.2pts', 'entry_module': '', 'entry_reason': '', 'entry_type': 'ema21_pullback', 'atr': 9.558664329012013, 'atr_value': 9.558664329012013, 'adx_value': 25.620635405737552, 'market_state': 'UPTREND_PULLBACK', 'trend_label': '', 'trend_label_htf': '', 'session_type': 'RTH', 'entry_bar_index': 7182}"
ES,SHORT,2025-09-23 12:00:00-05:00,6733.75,2025-09-23 12:15:00-05:00,6723.75,1,47.6,10.0,2.4,take_profit,"{'signal_confidence': 0.7, 'signal_reason': 'EMA21_PB_SHORT | ADX=24 | RSI=26 | MACD_H=-1.53 | ATR=5.2 | SL=7.8pts[STRUCT] | TP=10.2pts', 'entry_module': '', 'entry_reason': '', 'entry_type': 'ema21_pullback_short', 'atr': 5.243055860836156, 'atr_value': 5.243055860836156, 'adx_value': 23.87797211071125, 'market_state': 'DOWNTREND_PULLBACK', 'trend_label': '', 'trend_label_htf': '', 'session_type': 'RTH', 'entry_bar_index': 7464}"
ES,SHORT,2025-09-24 10:00:00-05:00,6711.25,2025-09-24 10:45:00-05:00,6700.75,1,50.1,10.5,2.4,take_profit,"{'signal_confidence': 0.7, 'signal_reason': 'EMA21_PB_SHORT | ADX=24 | RSI=36 | MACD_H=-1.56 | ATR=5.3 | SL=8.0pts[STRUCT] | TP=10.8pts', 'entry_module': '', 'entry_reason': '', 'entry_type': 'ema21_pullback_short', 'atr': 5.3447049369465915, 'atr_value': 5.3447049369465915, 'adx_value': 24.127983958437092, 'market_state': 'DOWNTREND_PULLBACK', 'trend_label': '', 'trend_label_htf': '', 'session_type': 'RTH', 'entry_bar_index': 7548}"
ES,SHORT,2025-09-24 12:45:00-05:00,6690.25,2025-09-24 14:45:00-05:00,6688.75,1,5.1,1.5,2.4,flatten,"{'signal_confidence': 0.7, 'signal_reason': 'EMA21_PB_SHORT | ADX=39 | RSI=36 | MACD_H=-0.91 | ATR=7.5 | SL=9.8pts[STRUCT] | TP=13.0pts', 'entry_module': '', 'entry_reason': '', 'entry_type': 'ema21_pullback_short', 'atr': 7.52460247203312, 'atr_value': 7.52460247203312, 'adx_value': 39.201107616136824, 'market_state': 'DOWNTREND_PULLBACK', 'trend_label': '', 'trend_label_htf': '', 'session_type': 'RTH', 'entry_bar_index': 7559}"
ES,SHORT,2025-09-25 12:30:00-05:00,6653.0,2025-09-25 12:45:00-05:00,6639.5,1,65.1,13.5,2.4,take_profit,"{'signal_confidence': 0.7, 'signal_reason': 'EMA21_PB_SHORT | ADX=40 | RSI=41 | MACD_H=0.46 | ATR=10.8 | SL=10.2pts[STRUCT] | TP=13.8pts', 'entry_module': '', 'entry_reason': '', 'entry_type': 'ema21_pullback_short', 'atr': 10.82063368581821, 'atr_value': 10.82063368581821, 'adx_value': 40.37156317487343, 'market_state': 'DOWNTREND_PULLBACK', 'trend_label': '', 'trend_label_htf': '', 'session_type': 'RTH', 'entry_bar_index': 7650}"
ES,LONG,2025-09-26 12:15:00-05:00,6695.25,2025-09-26 14:15:00-05:00,6693.5,1,-11.15,1.75,2.4,flatten,"{'signal_confidence': 0.7, 'signal_reason': 'EMA9_PB_LONG | ADX=23 | RSI=61 | ATR=11.3 | SL=11.3pts | TP=14.1pts', 'entry_module': '', 'entry_reason': '', 'entry_type': 'ema9_pullback', 'atr': 11.26566325583773, 'atr_value': 11.26566325583773, 'adx_value': 22.903766968171887, 'market_state': 'UPTREND_PULLBACK', 'trend_label': '', 'trend_label_htf': '', 'session_type': 'RTH', 'entry_bar_index': 7741}"
ES,SHORT,2025-09-30 09:45:00-05:00,6700.5,2025-09-30 10:00:00-05:00,6711.0,1,-54.9,10.5,2.4,stop_loss,"{'signal_confidence': 0.7, 'signal_reason': 'EMA21_PB_SHORT | ADX=18 | RSI=43 | MACD_H=0.09 | ATR=6.8 | SL=10.0pts[STRUCT] | TP=13.2pts', 'entry_module': '', 'entry_reason': '', 'entry_type': 'ema21_pullback_short', 'atr': 6.785797027250272, 'atr_value': 6.785797027250272, 'adx_value': 18.130164844482533, 'market_state': 'DOWNTREND_PULLBACK', 'trend_label': '', 'trend_label_htf': '', 'session_type': 'RTH', 'entry_bar_index': 7915}"
ES,SHORT,2025-09-30 10:30:00-05:00,6699.0,2025-09-30 10:45:00-05:00,6707.75,1,-46.15,8.75,2.4,stop_loss,"{'signal_confidence': 0.7, 'signal_reason': 'EMA21_PB_SHORT | ADX=21 | RSI=43 | MACD_H=-0.16 | ATR=7.6 | SL=8.0pts[STRUCT] | TP=10.8pts', 'entry_module': '', 'entry_reason': '', 'entry_type': 'ema21_pullback_short', 'atr': 7.642363727721884, 'atr_value': 7.642363727721884, 'adx_value': 21.01473746196367, 'market_state': 'DOWNTREND_PULLBACK', 'trend_label': '', 'trend_label_htf': '', 'session_type': 'RTH', 'entry_bar_index': 7918}"
ES,LONG,2025-10-01 10:15:00-05:00,6736.5,2025-10-01 10:45:00-05:00,6746.25,1,46.35,9.75,2.4,take_profit,"{'signal_confidence': 0.7, 'signal_reason': 'EMA9_PB_LONG | ADX=32 | RSI=67 | ATR=8.2 | SL=8.2pts | TP=10.2pts', 'entry_module': '', 'entry_reason': '', 'entry_type': 'ema9_pullback', 'atr': 8.16708493818151, 'atr_value': 8.16708493818151, 'adx_value': 32.350071360840786, 'market_state': 'UPTREND_PULLBACK', 'trend_label': '', 'trend_label_htf': '', 'session_type': 'RTH', 'entry_bar_index': 60}"
ES,LONG,2025-10-01 12:00:00-05:00,6744.5,2025-10-01 12:15:00-05:00,6755.25,1,51.35,10.75,2.4,take_profit,"{'signal_confidence': 0.7, 'signal_reason': 'TREND_CONT_LONG | ADX=40 | RSI=69 | MACD_H=1.18 | e9=6739.6 | #2 | SL=8.7pts | TP=10.9pts', 'entry_module': '', 'entry_reason': '', 'entry_type': 'trend_continuation_long', 'atr': 6.963105631456163, 'atr_value': 6.963105631456163, 'adx_value': 39.83908612560018, 'market_state': 'UPTREND_CONTINUATION', 'trend_label': '', 'trend_label_htf': '', 'session_type': 'RTH', 'entry_bar_index': 67}"
ES,SHORT,2025-10-02 11:15:00-05:00,6754.0,2025-10-02 12:15:00-05:00,6760.75,1,-36.15,6.75,2.4,stop_loss,"{'signal_confidence': 0.7, 'signal_reason': 'EMA21_PB_SHORT | ADX=39 | RSI=40 | MACD_H=-1.75 | ATR=6.9 | SL=6.0pts[STRUCT] | TP=8.0pts', 'entry_module': '', 'entry_reason': '', 'entry_type': 'ema21_pullback_short', 'atr': 6.908753086796797, 'atr_value': 6.908753086796797, 'adx_value': 39.28327876751506, 'market_state': 'DOWNTREND_PULLBACK', 'trend_label': '', 'trend_label_htf': '', 'session_type': 'RTH', 'entry_bar_index': 156}"
ES,LONG,2025-10-03 10:30:00-05:00,6790.75,2025-10-03 10:45:00-05:00,6798.75,1,37.6,8.0,2.4,take_profit,"{'signal_confidence': 0.7, 'signal_reason': 'EMA21_PB_LONG | ADX=27 | RSI=64 | MACD_H=2.03 | ATR=5.7 | SL=6.0pts[STRUCT] | TP=8.0pts', 'entry_module': '', 'entry_reason': '', 'entry_type': 'ema21_pullback', 'atr': 5.666596965175434, 'atr_value': 5.666596965175434, 'adx_value': 27.055970963205407, 'market_state': 'UPTREND_PULLBACK', 'trend_label': '', 'trend_label_htf': '', 'session_type': 'RTH', 'entry_bar_index': 245}"
ES,SHORT,2025-10-03 14:00:00-05:00,6771.0,2025-10-03 14:45:00-05:00,6763.5,1,35.1,7.5,2.4,take_profit,"{'signal_confidence': 0.7, 'signal_reason': 'EMA21_PB_SHORT | ADX=28 | RSI=41 | MACD_H=-2.39 | ATR=8.9 | SL=6.0pts[STRUCT] | TP=8.0pts', 'entry_module': '', 'entry_reason': '', 'entry_type': 'ema21_pullback_short', 'atr': 8.870338819919533, 'atr_value': 8.870338819919533, 'adx_value': 28.443096844022737, 'market_state': 'DOWNTREND_PULLBACK', 'trend_label': '', 'trend_label_htf': '', 'session_type': 'RTH', 'entry_bar_index': 259}"
ES,SHORT,2025-10-03 15:00:00-05:00,6764.75,2025-10-05 17:15:00-05:00,6774.25,1,-49.9,9.5,2.4,stop_loss,"{'signal_confidence': 0.7, 'signal_reason': 'EMA21_PB_SHORT | ADX=27 | RSI=37 | MACD_H=-1.73 | ATR=8.8 | SL=8.8pts[STRUCT] | TP=11.8pts', 'entry_module': '', 'entry_reason': '', 'entry_type': 'ema21_pullback_short', 'atr': 8.762084731250567, 'atr_value': 8.762084731250567, 'adx_value': 27.016006009201345, 'market_state': 'DOWNTREND_PULLBACK', 'trend_label': '', 'trend_label_htf': '', 'session_type': 'RTH', 'entry_bar_index': 263}"
ES,SHORT,2025-10-07 12:00:00-05:00,6754.0,2025-10-07 12:15:00-05:00,6763.5,1,-49.9,9.5,2.4,stop_loss,"{'signal_confidence': 0.7, 'signal_reason': 'EMA21_PB_SHORT | ADX=37 | RSI=31 | MACD_H=-3.07 | ATR=8.3 | SL=8.8pts[STRUCT] | TP=11.8pts', 'entry_module': '', 'entry_reason': '', 'entry_type': 'ema21_pullback_short', 'atr': 8.289772505336545, 'atr_value': 8.289772505336545, 'adx_value': 37.10675126724595, 'market_state': 'DOWNTREND_PULLBACK', 'trend_label': '', 'trend_label_htf': '', 'session_type': 'RTH', 'entry_bar_index': 435}"
ES,SHORT,2025-10-07 12:30:00-05:00,6760.25,2025-10-07 13:00:00-05:00,6752.75,1,35.1,7.5,2.4,take_profit,"{'signal_confidence': 0.7, 'signal_reason': 'EMA21_PB_SHORT | ADX=36 | RSI=39 | MACD_H=-1.46 | ATR=8.4 | SL=6.0pts[STRUCT] | TP=8.0pts', 'entry_module': '', 'entry_reason': '', 'entry_type': 'ema21_pullback_short', 'atr': 8.353171190825899, 'atr_value': 8.353171190825899, 'adx_value': 35.927790124946284, 'market_state': 'DOWNTREND_PULLBACK', 'trend_label': '', 'trend_label_htf': '', 'session_type': 'RTH', 'entry_bar_index': 437}"
ES,LONG,2025-10-08 12:00:00-05:00,6798.75,2025-10-08 13:45:00-05:00,6792.5,1,-33.65,6.25,2.4,stop_loss,"{'signal_confidence': 0.7, 'signal_reason': 'EMA21_PB_LONG | ADX=27 | RSI=69 | MACD_H=1.11 | ATR=5.5 | SL=6.0pts[STRUCT] | TP=8.0pts', 'entry_module': '', 'entry_reason': '', 'entry_type': 'ema21_pullback', 'atr': 5.460423309780196, 'atr_value': 5.460423309780196, 'adx_value': 27.012364235124274, 'market_state': 'UPTREND_PULLBACK', 'trend_label': '', 'trend_label_htf': '', 'session_type': 'RTH', 'entry_bar_index': 527}"
ES,SHORT,2025-10-09 10:30:00-05:00,6776.5,2025-10-09 12:30:00-05:00,6761.0,1,75.1,15.5,2.4,take_profit,"{'signal_confidence': 0.7, 'signal_reason': 'EMA21_PB_SHORT | ADX=31 | RSI=34 | MACD_H=-2.34 | ATR=6.8 | SL=11.8pts[STRUCT] | TP=15.8pts', 'entry_module': '', 'entry_reason': '', 'entry_type': 'ema21_pullback_short', 'atr': 6.794117705811992, 'atr_value': 6.794117705811992, 'adx_value': 31.168128002505796, 'market_state': 'DOWNTREND_PULLBACK', 'trend_label': '', 'trend_label_htf': '', 'session_type': 'RTH', 'entry_bar_index': 613}"
ES,SHORT,2025-10-09 13:15:00-05:00,6766.25,2025-10-09 14:00:00-05:00,6772.75,1,-34.9,6.5,2.4,stop_loss,"{'signal_confidence': 0.7, 'signal_reason': 'EMA21_PB_SHORT | ADX=45 | RSI=36 | MACD_H=-0.69 | ATR=8.2 | SL=6.0pts[STRUCT] | TP=8.0pts', 'entry_module': '', 'entry_reason': '', 'entry_type': 'ema21_pullback_short', 'atr': 8.19709899097784, 'atr_value': 8.19709899097784, 'adx_value': 44.73413525619571, 'market_state': 'DOWNTREND_PULLBACK', 'trend_label': '', 'trend_label_htf': '', 'session_type': 'RTH', 'entry_bar_index': 624}"
ES,LONG,2025-10-15 09:15:00-05:00,6759.25,2025-10-15 10:00:00-05:00,6747.5,1,-61.15,11.75,2.4,stop_loss,"{'signal_confidence': 0.7, 'signal_reason': 'TREND_CONT_LONG | ADX=46 | RSI=78 | MACD_H=1.40 | e9=6740.7 | #1 | SL=11.1pts | TP=13.8pts', 'entry_module': '', 'entry_reason': '', 'entry_type': 'trend_continuation_long', 'atr': 8.851544623600379, 'atr_value': 8.851544623600379, 'adx_value': 46.463277947750605, 'market_state': 'UPTREND_CONTINUATION', 'trend_label': '', 'trend_label_htf': '', 'session_type': 'RTH', 'entry_bar_index': 976}"
ES,LONG,2025-10-21 11:00:00-05:00,6782.75,2025-10-21 11:45:00-05:00,6776.5,1,-33.65,6.25,2.4,stop_loss,"{'signal_confidence': 0.7, 'signal_reason': 'EMA21_PB_LONG | ADX=19 | RSI=60 | MACD_H=1.09 | ATR=7.3 | SL=6.0pts[STRUCT] | TP=8.0pts', 'entry_module': '', 'entry_reason': '', 'entry_type': 'ema21_pullback', 'atr': 7.316575973908868, 'atr_value': 7.316575973908868, 'adx_value': 19.102612446374028, 'market_state': 'UPTREND_PULLBACK', 'trend_label': '', 'trend_label_htf': '', 'session_type': 'RTH', 'entry_bar_index': 1351}"
ES,LONG,2025-10-21 14:00:00-05:00,6779.5,2025-10-21 14:45:00-05:00,6773.25,1,-33.65,6.25,2.4,stop_loss,"{'signal_confidence': 0.7, 'signal_reason': 'EMA21_PB_LONG | ADX=20 | RSI=52 | MACD_H=-0.36 | ATR=7.4 | SL=6.0pts[STRUCT] | TP=8.0pts', 'entry_module': '', 'entry_reason': '', 'entry_type': 'ema21_pullback', 'atr': 7.3934235869687415, 'atr_value': 7.3934235869687415, 'adx_value': 19.84067072206977, 'market_state': 'UPTREND_PULLBACK', 'trend_label': '', 'trend_label_htf': '', 'session_type': 'RTH', 'entry_bar_index': 1363}"
ES,SHORT,2025-10-22 09:15:00-05:00,6766.0,2025-10-22 09:30:00-05:00,6753.25,1,61.35,12.75,2.4,take_profit,"{'signal_confidence': 0.7, 'signal_reason': 'EMA21_PB_SHORT | ADX=27 | RSI=37 | MACD_H=-0.54 | ATR=6.5 | SL=9.5pts[STRUCT] | TP=12.8pts', 'entry_module': '', 'entry_reason': '', 'entry_type': 'ema21_pullback_short', 'atr': 6.506387205799928, 'atr_value': 6.506387205799928, 'adx_value': 27.262276298343785, 'market_state': 'DOWNTREND_PULLBACK', 'trend_label': '', 'trend_label_htf': '', 'session_type': 'RTH', 'entry_bar_index': 1436}"
ES,SHORT,2025-10-22 10:15:00-05:00,6754.25,2025-10-22 10:30:00-05:00,6737.25,1,82.6,17.0,2.4,take_profit,"{'signal_confidence': 0.7, 'signal_reason': 'EMA21_PB_SHORT | ADX=37 | RSI=38 | MACD_H=-2.48 | ATR=9.1 | SL=9.2pts[STRUCT] | TP=12.2pts', 'entry_module': '', 'entry_reason': '', 'entry_type': 'ema21_pullback_short', 'atr': 9.079281418806012, 'atr_value': 9.079281418806012, 'adx_value': 37.035380056463346, 'market_state': 'DOWNTREND_PULLBACK', 'trend_label': '', 'trend_label_htf': '', 'session_type': 'RTH', 'entry_bar_index': 1440}"
ES,SHORT,2025-10-22 11:15:00-05:00,6740.75,2025-10-22 11:30:00-05:00,6727.25,1,65.1,13.5,2.4,take_profit,"{'signal_confidence': 0.7, 'signal_reason': 'EMA21_PB_SHORT | ADX=43 | RSI=35 | MACD_H=-2.67 | ATR=10.8 | SL=10.2pts[STRUCT] | TP=13.8pts', 'entry_module': '', 'entry_reason': '', 'entry_type': 'ema21_pullback_short', 'atr': 10.776710396775265, 'atr_value': 10.776710396775265, 'adx_value': 42.97755308937402, 'market_state': 'DOWNTREND_PULLBACK', 'trend_label': '', 'trend_label_htf': '', 'session_type': 'RTH', 'entry_bar_index': 1444}"
ES,LONG,2025-10-23 09:45:00-05:00,6756.75,2025-10-23 10:30:00-05:00,6746.75,1,-52.4,10.0,2.4,stop_loss,"{'signal_confidence': 0.7, 'signal_reason': 'EMA21_PB_LONG | ADX=32 | RSI=62 | MACD_H=3.00 | ATR=9.5 | SL=9.2pts[STRUCT] | TP=12.2pts', 'entry_module': '', 'entry_reason': '', 'entry_type': 'ema21_pullback', 'atr': 9.478746453031475, 'atr_value': 9.478746453031475, 'adx_value': 32.24254422292269, 'market_state': 'UPTREND_PULLBACK', 'trend_label': '', 'trend_label_htf': '', 'session_type': 'RTH', 'entry_bar_index': 1530}"
ES,LONG,2025-10-23 11:15:00-05:00,6769.0,2025-10-23 12:45:00-05:00,6782.25,1,63.85,13.25,2.4,take_profit,"{'signal_confidence': 0.7, 'signal_reason': 'EMA9_PB_LONG | ADX=24 | RSI=64 | ATR=10.9 | SL=10.9pts | TP=13.6pts', 'entry_module': '', 'entry_reason': '', 'entry_type': 'ema9_pullback', 'atr': 10.862175662379515, 'atr_value': 10.862175662379515, 'adx_value': 23.723467857455923, 'market_state': 'UPTREND_PULLBACK', 'trend_label': '', 'trend_label_htf': '', 'session_type': 'RTH', 'entry_bar_index': 1536}"
ES,LONG,2025-10-28 11:45:00-05:00,6923.0,2025-10-28 13:00:00-05:00,6932.5,1,45.1,9.5,2.4,take_profit,"{'signal_confidence': 0.7, 'signal_reason': 'EMA21_PB_LONG | ADX=19 | RSI=63 | MACD_H=0.19 | ATR=6.1 | SL=7.2pts[STRUCT] | TP=9.8pts', 'entry_module': '', 'entry_reason': '', 'entry_type': 'ema21_pullback', 'atr': 6.098975167659903, 'atr_value': 6.098975167659903, 'adx_value': 18.819797609782995, 'market_state': 'UPTREND_PULLBACK', 'trend_label': '', 'trend_label_htf': '', 'session_type': 'RTH', 'entry_bar_index': 1814}"
ES,LONG,2025-10-28 13:30:00-05:00,6936.25,2025-10-28 14:45:00-05:00,6929.0,1,-38.65,7.25,2.4,stop_loss,"{'signal_confidence': 0.7, 'signal_reason': 'TREND_CONT_LONG | ADX=27 | RSI=73 | MACD_H=1.88 | e9=6928.0 | #1 | SL=7.1pts | TP=8.9pts', 'entry_module': '', 'entry_reason': '', 'entry_type': 'trend_continuation_long', 'atr': 5.676486313750516, 'atr_value': 5.676486313750516, 'adx_value': 26.620534681414384, 'market_state': 'UPTREND_CONTINUATION', 'trend_label': '', 'trend_label_htf': '', 'session_type': 'RTH', 'entry_bar_index': 1821}"
ES,SHORT,2025-10-29 11:00:00-05:00,6934.5,2025-10-29 11:30:00-05:00,6941.0,1,-34.9,6.5,2.4,stop_loss,"{'signal_confidence': 0.7, 'signal_reason': 'OR_BREAK_SHORT | ADX=18 | OR_L=6936.25 | SL=6.0pt | TP=8.0pt', 'entry_module': '', 'entry_reason': '', 'entry_type': 'or_breakdown', 'atr': 5.949703906061031, 'atr_value': 5.949703906061031, 'adx_value': 18.27017048610032, 'market_state': 'OR_BREAKDOWN', 'trend_label': '', 'trend_label_htf': '', 'session_type': 'RTH', 'entry_bar_index': 1903}"
ES,LONG,2025-10-29 12:00:00-05:00,6940.0,2025-10-29 12:15:00-05:00,6933.75,1,-33.65,6.25,2.4,stop_loss,"{'signal_confidence': 0.7, 'signal_reason': 'EMA21_PB_LONG | ADX=19 | RSI=50 | MACD_H=-0.30 | ATR=5.7 | SL=6.0pts[STRUCT] | TP=8.0pts', 'entry_module': '', 'entry_reason': '', 'entry_type': 'ema21_pullback', 'atr': 5.689823075307402, 'atr_value': 5.689823075307402, 'adx_value': 18.88765808189719, 'market_state': 'UPTREND_PULLBACK', 'trend_label': '', 'trend_label_htf': '', 'session_type': 'RTH', 'entry_bar_index': 1907}"
ES,SHORT,2025-10-29 12:30:00-05:00,6933.25,2025-10-29 12:45:00-05:00,6940.0,1,-36.15,6.75,2.4,stop_loss,"{'signal_confidence': 0.7, 'signal_reason': 'OR_BREAK_SHORT | ADX=19 | OR_L=6936.25 | SL=6.0pt | TP=8.0pt | retest#2', 'entry_module': '', 'entry_reason': '', 'entry_type': 'or_breakdown', 'atr': 5.940459692484443, 'atr_value': 5.940459692484443, 'adx_value': 19.11825441744357, 'market_state': 'OR_BREAKDOWN', 'trend_label': '', 'trend_label_htf': '', 'session_type': 'RTH', 'entry_bar_index': 1909}"
ES,SHORT,2025-10-30 09:15:00-05:00,6902.0,2025-10-30 10:30:00-05:00,6886.25,1,76.35,15.75,2.4,take_profit,"{'signal_confidence': 0.7, 'signal_reason': 'EMA21_PB_SHORT | ADX=25 | RSI=46 | MACD_H=-1.10 | ATR=13.0 | SL=12.0pts[STRUCT] | TP=16.0pts', 'entry_module': '', 'entry_reason': '', 'entry_type': 'ema21_pullback_short', 'atr': 12.972952873471097, 'atr_value': 12.972952873471097, 'adx_value': 25.176367013974538, 'market_state': 'DOWNTREND_PULLBACK', 'trend_label': '', 'trend_label_htf': '', 'session_type': 'RTH', 'entry_bar_index': 1988}"
ES,SHORT,2025-10-30 11:00:00-05:00,6887.5,2025-10-30 11:15:00-05:00,6905.25,1,-91.15,17.75,2.4,stop_loss,"{'signal_confidence': 0.7, 'signal_reason': 'EMA21_PB_SHORT | ADX=23 | RSI=42 | MACD_H=-0.13 | ATR=13.7 | SL=7.2pts[STRUCT] | TP=9.8pts', 'entry_module': '', 'entry_reason': '', 'entry_type': 'ema21_pullback_short', 'atr': 13.7062179900708, 'atr_value': 13.7062179900708, 'adx_value': 23.33844938709499, 'market_state': 'DOWNTREND_PULLBACK', 'trend_label': '', 'trend_label_htf': '', 'session_type': 'RTH', 'entry_bar_index': 1995}"
ES,SHORT,2025-11-07 11:45:00-06:00,6675.0,2025-11-07 12:00:00-06:00,6685.25,1,-53.65,10.25,2.4,stop_loss,"{'signal_confidence': 0.7, 'signal_reason': 'EMA21_PB_SHORT | ADX=44 | RSI=35 | MACD_H=-0.91 | ATR=14.8 | SL=10.0pts[STRUCT] | TP=13.2pts', 'entry_module': '', 'entry_reason': '', 'entry_type': 'ema21_pullback_short', 'atr': 14.795649985228243, 'atr_value': 14.795649985228243, 'adx_value': 44.27780798273154, 'market_state': 'DOWNTREND_PULLBACK', 'trend_label': '', 'trend_label_htf': '', 'session_type': 'RTH', 'entry_bar_index': 2550}"
ES,LONG,2025-11-11 12:15:00-06:00,6867.75,2025-11-11 14:15:00-06:00,6877.0,1,43.85,9.25,2.4,flatten,"{'signal_confidence': 0.7, 'signal_reason': 'TREND_CONT_LONG | ADX=25 | RSI=73 | MACD_H=3.31 | e9=6853.9 | #1 | SL=10.0pts | TP=12.5pts', 'entry_module': '', 'entry_reason': '', 'entry_type': 'trend_continuation_long', 'atr': 8.01020499080742, 'atr_value': 8.01020499080742, 'adx_value': 25.214179563443967, 'market_state': 'UPTREND_CONTINUATION', 'trend_label': '', 'trend_label_htf': '', 'session_type': 'RTH', 'entry_bar_index': 2736}"
ES,SHORT,2025-11-12 10:45:00-06:00,6863.75,2025-11-12 11:30:00-06:00,6873.5,1,-51.15,9.75,2.4,stop_loss,"{'signal_confidence': 0.7, 'signal_reason': 'EMA21_PB_SHORT | ADX=36 | RSI=33 | MACD_H=-2.94 | ATR=8.1 | SL=9.5pts[STRUCT] | TP=12.8pts', 'entry_module': '', 'entry_reason': '', 'entry_type': 'ema21_pullback_short', 'atr': 8.077098877731741, 'atr_value': 8.077098877731741, 'adx_value': 36.283076732415765, 'market_state': 'DOWNTREND_PULLBACK', 'trend_label': '', 'trend_label_htf': '', 'session_type': 'RTH', 'entry_bar_index': 2822}"
ES,SHORT,2025-11-18 11:15:00-06:00,6634.75,2025-11-18 11:30:00-06:00,6647.25,1,-64.9,12.5,2.4,stop_loss,"{'signal_confidence': 0.7, 'signal_reason': 'OR_BREAK_SHORT | ADX=19 | OR_L=6645.50 | SL=12.0pt | TP=16.0pt', 'entry_module': '', 'entry_reason': '', 'entry_type': 'or_breakdown', 'atr': 20.00207730418408, 'atr_value': 20.00207730418408, 'adx_value': 19.058197270372258, 'market_state': 'OR_BREAKDOWN', 'trend_label': '', 'trend_label_htf': '', 'session_type': 'RTH', 'entry_bar_index': 3192}"
ES,LONG,2025-11-25 13:00:00-06:00,6769.5,2025-11-25 13:30:00-06:00,6756.75,1,-66.15,12.75,2.4,stop_loss,"{'signal_confidence': 0.7, 'signal_reason': 'EMA9_PB_LONG | ADX=38 | RSI=68 | ATR=12.0 | SL=12.0pts | TP=15.0pts', 'entry_module': '', 'entry_reason': '', 'entry_type': 'ema9_pullback', 'atr': 12.028510228737629, 'atr_value': 12.028510228737629, 'adx_value': 37.6830496287431, 'market_state': 'UPTREND_PULLBACK', 'trend_label': '', 'trend_label_htf': '', 'session_type': 'RTH', 'entry_bar_index': 3659}"
ES,LONG,2025-11-25 14:00:00-06:00,6770.0,2025-11-25 14:30:00-06:00,6784.0,1,67.6,14.0,2.4,take_profit,"{'signal_confidence': 0.7, 'signal_reason': 'EMA21_PB_LONG | ADX=37 | RSI=65 | MACD_H=0.17 | ATR=11.4 | SL=10.8pts[STRUCT] | TP=14.2pts', 'entry_module': '', 'entry_reason': '', 'entry_type': 'ema21_pullback', 'atr': 11.397016364092448, 'atr_value': 11.397016364092448, 'adx_value': 37.069782987507935, 'market_state': 'UPTREND_PULLBACK', 'trend_label': '', 'trend_label_htf': '', 'session_type': 'RTH', 'entry_bar_index': 3663}"
ES,LONG,2025-11-26 10:15:00-06:00,6831.5,2025-11-26 10:30:00-06:00,6845.25,1,66.35,13.75,2.4,take_profit,"{'signal_confidence': 0.7, 'signal_reason': 'TREND_CONT_LONG | ADX=26 | RSI=71 | MACD_H=2.90 | e9=6814.6 | #1 | SL=11.5pts | TP=14.3pts', 'entry_module': '', 'entry_reason': '', 'entry_type': 'trend_continuation_long', 'atr': 9.178595012931702, 'atr_value': 9.178595012931702, 'adx_value': 25.704150033796136, 'market_state': 'UPTREND_CONTINUATION', 'trend_label': '', 'trend_label_htf': '', 'session_type': 'RTH', 'entry_bar_index': 3740}"
ES,LONG,2025-11-26 10:45:00-06:00,6844.5,2025-11-26 12:00:00-06:00,6831.75,1,-66.15,12.75,2.4,stop_loss,"{'signal_confidence': 0.7, 'signal_reason': 'TREND_CONT_LONG | ADX=30 | RSI=76 | MACD_H=4.13 | e9=6823.7 | #2 | SL=11.9pts | TP=14.9pts', 'entry_module': '', 'entry_reason': '', 'entry_type': 'trend_continuation_long', 'atr': 9.530268148905396, 'atr_value': 9.530268148905396, 'adx_value': 30.43813572715967, 'market_state': 'UPTREND_CONTINUATION', 'trend_label': '', 'trend_label_htf': '', 'session_type': 'RTH', 'entry_bar_index': 3742}"
ES,LONG,2025-11-27 10:30:00-06:00,6828.5,2025-11-27 17:45:00-06:00,6836.0,1,35.1,7.5,2.4,take_profit,"{'signal_confidence': 0.7, 'signal_reason': 'EMA21_PB_LONG | ADX=18 | RSI=51 | MACD_H=-0.03 | ATR=2.7 | SL=6.0pts[STRUCT] | TP=8.0pts', 'entry_module': '', 'entry_reason': '', 'entry_type': 'ema21_pullback', 'atr': 2.7171419704080426, 'atr_value': 2.7171419704080426, 'adx_value': 18.46708362908786, 'market_state': 'UPTREND_PULLBACK', 'trend_label': '', 'trend_label_htf': '', 'session_type': 'RTH', 'entry_bar_index': 3833}"
ES,LONG,2025-11-28 09:15:00-06:00,6842.75,2025-11-28 09:45:00-06:00,6851.25,1,40.1,8.5,2.4,take_profit,"{'signal_confidence': 0.7, 'signal_reason': 'EMA21_PB_LONG | ADX=30 | RSI=69 | MACD_H=0.53 | ATR=3.1 | SL=6.5pts[STRUCT] | TP=8.8pts', 'entry_module': '', 'entry_reason': '', 'entry_type': 'ema21_pullback', 'atr': 3.098449785598679, 'atr_value': 3.098449785598679, 'adx_value': 30.335867945354714, 'market_state': 'UPTREND_PULLBACK', 'trend_label': '', 'trend_label_htf': '', 'session_type': 'RTH', 'entry_bar_index': 3904}"
ES,LONG,2025-11-28 10:45:00-06:00,6852.75,2025-11-30 17:15:00-06:00,6864.25,1,55.1,11.5,2.4,take_profit,"{'signal_confidence': 0.7, 'signal_reason': 'EMA21_PB_LONG | ADX=41 | RSI=70 | MACD_H=1.52 | ATR=5.2 | SL=8.8pts[STRUCT] | TP=11.8pts', 'entry_module': '', 'entry_reason': '', 'entry_type': 'ema21_pullback', 'atr': 5.202848995100864, 'atr_value': 5.202848995100864, 'adx_value': 41.0984219255405, 'market_state': 'UPTREND_PULLBACK', 'trend_label': '', 'trend_label_htf': '', 'session_type': 'RTH', 'entry_bar_index': 3910}"
ES,LONG,2025-12-02 09:15:00-06:00,6855.0,2025-12-02 09:30:00-06:00,6840.25,1,-76.15,14.75,2.4,stop_loss,"{'signal_confidence': 0.7, 'signal_reason': 'EMA21_PB_LONG | ADX=26 | RSI=68 | MACD_H=0.15 | ATR=6.3 | SL=8.0pts[STRUCT] | TP=10.8pts', 'entry_module': '', 'entry_reason': '', 'entry_type': 'ema21_pullback', 'atr': 6.269717818680931, 'atr_value': 6.269717818680931, 'adx_value': 25.548466691907137, 'market_state': 'UPTREND_PULLBACK', 'trend_label': '', 'trend_label_htf': '', 'session_type': 'RTH', 'entry_bar_index': 4073}"
ES,SHORT,2025-12-09 13:30:00-06:00,6856.0,2025-12-09 14:45:00-06:00,6848.0,1,37.6,8.0,2.4,take_profit,"{'signal_confidence': 0.7, 'signal_reason': 'EMA21_PB_SHORT | ADX=24 | RSI=43 | MACD_H=-0.99 | ATR=6.5 | SL=6.0pts[STRUCT] | TP=8.0pts', 'entry_module': '', 'entry_reason': '', 'entry_type': 'ema21_pullback_short', 'atr': 6.48998072452463, 'atr_value': 6.48998072452463, 'adx_value': 23.84254133134116, 'market_state': 'DOWNTREND_PULLBACK', 'trend_label': '', 'trend_label_htf': '', 'session_type': 'RTH', 'entry_bar_index': 4550}"
ES,SHORT,2025-12-10 10:00:00-06:00,6839.75,2025-12-10 10:15:00-06:00,6850.75,1,-57.4,11.0,2.4,stop_loss,"{'signal_confidence': 0.7, 'signal_reason': 'EMA21_PB_SHORT | ADX=18 | RSI=41 | MACD_H=-0.20 | ATR=7.4 | SL=10.2pts[STRUCT] | TP=13.8pts', 'entry_module': '', 'entry_reason': '', 'entry_type': 'ema21_pullback_short', 'atr': 7.367816833100718, 'atr_value': 7.367816833100718, 'adx_value': 18.31284502200273, 'market_state': 'DOWNTREND_PULLBACK', 'trend_label': '', 'trend_label_htf': '', 'session_type': 'RTH', 'entry_bar_index': 4628}"
ES,LONG,2025-12-10 12:00:00-06:00,6856.5,2025-12-10 12:15:00-06:00,6847.25,1,-48.65,9.25,2.4,stop_loss,"{'signal_confidence': 0.7, 'signal_reason': 'EMA21_PB_LONG | ADX=18 | RSI=59 | MACD_H=0.83 | ATR=7.8 | SL=8.8pts[STRUCT] | TP=11.8pts', 'entry_module': '', 'entry_reason': '', 'entry_type': 'ema21_pullback', 'atr': 7.840271787942562, 'atr_value': 7.840271787942562, 'adx_value': 18.31227155436144, 'market_state': 'UPTREND_PULLBACK', 'trend_label': '', 'trend_label_htf': '', 'session_type': 'RTH', 'entry_bar_index': 4636}"
ES,SHORT,2025-12-16 09:45:00-06:00,6849.75,2025-12-16 10:00:00-06:00,6860.25,1,-54.9,10.5,2.4,stop_loss,"{'signal_confidence': 0.7, 'signal_reason': 'OR_BREAK_SHORT | ADX=24 | OR_L=6850.75 | SL=10.2pt | TP=13.5pt', 'entry_module': '', 'entry_reason': '', 'entry_type': 'or_breakdown', 'atr': 13.635147768566044, 'atr_value': 13.635147768566044, 'adx_value': 24.36855195444546, 'market_state': 'OR_BREAKDOWN', 'trend_label': '', 'trend_label_htf': '', 'session_type': 'RTH', 'entry_bar_index': 4995}"
ES,SHORT,2025-12-16 11:30:00-06:00,6841.5,2025-12-16 11:45:00-06:00,6827.5,1,67.6,14.0,2.4,take_profit,"{'signal_confidence': 0.7, 'signal_reason': 'OR_BREAK_SHORT | ADX=21 | OR_L=6850.75 | SL=10.7pt | TP=14.2pt | retest#2', 'entry_module': '', 'entry_reason': '', 'entry_type': 'or_breakdown', 'atr': 14.280712372518979, 'atr_value': 14.280712372518979, 'adx_value': 21.246037190246657, 'market_state': 'OR_BREAKDOWN', 'trend_label': '', 'trend_label_htf': '', 'session_type': 'RTH', 'entry_bar_index': 5002}"
ES,SHORT,2025-12-18 14:00:00-06:00,6820.25,2025-12-18 14:15:00-06:00,6837.5,1,-88.65,17.25,2.4,stop_loss,"{'signal_confidence': 0.7, 'signal_reason': 'OR_BREAK_SHORT | ADX=23 | OR_L=6824.50 | SL=10.2pt | TP=13.5pt', 'entry_module': '', 'entry_reason': '', 'entry_type': 'or_breakdown', 'atr': 13.567901980070564, 'atr_value': 13.567901980070564, 'adx_value': 23.338831598538036, 'market_state': 'OR_BREAKDOWN', 'trend_label': '', 'trend_label_htf': '', 'session_type': 'RTH', 'entry_bar_index': 5196}"
ES,LONG,2025-12-23 09:45:00-06:00,6942.5,2025-12-23 11:45:00-06:00,6952.0,1,45.1,9.5,2.4,flatten,"{'signal_confidence': 0.7, 'signal_reason': 'EMA21_PB_LONG | ADX=30 | RSI=63 | MACD_H=1.59 | ATR=6.5 | SL=9.5pts[STRUCT] | TP=12.8pts', 'entry_module': '', 'entry_reason': '', 'entry_type': 'ema21_pullback', 'atr': 6.537905845572619, 'atr_value': 6.537905845572619, 'adx_value': 30.00302642010295, 'market_state': 'UPTREND_PULLBACK', 'trend_label': '', 'trend_label_htf': '', 'session_type': 'RTH', 'entry_bar_index': 5455}"
ES,LONG,2025-12-23 12:15:00-06:00,6955.5,2025-12-23 14:15:00-06:00,6960.5,1,22.6,5.0,2.4,flatten,"{'signal_confidence': 0.7, 'signal_reason': 'TREND_CONT_LONG | ADX=31 | RSI=72 | MACD_H=1.54 | e9=6949.4 | #2 | SL=6.4pts | TP=8.0pts', 'entry_module': '', 'entry_reason': '', 'entry_type': 'trend_continuation_long', 'atr': 5.1461522925418794, 'atr_value': 5.1461522925418794, 'adx_value': 30.956181013480453, 'market_state': 'UPTREND_CONTINUATION', 'trend_label': '', 'trend_label_htf': '', 'session_type': 'RTH', 'entry_bar_index': 5465}"
ES,LONG,2025-12-26 10:00:00-06:00,6985.0,2025-12-26 10:15:00-06:00,6975.5,1,-49.9,9.5,2.4,stop_loss,"{'signal_confidence': 0.7, 'signal_reason': 'EMA21_PB_LONG | ADX=21 | RSI=54 | MACD_H=0.06 | ATR=5.0 | SL=6.0pts[STRUCT] | TP=8.0pts', 'entry_module': '', 'entry_reason': '', 'entry_type': 'ema21_pullback', 'atr': 5.043048643987832, 'atr_value': 5.043048643987832, 'adx_value': 21.448550645679006, 'market_state': 'UPTREND_PULLBACK', 'trend_label': '', 'trend_label_htf': '', 'session_type': 'RTH', 'entry_bar_index': 5625}"
ES,SHORT,2025-12-26 10:45:00-06:00,6978.75,2025-12-26 12:15:00-06:00,6970.75,1,37.6,8.0,2.4,take_profit,"{'signal_confidence': 0.7, 'signal_reason': 'OR_BREAK_SHORT | ADX=19 | OR_L=6979.25 | SL=6.0pt | TP=8.0pt', 'entry_module': '', 'entry_reason': '', 'entry_type': 'or_breakdown', 'atr': 5.2916646759625605, 'atr_value': 5.2916646759625605, 'adx_value': 19.318329888165735, 'market_state': 'OR_BREAKDOWN', 'trend_label': '', 'trend_label_htf': '', 'session_type': 'RTH', 'entry_bar_index': 5628}"
ES,SHORT,2025-12-26 12:30:00-06:00,6973.25,2025-12-26 12:45:00-06:00,6979.75,1,-34.9,6.5,2.4,stop_loss,"{'signal_confidence': 0.7, 'signal_reason': 'EMA21_PB_SHORT | ADX=22 | RSI=44 | MACD_H=-0.76 | ATR=5.4 | SL=6.0pts[STRUCT] | TP=8.0pts', 'entry_module': '', 'entry_reason': '', 'entry_type': 'ema21_pullback_short', 'atr': 5.3767360785951706, 'atr_value': 5.3767360785951706, 'adx_value': 21.769552560317848, 'market_state': 'DOWNTREND_PULLBACK', 'trend_label': '', 'trend_label_htf': '', 'session_type': 'RTH', 'entry_bar_index': 5635}"
ES,SHORT,2025-12-26 13:30:00-06:00,6976.75,2025-12-26 15:00:00-06:00,6980.25,1,-19.9,3.5,2.4,stop_loss,"{'signal_confidence': 0.7, 'signal_reason': 'EMA21_PB_SHORT | ADX=20 | RSI=49 | MACD_H=0.13 | ATR=5.1 | SL=6.0pts[STRUCT] | TP=8.0pts', 'entry_module': '', 'entry_reason': '', 'entry_type': 'ema21_pullback_short', 'atr': 5.075742116325403, 'atr_value': 5.075742116325403, 'adx_value': 19.550375646641573, 'market_state': 'DOWNTREND_PULLBACK', 'trend_label': '', 'trend_label_htf': '', 'session_type': 'RTH', 'entry_bar_index': 5639}"
ES,SHORT,2025-12-31 09:45:00-06:00,6923.0,2025-12-31 11:45:00-06:00,6923.75,1,-6.15,0.75,2.4,flatten,"{'signal_confidence': 0.7, 'signal_reason': 'EMA21_PB_SHORT | ADX=34 | RSI=36 | MACD_H=-1.74 | ATR=5.6 | SL=6.2pts[STRUCT] | TP=8.2pts', 'entry_module': '', 'entry_reason': '', 'entry_type': 'ema21_pullback_short', 'atr': 5.566154072050242, 'atr_value': 5.566154072050242, 'adx_value': 34.1934818430592, 'market_state': 'DOWNTREND_PULLBACK', 'trend_label': '', 'trend_label_htf': '', 'session_type': 'RTH', 'entry_bar_index': 5900}"
ES,SHORT,2025-12-31 13:45:00-06:00,6917.5,2025-12-31 14:00:00-06:00,6908.75,1,41.35,8.75,2.4,take_profit,"{'signal_confidence': 0.7, 'signal_reason': 'EMA21_PB_SHORT | ADX=22 | RSI=39 | MACD_H=0.02 | ATR=6.0 | SL=6.8pts[STRUCT] | TP=9.0pts', 'entry_module': '', 'entry_reason': '', 'entry_type': 'ema21_pullback_short', 'atr': 5.995899190344447, 'atr_value': 5.995899190344447, 'adx_value': 22.284751567187016, 'market_state': 'DOWNTREND_PULLBACK', 'trend_label': '', 'trend_label_htf': '', 'session_type': 'RTH', 'entry_bar_index': 5916}"
ES,SHORT,2026-01-02 09:45:00-06:00,6911.0,2026-01-02 10:00:00-06:00,6884.0,1,132.6,27.0,2.4,take_profit,"{'signal_confidence': 0.7, 'signal_reason': 'OR_BREAK_SHORT | ADX=28 | OR_L=6911.75 | SL=7.8pt | TP=10.2pt', 'entry_module': '', 'entry_reason': '', 'entry_type': 'or_breakdown', 'atr': 10.379505706854275, 'atr_value': 10.379505706854275, 'adx_value': 27.919129898841437, 'market_state': 'OR_BREAKDOWN', 'trend_label': '', 'trend_label_htf': '', 'session_type': 'RTH', 'entry_bar_index': 5992}"
ES,SHORT,2026-01-02 11:45:00-06:00,6888.75,2026-01-02 12:00:00-06:00,6877.25,1,55.1,11.5,2.4,take_profit,"{'signal_confidence': 0.7, 'signal_reason': 'EMA21_PB_SHORT | ADX=37 | RSI=38 | MACD_H=-1.83 | ATR=12.3 | SL=8.8pts[STRUCT] | TP=11.8pts', 'entry_module': '', 'entry_reason': '', 'entry_type': 'ema21_pullback_short', 'atr': 12.254643449108118, 'atr_value': 12.254643449108118, 'adx_value': 37.43933828509408, 'market_state': 'DOWNTREND_PULLBACK', 'trend_label': '', 'trend_label_htf': '', 'session_type': 'RTH', 'entry_bar_index': 6000}"
ES,LONG,2026-01-06 10:30:00-06:00,6958.25,2026-01-06 11:00:00-06:00,6966.25,1,37.6,8.0,2.4,take_profit,"{'signal_confidence': 0.7, 'signal_reason': 'EMA21_PB_LONG | ADX=24 | RSI=56 | MACD_H=0.85 | ATR=6.6 | SL=6.0pts[STRUCT] | TP=8.0pts', 'entry_module': '', 'entry_reason': '', 'entry_type': 'ema21_pullback', 'atr': 6.64559475852859, 'atr_value': 6.64559475852859, 'adx_value': 24.451302539041407, 'market_state': 'UPTREND_PULLBACK', 'trend_label': '', 'trend_label_htf': '', 'session_type': 'RTH', 'entry_bar_index': 6179}"
ES,LONG,2026-01-06 11:15:00-06:00,6966.5,2026-01-06 11:30:00-06:00,6976.5,1,47.6,10.0,2.4,take_profit,"{'signal_confidence': 0.7, 'signal_reason': 'EMA21_PB_LONG | ADX=23 | RSI=62 | MACD_H=0.43 | ATR=6.9 | SL=7.8pts[STRUCT] | TP=10.2pts', 'entry_module': '', 'entry_reason': '', 'entry_type': 'ema21_pullback', 'atr': 6.919322771314618, 'atr_value': 6.919322771314618, 'adx_value': 22.87383557944585, 'market_state': 'UPTREND_PULLBACK', 'trend_label': '', 'trend_label_htf': '', 'session_type': 'RTH', 'entry_bar_index': 6182}"
ES,LONG,2026-01-06 11:45:00-06:00,6976.25,2026-01-06 13:00:00-06:00,6986.0,1,46.35,9.75,2.4,take_profit,"{'signal_confidence': 0.7, 'signal_reason': 'EMA9_PB_LONG | ADX=25 | RSI=68 | ATR=7.1 | SL=8.0pts | TP=10.0pts', 'entry_module': '', 'entry_reason': '', 'entry_type': 'ema9_pullback', 'atr': 7.050334430368217, 'atr_value': 7.050334430368217, 'adx_value': 24.63303822019975, 'market_state': 'UPTREND_PULLBACK', 'trend_label': '', 'trend_label_htf': '', 'session_type': 'RTH', 'entry_bar_index': 6184}"
ES,LONG,2026-01-06 13:15:00-06:00,6989.25,2026-01-06 15:00:00-06:00,6986.25,1,-17.4,3.0,2.4,stop_loss,"{'signal_confidence': 0.7, 'signal_reason': 'TREND_CONT_LONG | ADX=32 | RSI=76 | MACD_H=1.88 | e9=6978.5 | #1 | SL=7.9pts | TP=9.9pts', 'entry_module': '', 'entry_reason': '', 'entry_type': 'trend_continuation_long', 'atr': 6.305367712102205, 'atr_value': 6.305367712102205, 'adx_value': 31.51410305083785, 'market_state': 'UPTREND_CONTINUATION', 'trend_label': '', 'trend_label_htf': '', 'session_type': 'RTH', 'entry_bar_index': 6190}"
ES,LONG,2026-01-07 10:00:00-06:00,6992.25,2026-01-07 11:00:00-06:00,7003.5,1,53.85,11.25,2.4,take_profit,"{'signal_confidence': 0.7, 'signal_reason': 'EMA21_PB_LONG | ADX=18 | RSI=60 | MACD_H=0.15 | ATR=5.9 | SL=8.8pts[STRUCT] | TP=11.8pts', 'entry_module': '', 'entry_reason': '', 'entry_type': 'ema21_pullback', 'atr': 5.913993597177902, 'atr_value': 5.913993597177902, 'adx_value': 18.347937239690477, 'market_state': 'UPTREND_PULLBACK', 'trend_label': '', 'trend_label_htf': '', 'session_type': 'RTH', 'entry_bar_index': 6269}"
ES,LONG,2026-01-09 11:00:00-06:00,7004.0,2026-01-09 13:00:00-06:00,7009.75,1,26.35,5.75,2.4,flatten,"{'signal_confidence': 0.7, 'signal_reason': 'EMA9_PB_LONG | ADX=22 | RSI=65 | ATR=10.3 | SL=10.3pts | TP=12.8pts', 'entry_module': '', 'entry_reason': '', 'entry_type': 'ema9_pullback', 'atr': 10.253649131701463, 'atr_value': 10.253649131701463, 'adx_value': 22.46703327169454, 'market_state': 'UPTREND_PULLBACK', 'trend_label': '', 'trend_label_htf': '', 'session_type': 'RTH', 'entry_bar_index': 6457}"
ES,SHORT,2026-01-14 12:45:00-06:00,6930.5,2026-01-14 13:00:00-06:00,6943.5,1,-67.4,13.0,2.4,stop_loss,"{'signal_confidence': 0.7, 'signal_reason': 'EMA21_PB_SHORT | ADX=39 | RSI=39 | MACD_H=0.24 | ATR=11.7 | SL=10.2pts[STRUCT] | TP=13.8pts', 'entry_module': '', 'entry_reason': '', 'entry_type': 'ema21_pullback_short', 'atr': 11.672467376958629, 'atr_value': 11.672467376958629, 'adx_value': 39.48817400824429, 'market_state': 'DOWNTREND_PULLBACK', 'trend_label': '', 'trend_label_htf': '', 'session_type': 'RTH', 'entry_bar_index': 6740}"
ES,LONG,2026-01-15 09:15:00-06:00,7003.0,2026-01-15 09:45:00-06:00,6994.25,1,-46.15,8.75,2.4,stop_loss,"{'signal_confidence': 0.7, 'signal_reason': 'TREND_CONT_LONG | ADX=49 | RSI=65 | MACD_H=0.06 | e9=6999.8 | #1 | SL=8.2pts | TP=10.3pts', 'entry_module': '', 'entry_reason': '', 'entry_type': 'trend_continuation_long', 'atr': 6.584853141874366, 'atr_value': 6.584853141874366, 'adx_value': 49.03001963745855, 'market_state': 'UPTREND_CONTINUATION', 'trend_label': '', 'trend_label_htf': '', 'session_type': 'RTH', 'entry_bar_index': 6818}"
ES,LONG,2026-01-15 10:15:00-06:00,7008.0,2026-01-15 12:15:00-06:00,7008.25,1,-1.15,0.25,2.4,flatten,"{'signal_confidence': 0.7, 'signal_reason': 'TREND_CONT_LONG | ADX=46 | RSI=69 | MACD_H=0.05 | e9=7003.1 | #2 | SL=9.6pts | TP=11.9pts', 'entry_module': '', 'entry_reason': '', 'entry_type': 'trend_continuation_long', 'atr': 7.6408655400112915, 'atr_value': 7.6408655400112915, 'adx_value': 46.34388639487985, 'market_state': 'UPTREND_CONTINUATION', 'trend_label': '', 'trend_label_htf': '', 'session_type': 'RTH', 'entry_bar_index': 6822}"
