symbol,direction,entry_time,entry_price,exit_time,exit_price,quantity,realized_pnl,pnl_points,commission,exit_reason,entry_metadata
ES,LONG,2024-03-19 17:30:00+00:00,5233.25,2024-03-19 19:30:00+00:00,5229.25,1,-22.4,4.0,2.4,flatten,"{'signal_confidence': 0.7, 'signal_reason': 'TREND_CONT_LONG | ADX=31 | RSI=71 | MACD_H=3.08 | e9=5223.9 | #1 | SL=8.4pts | TP=10.5pts', 'entry_module': '', 'entry_reason': '', 'entry_type': 'trend_continuation_long', 'atr': 6.689196618785783, 'atr_value': 6.689196618785783, 'adx_value': 31.247350035215042, 'market_state': 'UPTREND_CONTINUATION', 'trend_label': '', 'trend_label_htf': '', 'session_type': 'RTH', 'entry_bar_index': 253}"
ES,LONG,2024-03-19 20:00:00+00:00,5242.75,2024-03-20 01:45:00+00:00,5234.0,1,-46.15,8.75,2.4,stop_loss,"{'signal_confidence': 0.7, 'signal_reason': 'TREND_CONT_LONG | ADX=37 | RSI=71 | MACD_H=0.16 | e9=5233.7 | #2 | SL=8.1pts | TP=10.2pts', 'entry_module': '', 'entry_reason': '', 'entry_type': 'trend_continuation_long', 'atr': 6.509578559549781, 'atr_value': 6.509578559549781, 'adx_value': 37.43723513843825, 'market_state': 'UPTREND_CONTINUATION', 'trend_label': '', 'trend_label_htf': '', 'session_type': 'RTH', 'entry_bar_index': 263}"
ES,LONG,2024-03-20 16:00:00+00:00,5242.0,2024-03-20 17:00:00+00:00,5235.75,1,-33.65,6.25,2.4,stop_loss,"{'signal_confidence': 0.7, 'signal_reason': 'EMA21_PB_LONG | ADX=19 | RSI=52 | MACD_H=0.13 | ATR=4.4 | SL=6.0pts[STRUCT] | TP=8.0pts', 'entry_module': '', 'entry_reason': '', 'entry_type': 'ema21_pullback', 'atr': 4.352932978450849, 'atr_value': 4.352932978450849, 'adx_value': 18.943739357481146, 'market_state': 'UPTREND_PULLBACK', 'trend_label': '', 'trend_label_htf': '', 'session_type': 'RTH', 'entry_bar_index': 339}"
ES,LONG,2024-03-20 19:00:00+00:00,5272.75,2024-03-20 19:15:00+00:00,5286.0,1,63.85,13.25,2.4,take_profit,"{'signal_confidence': 0.7, 'signal_reason': 'TREND_CONT_LONG | ADX=26 | RSI=75 | MACD_H=3.23 | e9=5253.6 | #1 | SL=11.1pts | TP=13.8pts', 'entry_module': '', 'entry_reason': '', 'entry_type': 'trend_continuation_long', 'atr': 8.862814296468109, 'atr_value': 8.862814296468109, 'adx_value': 26.06772168732508, 'market_state': 'UPTREND_CONTINUATION', 'trend_label': '', 'trend_label_htf': '', 'session_type': 'RTH', 'entry_bar_index': 351}"
ES,LONG,2024-03-21 14:15:00+00:00,5316.0,2024-03-21 16:15:00+00:00,5320.25,1,18.85,4.25,2.4,flatten,"{'signal_confidence': 0.7, 'signal_reason': 'EMA21_PB_LONG | ADX=34 | RSI=64 | MACD_H=0.75 | ATR=4.6 | SL=6.0pts[STRUCT] | TP=8.0pts', 'entry_module': '', 'entry_reason': '', 'entry_type': 'ema21_pullback', 'atr': 4.608118873261921, 'atr_value': 4.608118873261921, 'adx_value': 34.49832482267635, 'market_state': 'UPTREND_PULLBACK', 'trend_label': '', 'trend_label_htf': '', 'session_type': 'RTH', 'entry_bar_index': 424}"
ES,LONG,2024-03-26 16:00:00+00:00,5292.5,2024-03-26 16:45:00+00:00,5286.0,1,-34.9,6.5,2.4,stop_loss,"{'signal_confidence': 0.7, 'signal_reason': 'EMA21_PB_LONG | ADX=18 | RSI=52 | MACD_H=-0.16 | ATR=3.9 | SL=6.0pts[STRUCT] | TP=8.0pts', 'entry_module': '', 'entry_reason': '', 'entry_type': 'ema21_pullback', 'atr': 3.9332189738746197, 'atr_value': 3.9332189738746197, 'adx_value': 18.460288485395594, 'market_state': 'UPTREND_PULLBACK', 'trend_label': '', 'trend_label_htf': '', 'session_type': 'RTH', 'entry_bar_index': 707}"
ES,LONG,2024-03-28 14:45:00+00:00,5312.75,2024-03-28 16:45:00+00:00,5309.0,1,-21.15,3.75,2.4,flatten,"{'signal_confidence': 0.7, 'signal_reason': 'EMA21_PB_LONG | ADX=20 | RSI=64 | MACD_H=0.46 | ATR=4.0 | SL=6.0pts[STRUCT] | TP=8.0pts', 'entry_module': '', 'entry_reason': '', 'entry_type': 'ema21_pullback', 'atr': 3.9675557311887975, 'atr_value': 3.9675557311887975, 'adx_value': 20.105504444503975, 'market_state': 'UPTREND_PULLBACK', 'trend_label': '', 'trend_label_htf': '', 'session_type': 'RTH', 'entry_bar_index': 886}"
ES,LONG,2024-04-03 14:45:00+00:00,5276.0,2024-04-03 16:00:00+00:00,5268.5,1,-39.9,7.5,2.4,stop_loss,"{'signal_confidence': 0.7, 'signal_reason': 'TREND_CONT_LONG | ADX=27 | RSI=73 | MACD_H=2.80 | e9=5263.2 | #1 | SL=7.2pts | TP=9.1pts', 'entry_module': '', 'entry_reason': '', 'entry_type': 'trend_continuation_long', 'atr': 5.792450062336284, 'atr_value': 5.792450062336284, 'adx_value': 27.467126591036138, 'market_state': 'UPTREND_CONTINUATION', 'trend_label': '', 'trend_label_htf': '', 'session_type': 'RTH', 'entry_bar_index': 1162}"
ES,LONG,2024-04-03 16:30:00+00:00,5277.75,2024-04-03 18:30:00+00:00,5272.5,1,-28.65,5.25,2.4,flatten,"{'signal_confidence': 0.7, 'signal_reason': 'EMA21_PB_LONG | ADX=30 | RSI=67 | MACD_H=1.05 | ATR=5.6 | SL=8.5pts[STRUCT] | TP=11.2pts', 'entry_module': '', 'entry_reason': '', 'entry_type': 'ema21_pullback', 'atr': 5.551898075204479, 'atr_value': 5.551898075204479, 'adx_value': 30.03060198879506, 'market_state': 'UPTREND_PULLBACK', 'trend_label': '', 'trend_label_htf': '', 'session_type': 'RTH', 'entry_bar_index': 1169}"
ES,LONG,2024-04-04 14:15:00+00:00,5299.0,2024-04-04 15:00:00+00:00,5292.5,1,-34.9,6.5,2.4,stop_loss,"{'signal_confidence': 0.7, 'signal_reason': 'TREND_CONT_LONG | ADX=33 | RSI=67 | MACD_H=1.35 | e9=5296.4 | #1 | SL=6.0pts | TP=7.5pts', 'entry_module': '', 'entry_reason': '', 'entry_type': 'trend_continuation_long', 'atr': 4.235719339380692, 'atr_value': 4.235719339380692, 'adx_value': 33.002355268942274, 'market_state': 'UPTREND_CONTINUATION', 'trend_label': '', 'trend_label_htf': '', 'session_type': 'RTH', 'entry_bar_index': 1252}"
ES,LONG,2024-04-04 15:30:00+00:00,5297.25,2024-04-04 16:00:00+00:00,5305.0,1,36.35,7.75,2.4,take_profit,"{'signal_confidence': 0.7, 'signal_reason': 'EMA21_PB_LONG | ADX=28 | RSI=60 | MACD_H=-0.30 | ATR=4.2 | SL=6.0pts[STRUCT] | TP=8.0pts', 'entry_module': '', 'entry_reason': '', 'entry_type': 'ema21_pullback', 'atr': 4.24024855840698, 'atr_value': 4.24024855840698, 'adx_value': 27.681288635391926, 'market_state': 'UPTREND_PULLBACK', 'trend_label': '', 'trend_label_htf': '', 'session_type': 'RTH', 'entry_bar_index': 1257}"
ES,LONG,2024-04-04 16:15:00+00:00,5305.75,2024-04-04 17:30:00+00:00,5299.25,1,-34.9,6.5,2.4,stop_loss,"{'signal_confidence': 0.7, 'signal_reason': 'TREND_CONT_LONG | ADX=28 | RSI=70 | MACD_H=0.22 | e9=5299.6 | #2 | SL=6.0pts | TP=7.5pts', 'entry_module': '', 'entry_reason': '', 'entry_type': 'trend_continuation_long', 'atr': 4.42331489898693, 'atr_value': 4.42331489898693, 'adx_value': 27.94645022321435, 'market_state': 'UPTREND_CONTINUATION', 'trend_label': '', 'trend_label_htf': '', 'session_type': 'RTH', 'entry_bar_index': 1260}"
ES,LONG,2024-04-05 17:30:00+00:00,5260.75,2024-04-05 17:45:00+00:00,5250.25,1,-54.9,10.5,2.4,stop_loss,"{'signal_confidence': 0.7, 'signal_reason': 'EMA9_PB_LONG | ADX=30 | RSI=64 | ATR=10.1 | SL=10.1pts | TP=12.6pts', 'entry_module': '', 'entry_reason': '', 'entry_type': 'ema9_pullback', 'atr': 10.089739539791676, 'atr_value': 10.089739539791676, 'adx_value': 29.74954903152365, 'market_state': 'UPTREND_PULLBACK', 'trend_label': '', 'trend_label_htf': '', 'session_type': 'RTH', 'entry_bar_index': 1357}"
ES,LONG,2024-04-18 15:15:00+00:00,5090.75,2024-04-18 15:45:00+00:00,5080.0,1,-56.15,10.75,2.4,stop_loss,"{'signal_confidence': 0.7, 'signal_reason': 'TREND_CONT_LONG | ADX=28 | RSI=65 | MACD_H=2.31 | e9=5078.6 | #1 | SL=10.1pts | TP=12.7pts', 'entry_module': '', 'entry_reason': '', 'entry_type': 'trend_continuation_long', 'atr': 8.096068443087624, 'atr_value': 8.096068443087624, 'adx_value': 27.631438541895704, 'market_state': 'UPTREND_CONTINUATION', 'trend_label': '', 'trend_label_htf': '', 'session_type': 'RTH', 'entry_bar_index': 2176}"
ES,LONG,2024-04-18 16:30:00+00:00,5080.25,2024-04-18 16:45:00+00:00,5072.0,1,-43.65,8.25,2.4,stop_loss,"{'signal_confidence': 0.7, 'signal_reason': 'EMA21_PB_LONG | ADX=21 | RSI=53 | MACD_H=0.66 | ATR=8.0 | SL=6.0pts[STRUCT] | TP=8.0pts', 'entry_module': '', 'entry_reason': '', 'entry_type': 'ema21_pullback', 'atr': 7.971463323390799, 'atr_value': 7.971463323390799, 'adx_value': 21.1268794084446, 'market_state': 'UPTREND_PULLBACK', 'trend_label': '', 'trend_label_htf': '', 'session_type': 'RTH', 'entry_bar_index': 2181}"
ES,LONG,2024-04-23 16:15:00+00:00,5102.75,2024-04-23 18:15:00+00:00,5109.25,1,30.1,6.5,2.4,flatten,"{'signal_confidence': 0.7, 'signal_reason': 'TREND_CONT_LONG | ADX=43 | RSI=75 | MACD_H=1.62 | e9=5094.8 | #1 | SL=9.2pts | TP=11.5pts', 'entry_module': '', 'entry_reason': '', 'entry_type': 'trend_continuation_long', 'atr': 7.340035440656226, 'atr_value': 7.340035440656226, 'adx_value': 42.624403705456594, 'market_state': 'UPTREND_CONTINUATION', 'trend_label': '', 'trend_label_htf': '', 'session_type': 'RTH', 'entry_bar_index': 2456}"
ES,LONG,2024-04-25 19:30:00+00:00,5089.75,2024-04-25 19:45:00+00:00,5077.5,1,-63.65,12.25,2.4,stop_loss,"{'signal_confidence': 0.7, 'signal_reason': 'EMA9_PB_LONG | ADX=26 | RSI=66 | ATR=10.0 | SL=10.0pts | TP=12.5pts', 'entry_module': '', 'entry_reason': '', 'entry_type': 'ema9_pullback', 'atr': 10.023278532636454, 'atr_value': 10.023278532636454, 'adx_value': 26.040396641457324, 'market_state': 'UPTREND_PULLBACK', 'trend_label': '', 'trend_label_htf': '', 'session_type': 'RTH', 'entry_bar_index': 2653}"
ES,LONG,2024-05-02 18:45:00+00:00,5089.5,2024-05-02 19:45:00+00:00,5079.75,1,-51.15,9.75,2.4,stop_loss,"{'signal_confidence': 0.7, 'signal_reason': 'EMA9_PB_LONG | ADX=23 | RSI=62 | ATR=9.3 | SL=9.3pts | TP=11.6pts', 'entry_module': '', 'entry_reason': '', 'entry_type': 'ema9_pullback', 'atr': 9.296044384513984, 'atr_value': 9.296044384513984, 'adx_value': 22.616926645472493, 'market_state': 'UPTREND_PULLBACK', 'trend_label': '', 'trend_label_htf': '', 'session_type': 'RTH', 'entry_bar_index': 3110}"
ES,LONG,2024-05-07 14:15:00+00:00,5218.25,2024-05-07 16:15:00+00:00,5221.5,1,13.85,3.25,2.4,flatten,"{'signal_confidence': 0.7, 'signal_reason': 'EMA21_PB_LONG | ADX=25 | RSI=66 | MACD_H=0.78 | ATR=3.7 | SL=7.8pts[STRUCT] | TP=10.2pts', 'entry_module': '', 'entry_reason': '', 'entry_type': 'ema21_pullback', 'atr': 3.678664409452332, 'atr_value': 3.678664409452332, 'adx_value': 24.926280008586527, 'market_state': 'UPTREND_PULLBACK', 'trend_label': '', 'trend_label_htf': '', 'session_type': 'RTH', 'entry_bar_index': 3368}"
ES,LONG,2024-05-07 17:15:00+00:00,5222.0,2024-05-07 17:45:00+00:00,5215.25,1,-36.15,6.75,2.4,stop_loss,"{'signal_confidence': 0.7, 'signal_reason': 'EMA21_PB_LONG | ADX=28 | RSI=62 | MACD_H=0.01 | ATR=4.0 | SL=6.0pts[STRUCT] | TP=8.0pts', 'entry_module': '', 'entry_reason': '', 'entry_type': 'ema21_pullback', 'atr': 3.952092647434542, 'atr_value': 3.952092647434542, 'adx_value': 27.970932659048156, 'market_state': 'UPTREND_PULLBACK', 'trend_label': '', 'trend_label_htf': '', 'session_type': 'RTH', 'entry_bar_index': 3380}"
ES,LONG,2024-05-09 14:15:00+00:00,5215.0,2024-05-09 14:30:00+00:00,5222.5,1,35.1,7.5,2.4,take_profit,"{'signal_confidence': 0.7, 'signal_reason': 'EMA21_PB_LONG | ADX=21 | RSI=62 | MACD_H=1.09 | ATR=5.3 | SL=6.0pts[STRUCT] | TP=8.0pts', 'entry_module': '', 'entry_reason': '', 'entry_type': 'ema21_pullback', 'atr': 5.317941702832856, 'atr_value': 5.317941702832856, 'adx_value': 21.181490842200567, 'market_state': 'UPTREND_PULLBACK', 'trend_label': '', 'trend_label_htf': '', 'session_type': 'RTH', 'entry_bar_index': 3552}"
ES,LONG,2024-05-09 15:00:00+00:00,5229.5,2024-05-09 15:45:00+00:00,5221.5,1,-42.4,8.0,2.4,stop_loss,"{'signal_confidence': 0.7, 'signal_reason': 'TREND_CONT_LONG | ADX=25 | RSI=74 | MACD_H=2.31 | e9=5217.8 | #1 | SL=7.4pts | TP=9.3pts', 'entry_module': '', 'entry_reason': '', 'entry_type': 'trend_continuation_long', 'atr': 5.9264824785436545, 'atr_value': 5.9264824785436545, 'adx_value': 25.13063047651442, 'market_state': 'UPTREND_CONTINUATION', 'trend_label': '', 'trend_label_htf': '', 'session_type': 'RTH', 'entry_bar_index': 3555}"
ES,LONG,2024-05-09 16:15:00+00:00,5226.25,2024-05-09 18:15:00+00:00,5228.25,1,7.6,2.0,2.4,flatten,"{'signal_confidence': 0.7, 'signal_reason': 'EMA21_PB_LONG | ADX=28 | RSI=63 | MACD_H=1.02 | ATR=5.7 | SL=6.0pts[STRUCT] | TP=8.0pts', 'entry_module': '', 'entry_reason': '', 'entry_type': 'ema21_pullback', 'atr': 5.722625261992603, 'atr_value': 5.722625261992603, 'adx_value': 27.765593020072007, 'market_state': 'UPTREND_PULLBACK', 'trend_label': '', 'trend_label_htf': '', 'session_type': 'RTH', 'entry_bar_index': 3560}"
ES,LONG,2024-05-09 18:45:00+00:00,5234.5,2024-05-09 20:00:00+00:00,5242.5,1,37.6,8.0,2.4,take_profit,"{'signal_confidence': 0.7, 'signal_reason': 'EMA21_PB_LONG | ADX=27 | RSI=68 | MACD_H=-0.13 | ATR=5.3 | SL=6.0pts[STRUCT] | TP=8.0pts', 'entry_module': '', 'entry_reason': '', 'entry_type': 'ema21_pullback', 'atr': 5.272126373908555, 'atr_value': 5.272126373908555, 'adx_value': 26.992108095616953, 'market_state': 'UPTREND_PULLBACK', 'trend_label': '', 'trend_label_htf': '', 'session_type': 'RTH', 'entry_bar_index': 3570}"
ES,LONG,2024-05-14 14:15:00+00:00,5252.25,2024-05-14 14:30:00+00:00,5245.75,1,-34.9,6.5,2.4,stop_loss,"{'signal_confidence': 0.7, 'signal_reason': 'EMA21_PB_LONG | ADX=33 | RSI=61 | MACD_H=0.35 | ATR=5.1 | SL=6.0pts[STRUCT] | TP=8.0pts', 'entry_module': '', 'entry_reason': '', 'entry_type': 'ema21_pullback', 'atr': 5.142265608735222, 'atr_value': 5.142265608735222, 'adx_value': 32.62226411638669, 'market_state': 'UPTREND_PULLBACK', 'trend_label': '', 'trend_label_htf': '', 'session_type': 'RTH', 'entry_bar_index': 3828}"
ES,LONG,2024-05-14 15:00:00+00:00,5253.5,2024-05-14 16:15:00+00:00,5243.75,1,-51.15,9.75,2.4,stop_loss,"{'signal_confidence': 0.7, 'signal_reason': 'EMA21_PB_LONG | ADX=30 | RSI=57 | MACD_H=0.52 | ATR=6.8 | SL=9.5pts[STRUCT] | TP=12.8pts', 'entry_module': '', 'entry_reason': '', 'entry_type': 'ema21_pullback', 'atr': 6.762867180171751, 'atr_value': 6.762867180171751, 'adx_value': 30.496767322922675, 'market_state': 'UPTREND_PULLBACK', 'trend_label': '', 'trend_label_htf': '', 'session_type': 'RTH', 'entry_bar_index': 3831}"
ES,LONG,2024-05-14 17:45:00+00:00,5250.25,2024-05-14 18:00:00+00:00,5258.25,1,37.6,8.0,2.4,take_profit,"{'signal_confidence': 0.7, 'signal_reason': 'EMA21_PB_LONG | ADX=27 | RSI=54 | MACD_H=-0.42 | ATR=5.6 | SL=6.0pts[STRUCT] | TP=8.0pts', 'entry_module': '', 'entry_reason': '', 'entry_type': 'ema21_pullback', 'atr': 5.584342912417273, 'atr_value': 5.584342912417273, 'adx_value': 27.358013943768153, 'market_state': 'UPTREND_PULLBACK', 'trend_label': '', 'trend_label_htf': '', 'session_type': 'RTH', 'entry_bar_index': 3842}"
ES,LONG,2024-05-14 19:00:00+00:00,5269.0,2024-05-14 20:00:00+00:00,5268.25,1,-6.15,0.75,2.4,stop_loss,"{'signal_confidence': 0.7, 'signal_reason': 'EMA9_PB_LONG | ADX=28 | RSI=70 | ATR=6.1 | SL=8.0pts | TP=10.0pts', 'entry_module': '', 'entry_reason': '', 'entry_type': 'ema9_pullback', 'atr': 6.081436367622396, 'atr_value': 6.081436367622396, 'adx_value': 27.73525960405, 'market_state': 'UPTREND_PULLBACK', 'trend_label': '', 'trend_label_htf': '', 'session_type': 'RTH', 'entry_bar_index': 3847}"
ES,LONG,2024-05-15 14:15:00+00:00,5297.25,2024-05-15 14:30:00+00:00,5306.5,1,43.85,9.25,2.4,take_profit,"{'signal_confidence': 0.7, 'signal_reason': 'TREND_CONT_LONG | ADX=32 | RSI=72 | MACD_H=2.34 | e9=5290.0 | #1 | SL=7.5pts | TP=9.4pts', 'entry_module': '', 'entry_reason': '', 'entry_type': 'trend_continuation_long', 'atr': 6.037302921434256, 'atr_value': 6.037302921434256, 'adx_value': 32.48815136398214, 'market_state': 'UPTREND_CONTINUATION', 'trend_label': '', 'trend_label_htf': '', 'session_type': 'RTH', 'entry_bar_index': 3920}"
ES,LONG,2024-05-16 14:15:00+00:00,5337.5,2024-05-16 16:15:00+00:00,5340.25,1,11.35,2.75,2.4,flatten,"{'signal_confidence': 0.7, 'signal_reason': 'EMA21_PB_LONG | ADX=21 | RSI=53 | MACD_H=-0.01 | ATR=3.6 | SL=9.2pts[STRUCT] | TP=12.2pts', 'entry_module': '', 'entry_reason': '', 'entry_type': 'ema21_pullback', 'atr': 3.587799657335865, 'atr_value': 3.587799657335865, 'adx_value': 21.281066680008134, 'market_state': 'UPTREND_PULLBACK', 'trend_label': '', 'trend_label_htf': '', 'session_type': 'RTH', 'entry_bar_index': 4012}"
ES,LONG,2024-05-21 16:15:00+00:00,5333.0,2024-05-21 18:15:00+00:00,5337.0,1,17.6,4.0,2.4,flatten,"{'signal_confidence': 0.7, 'signal_reason': 'EMA21_PB_LONG | ADX=20 | RSI=52 | MACD_H=0.41 | ATR=3.6 | SL=6.0pts[STRUCT] | TP=8.0pts', 'entry_module': '', 'entry_reason': '', 'entry_type': 'ema21_pullback', 'atr': 3.5751665908129224, 'atr_value': 3.5751665908129224, 'adx_value': 20.442096906666915, 'market_state': 'UPTREND_PULLBACK', 'trend_label': '', 'trend_label_htf': '', 'session_type': 'RTH', 'entry_bar_index': 4296}"
ES,LONG,2024-05-21 19:45:00+00:00,5342.5,2024-05-21 20:00:00+00:00,5342.75,1,-1.15,0.25,2.4,stop_loss,"{'signal_confidence': 0.7, 'signal_reason': 'EMA21_PB_LONG | ADX=20 | RSI=65 | MACD_H=0.73 | ATR=4.3 | SL=6.0pts[STRUCT] | TP=8.0pts', 'entry_module': '', 'entry_reason': '', 'entry_type': 'ema21_pullback', 'atr': 4.300410608806235, 'atr_value': 4.300410608806235, 'adx_value': 19.804729801194057, 'market_state': 'UPTREND_PULLBACK', 'trend_label': '', 'trend_label_htf': '', 'session_type': 'RTH', 'entry_bar_index': 4310}"
ES,LONG,2024-05-22 17:15:00+00:00,5342.75,2024-05-22 17:30:00+00:00,5336.25,1,-34.9,6.5,2.4,stop_loss,"{'signal_confidence': 0.7, 'signal_reason': 'EMA21_PB_LONG | ADX=25 | RSI=55 | MACD_H=0.16 | ATR=3.4 | SL=6.0pts[STRUCT] | TP=8.0pts', 'entry_module': '', 'entry_reason': '', 'entry_type': 'ema21_pullback', 'atr': 3.3854706517691047, 'atr_value': 3.3854706517691047, 'adx_value': 24.507131848415995, 'market_state': 'UPTREND_PULLBACK', 'trend_label': '', 'trend_label_htf': '', 'session_type': 'RTH', 'entry_bar_index': 4392}"
ES,LONG,2024-05-24 14:15:00+00:00,5304.25,2024-05-24 14:30:00+00:00,5312.75,1,40.1,8.5,2.4,take_profit,"{'signal_confidence': 0.7, 'signal_reason': 'EMA21_PB_LONG | ADX=25 | RSI=58 | MACD_H=0.14 | ATR=5.2 | SL=6.5pts[STRUCT] | TP=8.8pts', 'entry_module': '', 'entry_reason': '', 'entry_type': 'ema21_pullback', 'atr': 5.23172959431605, 'atr_value': 5.23172959431605, 'adx_value': 24.50114963310962, 'market_state': 'UPTREND_PULLBACK', 'trend_label': '', 'trend_label_htf': '', 'session_type': 'RTH', 'entry_bar_index': 4564}"
ES,LONG,2024-05-24 17:15:00+00:00,5322.25,2024-05-24 19:00:00+00:00,5315.75,1,-34.9,6.5,2.4,stop_loss,"{'signal_confidence': 0.7, 'signal_reason': 'EMA21_PB_LONG | ADX=31 | RSI=61 | MACD_H=0.33 | ATR=6.3 | SL=6.0pts[STRUCT] | TP=8.0pts', 'entry_module': '', 'entry_reason': '', 'entry_type': 'ema21_pullback', 'atr': 6.337892630643077, 'atr_value': 6.337892630643077, 'adx_value': 31.486212052744456, 'market_state': 'UPTREND_PULLBACK', 'trend_label': '', 'trend_label_htf': '', 'session_type': 'RTH', 'entry_bar_index': 4576}"
ES,LONG,2024-05-30 17:00:00+00:00,5271.75,2024-05-30 18:15:00+00:00,5265.25,1,-34.9,6.5,2.4,stop_loss,"{'signal_confidence': 0.7, 'signal_reason': 'EMA21_PB_LONG | ADX=20 | RSI=60 | MACD_H=0.60 | ATR=5.8 | SL=6.0pts[STRUCT] | TP=8.0pts', 'entry_module': '', 'entry_reason': '', 'entry_type': 'ema21_pullback', 'atr': 5.799984056647691, 'atr_value': 5.799984056647691, 'adx_value': 20.204991776411312, 'market_state': 'UPTREND_PULLBACK', 'trend_label': '', 'trend_label_htf': '', 'session_type': 'RTH', 'entry_bar_index': 4927}"
ES,LONG,2024-06-04 18:15:00+00:00,5294.75,2024-06-04 18:30:00+00:00,5310.0,1,73.85,15.25,2.4,take_profit,"{'signal_confidence': 0.7, 'signal_reason': 'EMA21_PB_LONG | ADX=20 | RSI=62 | MACD_H=1.40 | ATR=8.0 | SL=7.5pts[STRUCT] | TP=10.0pts', 'entry_module': '', 'entry_reason': '', 'entry_type': 'ema21_pullback', 'atr': 7.999267070517003, 'atr_value': 7.999267070517003, 'adx_value': 20.184322705970573, 'market_state': 'UPTREND_PULLBACK', 'trend_label': '', 'trend_label_htf': '', 'session_type': 'RTH', 'entry_bar_index': 5208}"
ES,LONG,2024-06-05 14:45:00+00:00,5326.25,2024-06-05 15:00:00+00:00,5334.0,1,36.35,7.75,2.4,take_profit,"{'signal_confidence': 0.7, 'signal_reason': 'EMA21_PB_LONG | ADX=20 | RSI=60 | MACD_H=-0.05 | ATR=5.8 | SL=6.0pts[STRUCT] | TP=8.0pts', 'entry_module': '', 'entry_reason': '', 'entry_type': 'ema21_pullback', 'atr': 5.778844920282516, 'atr_value': 5.778844920282516, 'adx_value': 20.22932752298704, 'market_state': 'UPTREND_PULLBACK', 'trend_label': '', 'trend_label_htf': '', 'session_type': 'RTH', 'entry_bar_index': 5286}"
ES,LONG,2024-06-05 17:15:00+00:00,5349.25,2024-06-05 18:30:00+00:00,5357.75,1,40.1,8.5,2.4,take_profit,"{'signal_confidence': 0.7, 'signal_reason': 'TREND_CONT_LONG | ADX=26 | RSI=74 | MACD_H=1.56 | e9=5341.4 | #1 | SL=7.0pts | TP=8.7pts', 'entry_module': '', 'entry_reason': '', 'entry_type': 'trend_continuation_long', 'atr': 5.587368869243434, 'atr_value': 5.587368869243434, 'adx_value': 25.655442336493618, 'market_state': 'UPTREND_CONTINUATION', 'trend_label': '', 'trend_label_htf': '', 'session_type': 'RTH', 'entry_bar_index': 5296}"
ES,LONG,2024-06-05 18:45:00+00:00,5360.0,2024-06-05 19:45:00+00:00,5352.5,1,-39.9,7.5,2.4,stop_loss,"{'signal_confidence': 0.7, 'signal_reason': 'TREND_CONT_LONG | ADX=31 | RSI=77 | MACD_H=1.08 | e9=5350.6 | #2 | SL=6.9pts | TP=8.7pts', 'entry_module': '', 'entry_reason': '', 'entry_type': 'trend_continuation_long', 'atr': 5.544114649878032, 'atr_value': 5.544114649878032, 'adx_value': 30.58728969124615, 'market_state': 'UPTREND_CONTINUATION', 'trend_label': '', 'trend_label_htf': '', 'session_type': 'RTH', 'entry_bar_index': 5302}"
ES,LONG,2024-06-11 19:00:00+00:00,5376.75,2024-06-11 23:00:00+00:00,5386.5,1,46.35,9.75,2.4,take_profit,"{'signal_confidence': 0.7, 'signal_reason': 'EMA9_PB_LONG | ADX=28 | RSI=66 | ATR=6.4 | SL=8.0pts | TP=10.0pts', 'entry_module': '', 'entry_reason': '', 'entry_type': 'ema9_pullback', 'atr': 6.43704810425457, 'atr_value': 6.43704810425457, 'adx_value': 27.652843194204074, 'market_state': 'UPTREND_PULLBACK', 'trend_label': '', 'trend_label_htf': '', 'session_type': 'RTH', 'entry_bar_index': 5671}"
ES,LONG,2024-06-12 15:30:00+00:00,5446.5,2024-06-12 17:30:00+00:00,5437.5,1,-47.4,9.0,2.4,stop_loss,"{'signal_confidence': 0.7, 'signal_reason': 'TREND_CONT_LONG | ADX=58 | RSI=77 | MACD_H=1.86 | e9=5439.9 | #1 | SL=8.6pts | TP=10.7pts', 'entry_module': '', 'entry_reason': '', 'entry_type': 'trend_continuation_long', 'atr': 6.854825151012046, 'atr_value': 6.854825151012046, 'adx_value': 58.43297456341354, 'market_state': 'UPTREND_CONTINUATION', 'trend_label': '', 'trend_label_htf': '', 'session_type': 'RTH', 'entry_bar_index': 5749}"
ES,LONG,2024-06-18 14:15:00+00:00,5485.5,2024-06-18 14:45:00+00:00,5479.0,1,-34.9,6.5,2.4,stop_loss,"{'signal_confidence': 0.7, 'signal_reason': 'EMA21_PB_LONG | ADX=24 | RSI=62 | MACD_H=0.79 | ATR=4.2 | SL=6.0pts[STRUCT] | TP=8.0pts', 'entry_module': '', 'entry_reason': '', 'entry_type': 'ema21_pullback', 'atr': 4.174639609663876, 'atr_value': 4.174639609663876, 'adx_value': 24.35937010585078, 'market_state': 'UPTREND_PULLBACK', 'trend_label': '', 'trend_label_htf': '', 'session_type': 'RTH', 'entry_bar_index': 6112}"
ES,LONG,2024-06-18 15:45:00+00:00,5483.0,2024-06-18 17:45:00+00:00,5491.0,1,37.6,8.0,2.4,take_profit,"{'signal_confidence': 0.7, 'signal_reason': 'EMA21_PB_LONG | ADX=26 | RSI=56 | MACD_H=-0.00 | ATR=4.7 | SL=6.0pts[STRUCT] | TP=8.0pts', 'entry_module': '', 'entry_reason': '', 'entry_type': 'ema21_pullback', 'atr': 4.745217140828079, 'atr_value': 4.745217140828079, 'adx_value': 25.852544523898445, 'market_state': 'UPTREND_PULLBACK', 'trend_label': '', 'trend_label_htf': '', 'session_type': 'RTH', 'entry_bar_index': 6118}"
ES,LONG,2024-06-18 19:00:00+00:00,5488.0,2024-06-18 22:30:00+00:00,5495.75,1,36.35,7.75,2.4,take_profit,"{'signal_confidence': 0.7, 'signal_reason': 'EMA21_PB_LONG | ADX=24 | RSI=58 | MACD_H=0.08 | ATR=5.1 | SL=6.0pts[STRUCT] | TP=8.0pts', 'entry_module': '', 'entry_reason': '', 'entry_type': 'ema21_pullback', 'atr': 5.0670077635463455, 'atr_value': 5.0670077635463455, 'adx_value': 23.67546030579467, 'market_state': 'UPTREND_PULLBACK', 'trend_label': '', 'trend_label_htf': '', 'session_type': 'RTH', 'entry_bar_index': 6131}"
ES,LONG,2024-06-21 15:00:00+00:00,5537.75,2024-06-21 17:00:00+00:00,5534.25,1,-19.9,3.5,2.4,flatten,"{'signal_confidence': 0.7, 'signal_reason': 'EMA21_PB_LONG | ADX=25 | RSI=52 | MACD_H=-0.31 | ATR=6.5 | SL=9.0pts[STRUCT] | TP=12.0pts', 'entry_module': '', 'entry_reason': '', 'entry_type': 'ema21_pullback', 'atr': 6.4980618915513855, 'atr_value': 6.4980618915513855, 'adx_value': 25.015549071551597, 'market_state': 'UPTREND_PULLBACK', 'trend_label': '', 'trend_label_htf': '', 'session_type': 'RTH', 'entry_bar_index': 6375}"
ES,LONG,2024-06-27 14:15:00+00:00,5554.25,2024-06-27 14:45:00+00:00,5546.5,1,-41.15,7.75,2.4,stop_loss,"{'signal_confidence': 0.7, 'signal_reason': 'TREND_CONT_LONG | ADX=29 | RSI=70 | MACD_H=1.47 | e9=5544.4 | #1 | SL=7.1pts | TP=8.8pts', 'entry_module': '', 'entry_reason': '', 'entry_type': 'trend_continuation_long', 'atr': 5.656065453200227, 'atr_value': 5.656065453200227, 'adx_value': 29.14378840318063, 'market_state': 'UPTREND_CONTINUATION', 'trend_label': '', 'trend_label_htf': '', 'session_type': 'RTH', 'entry_bar_index': 6740}"
ES,LONG,2024-06-27 17:30:00+00:00,5547.75,2024-06-27 18:00:00+00:00,5539.75,1,-42.4,8.0,2.4,stop_loss,"{'signal_confidence': 0.7, 'signal_reason': 'EMA21_PB_LONG | ADX=21 | RSI=58 | MACD_H=-0.13 | ATR=6.0 | SL=7.5pts[STRUCT] | TP=10.0pts', 'entry_module': '', 'entry_reason': '', 'entry_type': 'ema21_pullback', 'atr': 6.009331263047943, 'atr_value': 6.009331263047943, 'adx_value': 20.712582222895147, 'market_state': 'UPTREND_PULLBACK', 'trend_label': '', 'trend_label_htf': '', 'session_type': 'RTH', 'entry_bar_index': 6753}"
ES,LONG,2024-07-02 15:00:00+00:00,5536.75,2024-07-02 17:00:00+00:00,5546.5,1,46.35,9.75,2.4,take_profit,"{'signal_confidence': 0.7, 'signal_reason': 'TREND_CONT_LONG | ADX=34 | RSI=74 | MACD_H=2.93 | e9=5527.3 | #1 | SL=7.9pts | TP=9.9pts', 'entry_module': '', 'entry_reason': '', 'entry_type': 'trend_continuation_long', 'atr': 6.313187062499881, 'atr_value': 6.313187062499881, 'adx_value': 34.2840227160412, 'market_state': 'UPTREND_CONTINUATION', 'trend_label': '', 'trend_label_htf': '', 'session_type': 'RTH', 'entry_bar_index': 7019}"
ES,LONG,2024-07-02 17:15:00+00:00,5546.0,2024-07-02 18:00:00+00:00,5555.5,1,45.1,9.5,2.4,take_profit,"{'signal_confidence': 0.7, 'signal_reason': 'TREND_CONT_LONG | ADX=27 | RSI=71 | MACD_H=0.89 | e9=5537.7 | #2 | SL=7.6pts | TP=9.5pts', 'entry_module': '', 'entry_reason': '', 'entry_type': 'trend_continuation_long', 'atr': 6.106911030924739, 'atr_value': 6.106911030924739, 'adx_value': 27.389028080578456, 'market_state': 'UPTREND_CONTINUATION', 'trend_label': '', 'trend_label_htf': '', 'session_type': 'RTH', 'entry_bar_index': 7028}"
ES,LONG,2024-07-03 14:15:00+00:00,5576.0,2024-07-03 16:15:00+00:00,5588.5,1,60.1,12.5,2.4,take_profit,"{'signal_confidence': 0.7, 'signal_reason': 'EMA21_PB_LONG | ADX=27 | RSI=70 | MACD_H=0.72 | ATR=4.1 | SL=9.5pts[STRUCT] | TP=12.8pts', 'entry_module': '', 'entry_reason': '', 'entry_type': 'ema21_pullback', 'atr': 4.05336824489957, 'atr_value': 4.05336824489957, 'adx_value': 27.377561498912474, 'market_state': 'UPTREND_PULLBACK', 'trend_label': '', 'trend_label_htf': '', 'session_type': 'RTH', 'entry_bar_index': 7108}"
ES,LONG,2024-07-03 16:30:00+00:00,5589.25,2024-07-03 16:45:00+00:00,5582.75,1,-34.9,6.5,2.4,stop_loss,"{'signal_confidence': 0.7, 'signal_reason': 'TREND_CONT_LONG | ADX=42 | RSI=75 | MACD_H=1.76 | e9=5580.1 | #2 | SL=6.0pts | TP=7.5pts', 'entry_module': '', 'entry_reason': '', 'entry_type': 'trend_continuation_long', 'atr': 4.622108788857656, 'atr_value': 4.622108788857656, 'adx_value': 42.347286389953474, 'market_state': 'UPTREND_CONTINUATION', 'trend_label': '', 'trend_label_htf': '', 'session_type': 'RTH', 'entry_bar_index': 7117}"
ES,LONG,2024-07-05 14:45:00+00:00,5600.75,2024-07-05 16:15:00+00:00,5612.5,1,56.35,11.75,2.4,take_profit,"{'signal_confidence': 0.7, 'signal_reason': 'EMA21_PB_LONG | ADX=35 | RSI=61 | MACD_H=0.85 | ATR=5.9 | SL=8.8pts[STRUCT] | TP=11.8pts', 'entry_module': '', 'entry_reason': '', 'entry_type': 'ema21_pullback', 'atr': 5.946999620769172, 'atr_value': 5.946999620769172, 'adx_value': 34.69724312370673, 'market_state': 'UPTREND_PULLBACK', 'trend_label': '', 'trend_label_htf': '', 'session_type': 'RTH', 'entry_bar_index': 7263}"
ES,LONG,2024-07-10 14:15:00+00:00,5650.0,2024-07-10 14:30:00+00:00,5643.5,1,-34.9,6.5,2.4,stop_loss,"{'signal_confidence': 0.7, 'signal_reason': 'EMA21_PB_LONG | ADX=32 | RSI=76 | MACD_H=0.30 | ATR=2.5 | SL=6.0pts[STRUCT] | TP=8.0pts', 'entry_module': '', 'entry_reason': '', 'entry_type': 'ema21_pullback', 'atr': 2.5302444238656014, 'atr_value': 2.5302444238656014, 'adx_value': 32.49186392951199, 'market_state': 'UPTREND_PULLBACK', 'trend_label': '', 'trend_label_htf': '', 'session_type': 'RTH', 'entry_bar_index': 7537}"
ES,LONG,2024-07-10 15:15:00+00:00,5643.5,2024-07-10 15:30:00+00:00,5651.25,1,36.35,7.75,2.4,take_profit,"{'signal_confidence': 0.7, 'signal_reason': 'EMA21_PB_LONG | ADX=28 | RSI=53 | MACD_H=-0.37 | ATR=3.0 | SL=6.0pts[STRUCT] | TP=8.0pts', 'entry_module': '', 'entry_reason': '', 'entry_type': 'ema21_pullback', 'atr': 3.045718216108534, 'atr_value': 3.045718216108534, 'adx_value': 27.740116021661223, 'market_state': 'UPTREND_PULLBACK', 'trend_label': '', 'trend_label_htf': '', 'session_type': 'RTH', 'entry_bar_index': 7541}"
ES,LONG,2024-07-10 15:45:00+00:00,5652.25,2024-07-10 16:15:00+00:00,5660.0,1,36.35,7.75,2.4,take_profit,"{'signal_confidence': 0.7, 'signal_reason': 'EMA21_PB_LONG | ADX=28 | RSI=69 | MACD_H=0.28 | ATR=3.3 | SL=6.0pts[STRUCT] | TP=8.0pts', 'entry_module': '', 'entry_reason': '', 'entry_type': 'ema21_pullback', 'atr': 3.3251345842976647, 'atr_value': 3.3251345842976647, 'adx_value': 27.96914833176425, 'market_state': 'UPTREND_PULLBACK', 'trend_label': '', 'trend_label_htf': '', 'session_type': 'RTH', 'entry_bar_index': 7543}"
ES,LONG,2024-07-16 14:45:00+00:00,5702.75,2024-07-16 16:15:00+00:00,5692.5,1,-53.65,10.25,2.4,stop_loss,"{'signal_confidence': 0.7, 'signal_reason': 'EMA21_PB_LONG | ADX=20 | RSI=63 | MACD_H=0.65 | ATR=5.9 | SL=9.8pts[STRUCT] | TP=13.0pts', 'entry_module': '', 'entry_reason': '', 'entry_type': 'ema21_pullback', 'atr': 5.931489105858116, 'atr_value': 5.931489105858116, 'adx_value': 19.647411375943555, 'market_state': 'UPTREND_PULLBACK', 'trend_label': '', 'trend_label_htf': '', 'session_type': 'RTH', 'entry_bar_index': 7907}"
ES,LONG,2024-07-23 14:15:00+00:00,5621.25,2024-07-23 14:45:00+00:00,5613.75,1,-39.9,7.5,2.4,stop_loss,"{'signal_confidence': 0.7, 'signal_reason': 'EMA21_PB_LONG | ADX=20 | RSI=65 | MACD_H=0.67 | ATR=6.1 | SL=7.0pts[STRUCT] | TP=9.2pts', 'entry_module': '', 'entry_reason': '', 'entry_type': 'ema21_pullback', 'atr': 6.109795634081974, 'atr_value': 6.109795634081974, 'adx_value': 19.606406393845283, 'market_state': 'UPTREND_PULLBACK', 'trend_label': '', 'trend_label_htf': '', 'session_type': 'RTH', 'entry_bar_index': 8365}"
ES,LONG,2024-07-23 19:30:00+00:00,5614.0,2024-07-23 19:45:00+00:00,5604.0,1,-52.4,10.0,2.4,stop_loss,"{'signal_confidence': 0.7, 'signal_reason': 'EMA21_PB_LONG | ADX=19 | RSI=51 | MACD_H=-0.42 | ATR=6.8 | SL=6.0pts[STRUCT] | TP=8.0pts', 'entry_module': '', 'entry_reason': '', 'entry_type': 'ema21_pullback', 'atr': 6.817663539012665, 'atr_value': 6.817663539012665, 'adx_value': 19.10815190048502, 'market_state': 'UPTREND_PULLBACK', 'trend_label': '', 'trend_label_htf': '', 'session_type': 'RTH', 'entry_bar_index': 8386}"
ES,LONG,2024-07-25 17:45:00+00:00,5508.25,2024-07-25 18:00:00+00:00,5500.75,1,-39.9,7.5,2.4,stop_loss,"{'signal_confidence': 0.7, 'signal_reason': 'EMA21_PB_LONG | ADX=27 | RSI=59 | MACD_H=2.47 | ATR=13.6 | SL=7.0pts[STRUCT] | TP=9.2pts', 'entry_module': '', 'entry_reason': '', 'entry_type': 'ema21_pullback', 'atr': 13.647091550865447, 'atr_value': 13.647091550865447, 'adx_value': 26.912852393837028, 'market_state': 'UPTREND_PULLBACK', 'trend_label': '', 'trend_label_htf': '', 'session_type': 'RTH', 'entry_bar_index': 8563}"
ES,LONG,2024-07-31 14:15:00+00:00,5552.0,2024-07-31 14:30:00+00:00,5563.0,1,52.6,11.0,2.4,take_profit,"{'signal_confidence': 0.7, 'signal_reason': 'TREND_CONT_LONG | ADX=50 | RSI=70 | MACD_H=0.69 | e9=5539.6 | #1 | SL=9.0pts | TP=11.3pts', 'entry_module': '', 'entry_reason': '', 'entry_type': 'trend_continuation_long', 'atr': 7.221748993150368, 'atr_value': 7.221748993150368, 'adx_value': 49.71124765920382, 'market_state': 'UPTREND_CONTINUATION', 'trend_label': '', 'trend_label_htf': '', 'session_type': 'RTH', 'entry_bar_index': 8917}"
ES,LONG,2024-07-31 14:45:00+00:00,5560.25,2024-07-31 16:45:00+00:00,5559.0,1,-8.65,1.25,2.4,flatten,"{'signal_confidence': 0.7, 'signal_reason': 'TREND_CONT_LONG | ADX=50 | RSI=74 | MACD_H=1.74 | e9=5546.4 | #2 | SL=9.4pts | TP=11.7pts', 'entry_module': '', 'entry_reason': '', 'entry_type': 'trend_continuation_long', 'atr': 7.506252958379655, 'atr_value': 7.506252958379655, 'adx_value': 50.04451760276775, 'market_state': 'UPTREND_CONTINUATION', 'trend_label': '', 'trend_label_htf': '', 'session_type': 'RTH', 'entry_bar_index': 8919}"
ES,LONG,2024-08-07 15:00:00+00:00,5347.75,2024-08-07 15:15:00+00:00,5335.25,1,-64.9,12.5,2.4,stop_loss,"{'signal_confidence': 0.7, 'signal_reason': 'EMA9_PB_LONG | ADX=24 | RSI=62 | ATR=12.0 | SL=12.0pts | TP=15.0pts', 'entry_module': '', 'entry_reason': '', 'entry_type': 'ema9_pullback', 'atr': 11.993791249227723, 'atr_value': 11.993791249227723, 'adx_value': 24.35385688712458, 'market_state': 'UPTREND_PULLBACK', 'trend_label': '', 'trend_label_htf': '', 'session_type': 'RTH', 'entry_bar_index': 9380}"
ES,LONG,2024-08-13 15:00:00+00:00,5422.0,2024-08-13 16:15:00+00:00,5436.25,1,68.85,14.25,2.4,take_profit,"{'signal_confidence': 0.7, 'signal_reason': 'TREND_CONT_LONG | ADX=38 | RSI=71 | MACD_H=2.60 | e9=5410.3 | #2 | SL=11.3pts | TP=14.2pts', 'entry_module': '', 'entry_reason': '', 'entry_type': 'trend_continuation_long', 'atr': 9.0624927528404, 'atr_value': 9.0624927528404, 'adx_value': 38.01667995807417, 'market_state': 'UPTREND_CONTINUATION', 'trend_label': '', 'trend_label_htf': '', 'session_type': 'RTH', 'entry_bar_index': 9748}"
ES,LONG,2024-08-14 15:15:00+00:00,5465.5,2024-08-14 15:30:00+00:00,5473.25,1,36.35,7.75,2.4,take_profit,"{'signal_confidence': 0.7, 'signal_reason': 'EMA21_PB_LONG | ADX=26 | RSI=57 | MACD_H=-0.11 | ATR=8.1 | SL=6.0pts[STRUCT] | TP=8.0pts', 'entry_module': '', 'entry_reason': '', 'entry_type': 'ema21_pullback', 'atr': 8.071779123532629, 'atr_value': 8.071779123532629, 'adx_value': 26.473450817188393, 'market_state': 'UPTREND_PULLBACK', 'trend_label': '', 'trend_label_htf': '', 'session_type': 'RTH', 'entry_bar_index': 9841}"
ES,LONG,2024-08-15 17:00:00+00:00,5558.0,2024-08-15 19:00:00+00:00,5566.75,1,41.35,8.75,2.4,flatten,"{'signal_confidence': 0.7, 'signal_reason': 'TREND_CONT_LONG | ADX=55 | RSI=73 | MACD_H=0.39 | e9=5553.5 | #1 | SL=10.1pts | TP=12.6pts', 'entry_module': '', 'entry_reason': '', 'entry_type': 'trend_continuation_long', 'atr': 8.068954088573093, 'atr_value': 8.068954088573093, 'adx_value': 54.82304588081741, 'market_state': 'UPTREND_CONTINUATION', 'trend_label': '', 'trend_label_htf': '', 'session_type': 'RTH', 'entry_bar_index': 9940}"
ES,LONG,2024-08-16 16:45:00+00:00,5577.25,2024-08-16 18:45:00+00:00,5575.5,1,-11.15,1.75,2.4,flatten,"{'signal_confidence': 0.7, 'signal_reason': 'EMA9_PB_LONG | ADX=25 | RSI=66 | ATR=7.0 | SL=8.0pts | TP=10.0pts', 'entry_module': '', 'entry_reason': '', 'entry_type': 'ema9_pullback', 'atr': 6.964363189072984, 'atr_value': 6.964363189072984, 'adx_value': 25.02648523996144, 'market_state': 'UPTREND_PULLBACK', 'trend_label': '', 'trend_label_htf': '', 'session_type': 'RTH', 'entry_bar_index': 10031}"
ES,LONG,2024-08-16 20:00:00+00:00,5578.5,2024-08-18 22:00:00+00:00,5587.75,1,43.85,9.25,2.4,take_profit,"{'signal_confidence': 0.7, 'signal_reason': 'EMA21_PB_LONG | ADX=21 | RSI=56 | MACD_H=-0.46 | ATR=6.4 | SL=7.2pts[STRUCT] | TP=9.8pts', 'entry_module': '', 'entry_reason': '', 'entry_type': 'ema21_pullback', 'atr': 6.391797416310536, 'atr_value': 6.391797416310536, 'adx_value': 20.733559947849173, 'market_state': 'UPTREND_PULLBACK', 'trend_label': '', 'trend_label_htf': '', 'session_type': 'RTH', 'entry_bar_index': 10044}"
ES,LONG,2024-08-21 14:45:00+00:00,5652.5,2024-08-21 15:00:00+00:00,5625.75,1,-136.15,26.75,2.4,stop_loss,"{'signal_confidence': 0.7, 'signal_reason': 'TREND_CONT_LONG | ADX=27 | RSI=72 | MACD_H=1.54 | e9=5636.2 | #1 | SL=8.7pts | TP=10.9pts', 'entry_module': '', 'entry_reason': '', 'entry_type': 'trend_continuation_long', 'atr': 6.968689823599238, 'atr_value': 6.968689823599238, 'adx_value': 27.282025328077218, 'market_state': 'UPTREND_CONTINUATION', 'trend_label': '', 'trend_label_htf': '', 'session_type': 'RTH', 'entry_bar_index': 10299}"
ES,LONG,2024-08-21 15:15:00+00:00,5636.0,2024-08-21 15:45:00+00:00,5623.75,1,-63.65,12.25,2.4,stop_loss,"{'signal_confidence': 0.7, 'signal_reason': 'TREND_CONT_LONG | ADX=26 | RSI=54 | MACD_H=0.37 | e9=5634.6 | #2 | SL=12.0pts | TP=15.0pts', 'entry_module': '', 'entry_reason': '', 'entry_type': 'trend_continuation_long', 'atr': 9.582696837695261, 'atr_value': 9.582696837695261, 'adx_value': 25.66026710856112, 'market_state': 'UPTREND_CONTINUATION', 'trend_label': '', 'trend_label_htf': '', 'session_type': 'RTH', 'entry_bar_index': 10301}"
ES,LONG,2024-08-23 15:30:00+00:00,5647.75,2024-08-23 15:45:00+00:00,5636.0,1,-61.15,11.75,2.4,stop_loss,"{'signal_confidence': 0.7, 'signal_reason': 'EMA9_PB_LONG | ADX=31 | RSI=63 | ATR=11.0 | SL=11.0pts | TP=13.8pts', 'entry_module': '', 'entry_reason': '', 'entry_type': 'ema9_pullback', 'atr': 11.019260847500735, 'atr_value': 11.019260847500735, 'adx_value': 31.013874220599057, 'market_state': 'UPTREND_PULLBACK', 'trend_label': '', 'trend_label_htf': '', 'session_type': 'RTH', 'entry_bar_index': 10486}"
ES,LONG,2024-08-27 17:15:00+00:00,5641.0,2024-08-27 18:00:00+00:00,5649.0,1,37.6,8.0,2.4,take_profit,"{'signal_confidence': 0.7, 'signal_reason': 'EMA21_PB_LONG | ADX=22 | RSI=55 | MACD_H=0.57 | ATR=7.8 | SL=6.0pts[STRUCT] | TP=8.0pts', 'entry_module': '', 'entry_reason': '', 'entry_type': 'ema21_pullback', 'atr': 7.794148866074086, 'atr_value': 7.794148866074086, 'adx_value': 21.936558863275632, 'market_state': 'UPTREND_PULLBACK', 'trend_label': '', 'trend_label_htf': '', 'session_type': 'RTH', 'entry_bar_index': 10677}"
ES,LONG,2024-08-29 14:15:00+00:00,5639.0,2024-08-29 14:30:00+00:00,5648.5,1,45.1,9.5,2.4,take_profit,"{'signal_confidence': 0.7, 'signal_reason': 'EMA9_PB_LONG | ADX=44 | RSI=70 | ATR=8.1 | SL=8.1pts | TP=10.1pts', 'entry_module': '', 'entry_reason': '', 'entry_type': 'ema9_pullback', 'atr': 8.064457367571892, 'atr_value': 8.064457367571892, 'adx_value': 44.48207892741206, 'market_state': 'UPTREND_PULLBACK', 'trend_label': '', 'trend_label_htf': '', 'session_type': 'RTH', 'entry_bar_index': 10849}"
ES,LONG,2024-08-29 14:45:00+00:00,5649.25,2024-08-29 16:30:00+00:00,5663.0,1,66.35,13.75,2.4,take_profit,"{'signal_confidence': 0.7, 'signal_reason': 'TREND_CONT_LONG | ADX=44 | RSI=76 | MACD_H=1.55 | e9=5636.1 | #2 | SL=11.0pts | TP=13.8pts', 'entry_module': '', 'entry_reason': '', 'entry_type': 'trend_continuation_long', 'atr': 8.822159668977806, 'atr_value': 8.822159668977806, 'adx_value': 43.87450379226908, 'market_state': 'UPTREND_CONTINUATION', 'trend_label': '', 'trend_label_htf': '', 'session_type': 'RTH', 'entry_bar_index': 10851}"
ES,LONG,2024-09-04 16:00:00+00:00,5539.0,2024-09-04 16:15:00+00:00,5531.5,1,-39.9,7.5,2.4,stop_loss,"{'signal_confidence': 0.7, 'signal_reason': 'EMA21_PB_LONG | ADX=26 | RSI=54 | MACD_H=0.35 | ATR=10.6 | SL=6.0pts[STRUCT] | TP=8.0pts', 'entry_module': '', 'entry_reason': '', 'entry_type': 'ema21_pullback', 'atr': 10.55450826397405, 'atr_value': 10.55450826397405, 'adx_value': 25.973083079496128, 'market_state': 'UPTREND_PULLBACK', 'trend_label': '', 'trend_label_htf': '', 'session_type': 'RTH', 'entry_bar_index': 11208}"
ES,LONG,2024-09-12 19:30:00+00:00,5600.75,2024-09-12 20:00:00+00:00,5601.0,1,-1.15,0.25,2.4,stop_loss,"{'signal_confidence': 0.7, 'signal_reason': 'EMA9_PB_LONG | ADX=24 | RSI=63 | ATR=10.5 | SL=10.5pts | TP=13.1pts', 'entry_module': '', 'entry_reason': '', 'entry_type': 'ema9_pullback', 'atr': 10.503230205872828, 'atr_value': 10.503230205872828, 'adx_value': 23.615285595617998, 'market_state': 'UPTREND_PULLBACK', 'trend_label': '', 'trend_label_htf': '', 'session_type': 'RTH', 'entry_bar_index': 11774}"
ES,LONG,2024-09-17 14:45:00+00:00,5669.5,2024-09-17 15:30:00+00:00,5659.0,1,-54.9,10.5,2.4,stop_loss,"{'signal_confidence': 0.7, 'signal_reason': 'EMA21_PB_LONG | ADX=39 | RSI=67 | MACD_H=0.43 | ATR=6.6 | SL=10.2pts[STRUCT] | TP=13.8pts', 'entry_module': '', 'entry_reason': '', 'entry_type': 'ema21_pullback', 'atr': 6.593578540058499, 'atr_value': 6.593578540058499, 'adx_value': 39.29513967107715, 'market_state': 'UPTREND_PULLBACK', 'trend_label': '', 'trend_label_htf': '', 'session_type': 'RTH', 'entry_bar_index': 12031}"
ES,LONG,2024-09-18 19:00:00+00:00,5646.5,2024-09-18 19:15:00+00:00,5639.75,1,-36.15,6.75,2.4,stop_loss,"{'signal_confidence': 0.7, 'signal_reason': 'EMA21_PB_LONG | ADX=29 | RSI=52 | MACD_H=1.51 | ATR=14.9 | SL=6.0pts[STRUCT] | TP=8.0pts', 'entry_module': '', 'entry_reason': '', 'entry_type': 'ema21_pullback', 'atr': 14.888441567128226, 'atr_value': 14.888441567128226, 'adx_value': 28.786435426345957, 'market_state': 'UPTREND_PULLBACK', 'trend_label': '', 'trend_label_htf': '', 'session_type': 'RTH', 'entry_bar_index': 12140}"
ES,LONG,2024-09-19 16:30:00+00:00,5725.25,2024-09-19 17:45:00+00:00,5736.75,1,55.1,11.5,2.4,take_profit,"{'signal_confidence': 0.7, 'signal_reason': 'EMA21_PB_LONG | ADX=29 | RSI=62 | MACD_H=-0.04 | ATR=9.4 | SL=9.0pts[STRUCT] | TP=12.0pts', 'entry_module': '', 'entry_reason': '', 'entry_type': 'ema21_pullback', 'atr': 9.398520002894742, 'atr_value': 9.398520002894742, 'adx_value': 29.31644107252287, 'market_state': 'UPTREND_PULLBACK', 'trend_label': '', 'trend_label_htf': '', 'session_type': 'RTH', 'entry_bar_index': 12222}"
ES,LONG,2024-09-24 16:15:00+00:00,5788.25,2024-09-24 18:00:00+00:00,5781.5,1,-36.15,6.75,2.4,stop_loss,"{'signal_confidence': 0.7, 'signal_reason': 'EMA21_PB_LONG | ADX=22 | RSI=60 | MACD_H=1.50 | ATR=7.2 | SL=6.0pts[STRUCT] | TP=8.0pts', 'entry_module': '', 'entry_reason': '', 'entry_type': 'ema21_pullback', 'atr': 7.232899215173287, 'atr_value': 7.232899215173287, 'adx_value': 21.62709825935891, 'market_state': 'UPTREND_PULLBACK', 'trend_label': '', 'trend_label_htf': '', 'session_type': 'RTH', 'entry_bar_index': 12497}"
ES,LONG,2024-09-27 14:15:00+00:00,5813.0,2024-09-27 15:45:00+00:00,5804.25,1,-46.15,8.75,2.4,stop_loss,"{'signal_confidence': 0.7, 'signal_reason': 'EMA21_PB_LONG | ADX=32 | RSI=64 | MACD_H=0.77 | ATR=5.0 | SL=8.5pts[STRUCT] | TP=11.2pts', 'entry_module': '', 'entry_reason': '', 'entry_type': 'ema21_pullback', 'atr': 5.0276718455770615, 'atr_value': 5.0276718455770615, 'adx_value': 32.083566169433055, 'market_state': 'UPTREND_PULLBACK', 'trend_label': '', 'trend_label_htf': '', 'session_type': 'RTH', 'entry_bar_index': 12765}"
ES,LONG,2024-10-08 14:45:00+00:00,5788.75,2024-10-08 16:45:00+00:00,5790.0,1,3.85,1.25,2.4,flatten,"{'signal_confidence': 0.7, 'signal_reason': 'TREND_CONT_LONG | ADX=29 | RSI=76 | MACD_H=1.23 | e9=5775.3 | #1 | SL=8.6pts | TP=10.8pts', 'entry_module': '', 'entry_reason': '', 'entry_type': 'trend_continuation_long', 'atr': 6.901392660960244, 'atr_value': 6.901392660960244, 'adx_value': 29.181730699208046, 'market_state': 'UPTREND_CONTINUATION', 'trend_label': '', 'trend_label_htf': '', 'session_type': 'RTH', 'entry_bar_index': 13411}"
ES,LONG,2024-10-08 19:30:00+00:00,5798.0,2024-10-08 20:00:00+00:00,5798.25,1,-1.15,0.25,2.4,stop_loss,"{'signal_confidence': 0.7, 'signal_reason': 'TREND_CONT_LONG | ADX=26 | RSI=69 | MACD_H=0.17 | e9=5792.0 | #2 | SL=7.9pts | TP=9.9pts', 'entry_module': '', 'entry_reason': '', 'entry_type': 'trend_continuation_long', 'atr': 6.347173933545099, 'atr_value': 6.347173933545099, 'adx_value': 25.802683987223308, 'market_state': 'UPTREND_CONTINUATION', 'trend_label': '', 'trend_label_htf': '', 'session_type': 'RTH', 'entry_bar_index': 13430}"
ES,LONG,2024-10-09 14:15:00+00:00,5807.0,2024-10-09 14:45:00+00:00,5814.5,1,35.1,7.5,2.4,take_profit,"{'signal_confidence': 0.7, 'signal_reason': 'EMA21_PB_LONG | ADX=20 | RSI=71 | MACD_H=0.72 | ATR=4.9 | SL=6.0pts[STRUCT] | TP=8.0pts', 'entry_module': '', 'entry_reason': '', 'entry_type': 'ema21_pullback', 'atr': 4.871001196268985, 'atr_value': 4.871001196268985, 'adx_value': 19.763243819811112, 'market_state': 'UPTREND_PULLBACK', 'trend_label': '', 'trend_label_htf': '', 'session_type': 'RTH', 'entry_bar_index': 13501}"
ES,LONG,2024-10-09 16:45:00+00:00,5832.75,2024-10-09 17:00:00+00:00,5825.0,1,-41.15,7.75,2.4,stop_loss,"{'signal_confidence': 0.7, 'signal_reason': 'TREND_CONT_LONG | ADX=36 | RSI=77 | MACD_H=2.18 | e9=5827.1 | #1 | SL=7.4pts | TP=9.2pts', 'entry_module': '', 'entry_reason': '', 'entry_type': 'trend_continuation_long', 'atr': 5.907154539423364, 'atr_value': 5.907154539423364, 'adx_value': 35.85890465862511, 'market_state': 'UPTREND_CONTINUATION', 'trend_label': '', 'trend_label_htf': '', 'session_type': 'RTH', 'entry_bar_index': 13511}"
ES,LONG,2024-10-09 17:15:00+00:00,5831.0,2024-10-09 17:45:00+00:00,5822.5,1,-44.9,8.5,2.4,stop_loss,"{'signal_confidence': 0.7, 'signal_reason': 'TREND_CONT_LONG | ADX=34 | RSI=70 | MACD_H=0.89 | e9=5827.9 | #2 | SL=7.7pts | TP=9.7pts', 'entry_module': '', 'entry_reason': '', 'entry_type': 'trend_continuation_long', 'atr': 6.185250597768105, 'atr_value': 6.185250597768105, 'adx_value': 34.18872774115337, 'market_state': 'UPTREND_CONTINUATION', 'trend_label': '', 'trend_label_htf': '', 'session_type': 'RTH', 'entry_bar_index': 13513}"
ES,LONG,2024-10-11 17:00:00+00:00,5853.75,2024-10-11 19:00:00+00:00,5865.5,1,56.35,11.75,2.4,take_profit,"{'signal_confidence': 0.7, 'signal_reason': 'EMA21_PB_LONG | ADX=40 | RSI=60 | MACD_H=-0.29 | ATR=6.9 | SL=9.0pts[STRUCT] | TP=12.0pts', 'entry_module': '', 'entry_reason': '', 'entry_type': 'ema21_pullback', 'atr': 6.874549061866244, 'atr_value': 6.874549061866244, 'adx_value': 40.2063662959501, 'market_state': 'UPTREND_PULLBACK', 'trend_label': '', 'trend_label_htf': '', 'session_type': 'RTH', 'entry_bar_index': 13696}"
ES,LONG,2024-10-16 17:45:00+00:00,5879.25,2024-10-16 18:15:00+00:00,5887.0,1,36.35,7.75,2.4,take_profit,"{'signal_confidence': 0.7, 'signal_reason': 'EMA21_PB_LONG | ADX=18 | RSI=62 | MACD_H=1.26 | ATR=5.9 | SL=6.0pts[STRUCT] | TP=8.0pts', 'entry_module': '', 'entry_reason': '', 'entry_type': 'ema21_pullback', 'atr': 5.850272998839172, 'atr_value': 5.850272998839172, 'adx_value': 18.365479002197645, 'market_state': 'UPTREND_PULLBACK', 'trend_label': '', 'trend_label_htf': '', 'session_type': 'RTH', 'entry_bar_index': 13975}"
ES,LONG,2024-10-16 19:15:00+00:00,5889.25,2024-10-16 20:00:00+00:00,5886.0,1,-18.65,3.25,2.4,stop_loss,"{'signal_confidence': 0.7, 'signal_reason': 'TREND_CONT_LONG | ADX=27 | RSI=68 | MACD_H=1.56 | e9=5884.1 | #1 | SL=7.2pts | TP=9.0pts', 'entry_module': '', 'entry_reason': '', 'entry_type': 'trend_continuation_long', 'atr': 5.766241752911987, 'atr_value': 5.766241752911987, 'adx_value': 26.53586313586274, 'market_state': 'UPTREND_CONTINUATION', 'trend_label': '', 'trend_label_htf': '', 'session_type': 'RTH', 'entry_bar_index': 13981}"
ES,LONG,2024-10-17 16:45:00+00:00,5908.75,2024-10-17 18:00:00+00:00,5899.75,1,-47.4,9.0,2.4,stop_loss,"{'signal_confidence': 0.7, 'signal_reason': 'EMA21_PB_LONG | ADX=34 | RSI=54 | MACD_H=-0.23 | ATR=7.6 | SL=8.5pts[STRUCT] | TP=11.2pts', 'entry_module': '', 'entry_reason': '', 'entry_type': 'ema21_pullback', 'atr': 7.630654152325693, 'atr_value': 7.630654152325693, 'adx_value': 33.65008135496676, 'market_state': 'UPTREND_PULLBACK', 'trend_label': '', 'trend_label_htf': '', 'session_type': 'RTH', 'entry_bar_index': 14063}"
ES,LONG,2024-10-18 15:15:00+00:00,5900.75,2024-10-18 16:45:00+00:00,5908.75,1,37.6,8.0,2.4,take_profit,"{'signal_confidence': 0.7, 'signal_reason': 'EMA21_PB_LONG | ADX=20 | RSI=56 | MACD_H=-0.46 | ATR=5.4 | SL=6.2pts[STRUCT] | TP=8.2pts', 'entry_module': '', 'entry_reason': '', 'entry_type': 'ema21_pullback', 'atr': 5.384887969230483, 'atr_value': 5.384887969230483, 'adx_value': 20.176388976504548, 'market_state': 'UPTREND_PULLBACK', 'trend_label': '', 'trend_label_htf': '', 'session_type': 'RTH', 'entry_bar_index': 14149}"
ES,LONG,2024-10-18 17:00:00+00:00,5908.25,2024-10-18 18:00:00+00:00,5901.75,1,-34.9,6.5,2.4,stop_loss,"{'signal_confidence': 0.7, 'signal_reason': 'EMA21_PB_LONG | ADX=18 | RSI=64 | MACD_H=0.73 | ATR=5.5 | SL=6.0pts[STRUCT] | TP=8.0pts', 'entry_module': '', 'entry_reason': '', 'entry_type': 'ema21_pullback', 'atr': 5.491375609526789, 'atr_value': 5.491375609526789, 'adx_value': 18.420334456277928, 'market_state': 'UPTREND_PULLBACK', 'trend_label': '', 'trend_label_htf': '', 'session_type': 'RTH', 'entry_bar_index': 14156}"
ES,LONG,2024-10-22 18:30:00+00:00,5896.25,2024-10-22 18:45:00+00:00,5887.75,1,-44.9,8.5,2.4,stop_loss,"{'signal_confidence': 0.7, 'signal_reason': 'EMA9_PB_LONG | ADX=25 | RSI=67 | ATR=6.4 | SL=8.0pts | TP=10.0pts', 'entry_module': '', 'entry_reason': '', 'entry_type': 'ema9_pullback', 'atr': 6.446774742423561, 'atr_value': 6.446774742423561, 'adx_value': 25.120192024791052, 'market_state': 'UPTREND_PULLBACK', 'trend_label': '', 'trend_label_htf': '', 'session_type': 'RTH', 'entry_bar_index': 14346}"
ES,LONG,2024-10-22 19:15:00+00:00,5893.5,2024-10-22 19:45:00+00:00,5901.5,1,37.6,8.0,2.4,take_profit,"{'signal_confidence': 0.7, 'signal_reason': 'EMA21_PB_LONG | ADX=26 | RSI=61 | MACD_H=0.91 | ATR=6.3 | SL=6.0pts[STRUCT] | TP=8.0pts', 'entry_module': '', 'entry_reason': '', 'entry_type': 'ema21_pullback', 'atr': 6.331656016437524, 'atr_value': 6.331656016437524, 'adx_value': 26.332965456783718, 'market_state': 'UPTREND_PULLBACK', 'trend_label': '', 'trend_label_htf': '', 'session_type': 'RTH', 'entry_bar_index': 14349}"
ES,LONG,2024-10-29 16:00:00+00:00,5867.75,2024-10-29 17:00:00+00:00,5876.5,1,41.35,8.75,2.4,take_profit,"{'signal_confidence': 0.7, 'signal_reason': 'EMA21_PB_LONG | ADX=23 | RSI=61 | MACD_H=1.81 | ATR=7.7 | SL=6.8pts[STRUCT] | TP=9.0pts', 'entry_module': '', 'entry_reason': '', 'entry_type': 'ema21_pullback', 'atr': 7.70187146197076, 'atr_value': 7.70187146197076, 'adx_value': 22.720830241233273, 'market_state': 'UPTREND_PULLBACK', 'trend_label': '', 'trend_label_htf': '', 'session_type': 'RTH', 'entry_bar_index': 14796}"
ES,LONG,2024-10-29 18:00:00+00:00,5873.75,2024-10-29 18:30:00+00:00,5881.5,1,36.35,7.75,2.4,take_profit,"{'signal_confidence': 0.7, 'signal_reason': 'EMA21_PB_LONG | ADX=20 | RSI=59 | MACD_H=0.93 | ATR=7.3 | SL=6.0pts[STRUCT] | TP=8.0pts', 'entry_module': '', 'entry_reason': '', 'entry_type': 'ema21_pullback', 'atr': 7.340264869278672, 'atr_value': 7.340264869278672, 'adx_value': 19.765956364478505, 'market_state': 'UPTREND_PULLBACK', 'trend_label': '', 'trend_label_htf': '', 'session_type': 'RTH', 'entry_bar_index': 14804}"
ES,LONG,2024-11-01 15:15:00+00:00,5797.5,2024-11-01 15:45:00+00:00,5787.5,1,-52.4,10.0,2.4,stop_loss,"{'signal_confidence': 0.7, 'signal_reason': 'EMA9_PB_LONG | ADX=31 | RSI=68 | ATR=9.4 | SL=9.4pts | TP=11.7pts', 'entry_module': '', 'entry_reason': '', 'entry_type': 'ema9_pullback', 'atr': 9.365572773810872, 'atr_value': 9.365572773810872, 'adx_value': 31.379023266929437, 'market_state': 'UPTREND_PULLBACK', 'trend_label': '', 'trend_label_htf': '', 'session_type': 'RTH', 'entry_bar_index': 15069}"
ES,LONG,2024-11-01 16:15:00+00:00,5787.0,2024-11-01 16:30:00+00:00,5780.25,1,-36.15,6.75,2.4,stop_loss,"{'signal_confidence': 0.7, 'signal_reason': 'EMA21_PB_LONG | ADX=31 | RSI=57 | MACD_H=0.23 | ATR=9.6 | SL=6.0pts[STRUCT] | TP=8.0pts', 'entry_module': '', 'entry_reason': '', 'entry_type': 'ema21_pullback', 'atr': 9.615475947334765, 'atr_value': 9.615475947334765, 'adx_value': 30.706637761314465, 'market_state': 'UPTREND_PULLBACK', 'trend_label': '', 'trend_label_htf': '', 'session_type': 'RTH', 'entry_bar_index': 15073}"
ES,LONG,2024-11-05 16:15:00+00:00,5794.0,2024-11-05 17:15:00+00:00,5807.0,1,62.6,13.0,2.4,take_profit,"{'signal_confidence': 0.7, 'signal_reason': 'TREND_CONT_LONG | ADX=31 | RSI=73 | MACD_H=3.81 | e9=5781.0 | #1 | SL=10.7pts | TP=13.4pts', 'entry_module': '', 'entry_reason': '', 'entry_type': 'trend_continuation_long', 'atr': 8.544456499763866, 'atr_value': 8.544456499763866, 'adx_value': 31.208934149216724, 'market_state': 'UPTREND_CONTINUATION', 'trend_label': '', 'trend_label_htf': '', 'session_type': 'RTH', 'entry_bar_index': 15253}"
ES,LONG,2024-11-05 17:45:00+00:00,5807.0,2024-11-05 18:30:00+00:00,5796.75,1,-53.65,10.25,2.4,stop_loss,"{'signal_confidence': 0.7, 'signal_reason': 'TREND_CONT_LONG | ADX=43 | RSI=77 | MACD_H=2.42 | e9=5797.0 | #2 | SL=10.0pts | TP=12.5pts', 'entry_module': '', 'entry_reason': '', 'entry_type': 'trend_continuation_long', 'atr': 8.024296587886521, 'atr_value': 8.024296587886521, 'adx_value': 43.02454481180724, 'market_state': 'UPTREND_CONTINUATION', 'trend_label': '', 'trend_label_htf': '', 'session_type': 'RTH', 'entry_bar_index': 15259}"
ES,LONG,2024-11-07 15:15:00+00:00,5988.25,2024-11-07 16:00:00+00:00,5996.25,1,37.6,8.0,2.4,take_profit,"{'signal_confidence': 0.7, 'signal_reason': 'TREND_CONT_LONG | ADX=26 | RSI=71 | MACD_H=1.32 | e9=5979.1 | #1 | SL=6.6pts | TP=8.2pts', 'entry_module': '', 'entry_reason': '', 'entry_type': 'trend_continuation_long', 'atr': 5.247064924451978, 'atr_value': 5.247064924451978, 'adx_value': 26.38734315845256, 'market_state': 'UPTREND_CONTINUATION', 'trend_label': '', 'trend_label_htf': '', 'session_type': 'RTH', 'entry_bar_index': 15433}"
ES,LONG,2024-11-07 16:30:00+00:00,5992.75,2024-11-07 17:45:00+00:00,6001.25,1,40.1,8.5,2.4,take_profit,"{'signal_confidence': 0.7, 'signal_reason': 'TREND_CONT_LONG | ADX=32 | RSI=70 | MACD_H=1.49 | e9=5987.8 | #2 | SL=7.0pts | TP=8.7pts', 'entry_module': '', 'entry_reason': '', 'entry_type': 'trend_continuation_long', 'atr': 5.583305090502745, 'atr_value': 5.583305090502745, 'adx_value': 31.96646385473967, 'market_state': 'UPTREND_CONTINUATION', 'trend_label': '', 'trend_label_htf': '', 'session_type': 'RTH', 'entry_bar_index': 15438}"
ES,LONG,2024-11-08 15:45:00+00:00,6018.5,2024-11-08 17:45:00+00:00,6023.75,1,23.85,5.25,2.4,flatten,"{'signal_confidence': 0.7, 'signal_reason': 'EMA9_PB_LONG | ADX=29 | RSI=68 | ATR=5.2 | SL=8.0pts | TP=10.0pts', 'entry_module': '', 'entry_reason': '', 'entry_type': 'ema9_pullback', 'atr': 5.230955590446982, 'atr_value': 5.230955590446982, 'adx_value': 28.843074313026403, 'market_state': 'UPTREND_PULLBACK', 'trend_label': '', 'trend_label_htf': '', 'session_type': 'RTH', 'entry_bar_index': 15527}"
ES,LONG,2024-11-13 18:00:00+00:00,6034.5,2024-11-13 19:15:00+00:00,6023.0,1,-59.9,11.5,2.4,stop_loss,"{'signal_confidence': 0.7, 'signal_reason': 'TREND_CONT_LONG | ADX=26 | RSI=65 | MACD_H=1.70 | e9=6024.4 | #1 | SL=10.7pts | TP=13.3pts', 'entry_module': '', 'entry_reason': '', 'entry_type': 'trend_continuation_long', 'atr': 8.541854614383814, 'atr_value': 8.541854614383814, 'adx_value': 26.219724703113165, 'market_state': 'UPTREND_CONTINUATION', 'trend_label': '', 'trend_label_htf': '', 'session_type': 'RTH', 'entry_bar_index': 15812}"
ES,LONG,2024-11-19 17:30:00+00:00,5926.5,2024-11-19 18:45:00+00:00,5939.75,1,63.85,13.25,2.4,take_profit,"{'signal_confidence': 0.7, 'signal_reason': 'EMA21_PB_LONG | ADX=27 | RSI=64 | MACD_H=4.22 | ATR=10.0 | SL=10.0pts[STRUCT] | TP=13.2pts', 'entry_module': '', 'entry_reason': '', 'entry_type': 'ema21_pullback', 'atr': 10.041772114452078, 'atr_value': 10.041772114452078, 'adx_value': 26.551490991311322, 'market_state': 'UPTREND_PULLBACK', 'trend_label': '', 'trend_label_htf': '', 'session_type': 'RTH', 'entry_bar_index': 16178}"
ES,LONG,2024-11-21 19:30:00+00:00,5978.75,2024-11-21 21:00:00+00:00,5970.0,1,-46.15,8.75,2.4,stop_loss,"{'signal_confidence': 0.7, 'signal_reason': 'EMA21_PB_LONG | ADX=25 | RSI=62 | MACD_H=1.47 | ATR=12.4 | SL=9.8pts[STRUCT] | TP=13.0pts', 'entry_module': '', 'entry_reason': '', 'entry_type': 'ema21_pullback', 'atr': 12.402501274036418, 'atr_value': 12.402501274036418, 'adx_value': 25.117036398559986, 'market_state': 'UPTREND_PULLBACK', 'trend_label': '', 'trend_label_htf': '', 'session_type': 'RTH', 'entry_bar_index': 16370}"
ES,LONG,2024-11-26 15:45:00+00:00,6023.75,2024-11-26 17:45:00+00:00,6028.75,1,22.6,5.0,2.4,flatten,"{'signal_confidence': 0.7, 'signal_reason': 'EMA21_PB_LONG | ADX=20 | RSI=61 | MACD_H=-0.27 | ATR=6.7 | SL=11.5pts[STRUCT] | TP=15.2pts', 'entry_module': '', 'entry_reason': '', 'entry_type': 'ema21_pullback', 'atr': 6.71336016271033, 'atr_value': 6.71336016271033, 'adx_value': 19.890543697843174, 'market_state': 'UPTREND_PULLBACK', 'trend_label': '', 'trend_label_htf': '', 'session_type': 'RTH', 'entry_bar_index': 16631}"
ES,LONG,2024-11-26 18:45:00+00:00,6032.0,2024-11-26 19:15:00+00:00,6025.25,1,-36.15,6.75,2.4,stop_loss,"{'signal_confidence': 0.7, 'signal_reason': 'EMA21_PB_LONG | ADX=23 | RSI=64 | MACD_H=0.30 | ATR=5.9 | SL=6.0pts[STRUCT] | TP=8.0pts', 'entry_module': '', 'entry_reason': '', 'entry_type': 'ema21_pullback', 'atr': 5.895661404995432, 'atr_value': 5.895661404995432, 'adx_value': 22.596801937075732, 'market_state': 'UPTREND_PULLBACK', 'trend_label': '', 'trend_label_htf': '', 'session_type': 'RTH', 'entry_bar_index': 16643}"
ES,LONG,2024-11-26 19:45:00+00:00,6031.0,2024-11-26 20:45:00+00:00,6038.5,1,35.1,7.5,2.4,take_profit,"{'signal_confidence': 0.7, 'signal_reason': 'EMA21_PB_LONG | ADX=21 | RSI=60 | MACD_H=-0.21 | ATR=5.9 | SL=6.0pts[STRUCT] | TP=8.0pts', 'entry_module': '', 'entry_reason': '', 'entry_type': 'ema21_pullback', 'atr': 5.908761593817019, 'atr_value': 5.908761593817019, 'adx_value': 20.877898767394193, 'market_state': 'UPTREND_PULLBACK', 'trend_label': '', 'trend_label_htf': '', 'session_type': 'RTH', 'entry_bar_index': 16647}"
ES,LONG,2024-11-28 17:45:00+00:00,6032.25,2024-11-28 23:00:00+00:00,6025.75,1,-34.9,6.5,2.4,stop_loss,"{'signal_confidence': 0.7, 'signal_reason': 'TREND_CONT_LONG | ADX=26 | RSI=70 | MACD_H=0.17 | e9=6030.1 | #1 | SL=6.0pts | TP=7.5pts', 'entry_module': '', 'entry_reason': '', 'entry_type': 'trend_continuation_long', 'atr': 1.71557645853092, 'atr_value': 1.71557645853092, 'adx_value': 25.84422525652044, 'market_state': 'UPTREND_CONTINUATION', 'trend_label': '', 'trend_label_htf': '', 'session_type': 'RTH', 'entry_bar_index': 16823}"
ES,LONG,2024-11-29 15:15:00+00:00,6042.25,2024-11-29 16:45:00+00:00,6055.0,1,61.35,12.75,2.4,take_profit,"{'signal_confidence': 0.7, 'signal_reason': 'EMA21_PB_LONG | ADX=23 | RSI=64 | MACD_H=1.01 | ATR=4.8 | SL=9.8pts[STRUCT] | TP=13.0pts', 'entry_module': '', 'entry_reason': '', 'entry_type': 'ema21_pullback', 'atr': 4.821393176876641, 'atr_value': 4.821393176876641, 'adx_value': 23.42652141868175, 'market_state': 'UPTREND_PULLBACK', 'trend_label': '', 'trend_label_htf': '', 'session_type': 'RTH', 'entry_bar_index': 16889}"
ES,LONG,2024-12-04 15:45:00+00:00,6084.75,2024-12-04 17:45:00+00:00,6084.5,1,-3.65,0.25,2.4,flatten,"{'signal_confidence': 0.7, 'signal_reason': 'EMA21_PB_LONG | ADX=31 | RSI=60 | MACD_H=-0.33 | ATR=4.3 | SL=6.5pts[STRUCT] | TP=8.8pts', 'entry_module': '', 'entry_reason': '', 'entry_type': 'ema21_pullback', 'atr': 4.295586620431479, 'atr_value': 4.295586620431479, 'adx_value': 31.383204408968425, 'market_state': 'UPTREND_PULLBACK', 'trend_label': '', 'trend_label_htf': '', 'session_type': 'RTH', 'entry_bar_index': 250}"
ES,LONG,2024-12-04 19:15:00+00:00,6087.0,2024-12-04 20:00:00+00:00,6096.0,1,42.6,9.0,2.4,take_profit,"{'signal_confidence': 0.7, 'signal_reason': 'EMA21_PB_LONG | ADX=19 | RSI=57 | MACD_H=-0.44 | ATR=4.7 | SL=6.8pts[STRUCT] | TP=9.0pts', 'entry_module': '', 'entry_reason': '', 'entry_type': 'ema21_pullback', 'atr': 4.741759376091572, 'atr_value': 4.741759376091572, 'adx_value': 18.903711719138645, 'market_state': 'UPTREND_PULLBACK', 'trend_label': '', 'trend_label_htf': '', 'session_type': 'RTH', 'entry_bar_index': 264}"
ES,LONG,2024-12-05 18:45:00+00:00,6100.0,2024-12-05 19:00:00+00:00,6091.75,1,-43.65,8.25,2.4,stop_loss,"{'signal_confidence': 0.7, 'signal_reason': 'EMA21_PB_LONG | ADX=22 | RSI=52 | MACD_H=0.16 | ATR=4.7 | SL=8.0pts[STRUCT] | TP=10.8pts', 'entry_module': '', 'entry_reason': '', 'entry_type': 'ema21_pullback', 'atr': 4.661163549545764, 'atr_value': 4.661163549545764, 'adx_value': 22.303233593910367, 'market_state': 'UPTREND_PULLBACK', 'trend_label': '', 'trend_label_htf': '', 'session_type': 'RTH', 'entry_bar_index': 354}"
ES,LONG,2024-12-06 16:30:00+00:00,6100.5,2024-12-06 17:00:00+00:00,6094.0,1,-34.9,6.5,2.4,stop_loss,"{'signal_confidence': 0.7, 'signal_reason': 'EMA21_PB_LONG | ADX=31 | RSI=57 | MACD_H=0.51 | ATR=5.7 | SL=6.0pts[STRUCT] | TP=8.0pts', 'entry_module': '', 'entry_reason': '', 'entry_type': 'ema21_pullback', 'atr': 5.688051928920888, 'atr_value': 5.688051928920888, 'adx_value': 31.042000728810084, 'market_state': 'UPTREND_PULLBACK', 'trend_label': '', 'trend_label_htf': '', 'session_type': 'RTH', 'entry_bar_index': 437}"
ES,LONG,2024-12-11 16:15:00+00:00,6088.0,2024-12-11 16:30:00+00:00,6095.75,1,36.35,7.75,2.4,take_profit,"{'signal_confidence': 0.7, 'signal_reason': 'TREND_CONT_LONG | ADX=49 | RSI=78 | MACD_H=2.06 | e9=6081.4 | #1 | SL=6.1pts | TP=7.7pts', 'entry_module': '', 'entry_reason': '', 'entry_type': 'trend_continuation_long', 'atr': 4.917459733344894, 'atr_value': 4.917459733344894, 'adx_value': 48.88095551409665, 'market_state': 'UPTREND_CONTINUATION', 'trend_label': '', 'trend_label_htf': '', 'session_type': 'RTH', 'entry_bar_index': 712}"
ES,LONG,2024-12-18 16:30:00+00:00,6067.0,2024-12-18 18:30:00+00:00,6062.0,1,-27.4,5.0,2.4,flatten,"{'signal_confidence': 0.7, 'signal_reason': 'EMA21_PB_LONG | ADX=24 | RSI=54 | MACD_H=0.65 | ATR=5.5 | SL=10.5pts[STRUCT] | TP=14.0pts', 'entry_module': '', 'entry_reason': '', 'entry_type': 'ema21_pullback', 'atr': 5.524258733940983, 'atr_value': 5.524258733940983, 'adx_value': 24.226224705430507, 'market_state': 'UPTREND_PULLBACK', 'trend_label': '', 'trend_label_htf': '', 'session_type': 'RTH', 'entry_bar_index': 1173}"
ES,LONG,2024-12-24 17:15:00+00:00,6085.5,2024-12-24 17:45:00+00:00,6095.25,1,46.35,9.75,2.4,take_profit,"{'signal_confidence': 0.7, 'signal_reason': 'TREND_CONT_LONG | ADX=44 | RSI=75 | MACD_H=2.22 | e9=6075.9 | #1 | SL=7.8pts | TP=9.8pts', 'entry_module': '', 'entry_reason': '', 'entry_type': 'trend_continuation_long', 'atr': 6.267674508303616, 'atr_value': 6.267674508303616, 'adx_value': 43.937510193694116, 'market_state': 'UPTREND_CONTINUATION', 'trend_label': '', 'trend_label_htf': '', 'session_type': 'RTH', 'entry_bar_index': 1544}"
ES,LONG,2024-12-26 16:45:00+00:00,6099.75,2024-12-26 17:45:00+00:00,6088.75,1,-57.4,11.0,2.4,stop_loss,"{'signal_confidence': 0.7, 'signal_reason': 'EMA21_PB_LONG | ADX=31 | RSI=68 | MACD_H=2.52 | ATR=7.2 | SL=10.2pts[STRUCT] | TP=13.8pts', 'entry_module': '', 'entry_reason': '', 'entry_type': 'ema21_pullback', 'atr': 7.1874578196654895, 'atr_value': 7.1874578196654895, 'adx_value': 31.46893959888129, 'market_state': 'UPTREND_PULLBACK', 'trend_label': '', 'trend_label_htf': '', 'session_type': 'RTH', 'entry_bar_index': 1619}"
ES,LONG,2024-12-26 18:15:00+00:00,6094.0,2024-12-26 20:00:00+00:00,6101.75,1,36.35,7.75,2.4,take_profit,"{'signal_confidence': 0.7, 'signal_reason': 'EMA21_PB_LONG | ADX=25 | RSI=56 | MACD_H=0.92 | ATR=7.5 | SL=6.0pts[STRUCT] | TP=8.0pts', 'entry_module': '', 'entry_reason': '', 'entry_type': 'ema21_pullback', 'atr': 7.510269934439754, 'atr_value': 7.510269934439754, 'adx_value': 25.02984586701471, 'market_state': 'UPTREND_PULLBACK', 'trend_label': '', 'trend_label_htf': '', 'session_type': 'RTH', 'entry_bar_index': 1625}"
ES,LONG,2025-01-03 17:45:00+00:00,5973.75,2025-01-03 18:30:00+00:00,5986.5,1,61.35,12.75,2.4,take_profit,"{'signal_confidence': 0.7, 'signal_reason': 'EMA9_PB_LONG | ADX=31 | RSI=68 | ATR=10.4 | SL=10.4pts | TP=13.1pts', 'entry_module': '', 'entry_reason': '', 'entry_type': 'ema9_pullback', 'atr': 10.447607066289985, 'atr_value': 10.447607066289985, 'adx_value': 31.325854911575483, 'market_state': 'UPTREND_PULLBACK', 'trend_label': '', 'trend_label_htf': '', 'session_type': 'RTH', 'entry_bar_index': 2083}"
ES,LONG,2025-01-22 15:15:00+00:00,6124.75,2025-01-22 17:00:00+00:00,6135.25,1,50.1,10.5,2.4,take_profit,"{'signal_confidence': 0.7, 'signal_reason': 'EMA21_PB_LONG | ADX=37 | RSI=68 | MACD_H=0.42 | ATR=4.4 | SL=8.0pts[STRUCT] | TP=10.8pts', 'entry_module': '', 'entry_reason': '', 'entry_type': 'ema21_pullback', 'atr': 4.447122321171442, 'atr_value': 4.447122321171442, 'adx_value': 36.745528346521745, 'market_state': 'UPTREND_PULLBACK', 'trend_label': '', 'trend_label_htf': '', 'session_type': 'RTH', 'entry_bar_index': 3223}"
ES,LONG,2025-01-22 17:30:00+00:00,6132.75,2025-01-22 19:00:00+00:00,6126.25,1,-34.9,6.5,2.4,stop_loss,"{'signal_confidence': 0.7, 'signal_reason': 'TREND_CONT_LONG | ADX=40 | RSI=67 | MACD_H=0.82 | e9=6128.3 | #2 | SL=6.2pts | TP=7.8pts', 'entry_module': '', 'entry_reason': '', 'entry_type': 'trend_continuation_long', 'atr': 4.966003135159296, 'atr_value': 4.966003135159296, 'adx_value': 39.77892556425488, 'market_state': 'UPTREND_CONTINUATION', 'trend_label': '', 'trend_label_htf': '', 'session_type': 'RTH', 'entry_bar_index': 3232}"
ES,LONG,2025-01-23 17:15:00+00:00,6129.75,2025-01-23 18:15:00+00:00,6137.75,1,37.6,8.0,2.4,take_profit,"{'signal_confidence': 0.7, 'signal_reason': 'EMA21_PB_LONG | ADX=26 | RSI=68 | MACD_H=1.46 | ATR=5.3 | SL=6.0pts[STRUCT] | TP=8.0pts', 'entry_module': '', 'entry_reason': '', 'entry_type': 'ema21_pullback', 'atr': 5.303770089959613, 'atr_value': 5.303770089959613, 'adx_value': 25.564565614473214, 'market_state': 'UPTREND_PULLBACK', 'trend_label': '', 'trend_label_htf': '', 'session_type': 'RTH', 'entry_bar_index': 3323}"
ES,LONG,2025-01-23 19:30:00+00:00,6133.25,2025-01-23 20:45:00+00:00,6141.0,1,36.35,7.75,2.4,take_profit,"{'signal_confidence': 0.7, 'signal_reason': 'EMA21_PB_LONG | ADX=32 | RSI=63 | MACD_H=-0.05 | ATR=4.9 | SL=6.0pts[STRUCT] | TP=8.0pts', 'entry_module': '', 'entry_reason': '', 'entry_type': 'ema21_pullback', 'atr': 4.915224271037733, 'atr_value': 4.915224271037733, 'adx_value': 32.33960652696044, 'market_state': 'UPTREND_PULLBACK', 'trend_label': '', 'trend_label_htf': '', 'session_type': 'RTH', 'entry_bar_index': 3332}"
ES,LONG,2025-01-24 16:15:00+00:00,6149.75,2025-01-24 16:45:00+00:00,6157.25,1,35.1,7.5,2.4,take_profit,"{'signal_confidence': 0.7, 'signal_reason': 'EMA21_PB_LONG | ADX=19 | RSI=54 | MACD_H=0.06 | ATR=5.0 | SL=6.0pts[STRUCT] | TP=8.0pts', 'entry_module': '', 'entry_reason': '', 'entry_type': 'ema21_pullback', 'atr': 4.997197953242213, 'atr_value': 4.997197953242213, 'adx_value': 19.25619633975647, 'market_state': 'UPTREND_PULLBACK', 'trend_label': '', 'trend_label_htf': '', 'session_type': 'RTH', 'entry_bar_index': 3411}"
ES,LONG,2025-02-04 16:15:00+00:00,6059.25,2025-02-04 17:15:00+00:00,6047.25,1,-62.4,12.0,2.4,stop_loss,"{'signal_confidence': 0.7, 'signal_reason': 'TREND_CONT_LONG | ADX=26 | RSI=75 | MACD_H=3.51 | e9=6044.6 | #1 | SL=11.4pts | TP=14.3pts', 'entry_module': '', 'entry_reason': '', 'entry_type': 'trend_continuation_long', 'atr': 9.150401026016269, 'atr_value': 9.150401026016269, 'adx_value': 26.144384468914037, 'market_state': 'UPTREND_CONTINUATION', 'trend_label': '', 'trend_label_htf': '', 'session_type': 'RTH', 'entry_bar_index': 4055}"
ES,LONG,2025-02-04 17:45:00+00:00,6049.75,2025-02-04 19:15:00+00:00,6064.5,1,71.35,14.75,2.4,take_profit,"{'signal_confidence': 0.7, 'signal_reason': 'EMA21_PB_LONG | ADX=27 | RSI=57 | MACD_H=-0.01 | ATR=9.6 | SL=11.0pts[STRUCT] | TP=14.8pts', 'entry_module': '', 'entry_reason': '', 'entry_type': 'ema21_pullback', 'atr': 9.561344155335012, 'atr_value': 9.561344155335012, 'adx_value': 27.236576864526878, 'market_state': 'UPTREND_PULLBACK', 'trend_label': '', 'trend_label_htf': '', 'session_type': 'RTH', 'entry_bar_index': 4061}"
ES,LONG,2025-02-05 18:00:00+00:00,6071.5,2025-02-05 20:00:00+00:00,6075.25,1,16.35,3.75,2.4,flatten,"{'signal_confidence': 0.7, 'signal_reason': 'TREND_CONT_LONG | ADX=25 | RSI=73 | MACD_H=1.82 | e9=6065.2 | #1 | SL=10.1pts | TP=12.6pts', 'entry_module': '', 'entry_reason': '', 'entry_type': 'trend_continuation_long', 'atr': 8.09516924976419, 'atr_value': 8.09516924976419, 'adx_value': 25.18262186969269, 'market_state': 'UPTREND_CONTINUATION', 'trend_label': '', 'trend_label_htf': '', 'session_type': 'RTH', 'entry_bar_index': 4154}"
ES,LONG,2025-02-06 15:15:00+00:00,6101.5,2025-02-06 15:30:00+00:00,6092.75,1,-46.15,8.75,2.4,stop_loss,"{'signal_confidence': 0.7, 'signal_reason': 'EMA21_PB_LONG | ADX=18 | RSI=56 | MACD_H=0.60 | ATR=5.5 | SL=8.0pts[STRUCT] | TP=10.8pts', 'entry_module': '', 'entry_reason': '', 'entry_type': 'ema21_pullback', 'atr': 5.4780512422909595, 'atr_value': 5.4780512422909595, 'adx_value': 18.23739847608118, 'market_state': 'UPTREND_PULLBACK', 'trend_label': '', 'trend_label_htf': '', 'session_type': 'RTH', 'entry_bar_index': 4235}"
ES,LONG,2025-02-11 17:30:00+00:00,6083.25,2025-02-11 19:30:00+00:00,6087.0,1,16.35,3.75,2.4,flatten,"{'signal_confidence': 0.7, 'signal_reason': 'EMA21_PB_LONG | ADX=19 | RSI=56 | MACD_H=0.55 | ATR=6.9 | SL=11.8pts[STRUCT] | TP=15.8pts', 'entry_module': '', 'entry_reason': '', 'entry_type': 'ema21_pullback', 'atr': 6.915286898285632, 'atr_value': 6.915286898285632, 'adx_value': 18.571812639858845, 'market_state': 'UPTREND_PULLBACK', 'trend_label': '', 'trend_label_htf': '', 'session_type': 'RTH', 'entry_bar_index': 4520}"
ES,LONG,2025-02-14 16:00:00+00:00,6140.75,2025-02-14 16:15:00+00:00,6134.0,1,-36.15,6.75,2.4,stop_loss,"{'signal_confidence': 0.7, 'signal_reason': 'EMA21_PB_LONG | ADX=29 | RSI=61 | MACD_H=1.30 | ATR=4.9 | SL=6.0pts[STRUCT] | TP=8.0pts', 'entry_module': '', 'entry_reason': '', 'entry_type': 'ema21_pullback', 'atr': 4.8622069236017085, 'atr_value': 4.8622069236017085, 'adx_value': 28.644919543882956, 'market_state': 'UPTREND_PULLBACK', 'trend_label': '', 'trend_label_htf': '', 'session_type': 'RTH', 'entry_bar_index': 4790}"
ES,LONG,2025-02-14 16:45:00+00:00,6136.0,2025-02-14 17:00:00+00:00,6129.25,1,-36.15,6.75,2.4,stop_loss,"{'signal_confidence': 0.7, 'signal_reason': 'EMA21_PB_LONG | ADX=25 | RSI=51 | MACD_H=0.46 | ATR=5.4 | SL=6.0pts[STRUCT] | TP=8.0pts', 'entry_module': '', 'entry_reason': '', 'entry_type': 'ema21_pullback', 'atr': 5.3670803976504935, 'atr_value': 5.3670803976504935, 'adx_value': 25.2669066409854, 'market_state': 'UPTREND_PULLBACK', 'trend_label': '', 'trend_label_htf': '', 'session_type': 'RTH', 'entry_bar_index': 4793}"
ES,LONG,2025-02-14 19:00:00+00:00,6140.5,2025-02-14 19:30:00+00:00,6134.0,1,-34.9,6.5,2.4,stop_loss,"{'signal_confidence': 0.7, 'signal_reason': 'EMA21_PB_LONG | ADX=18 | RSI=59 | MACD_H=0.44 | ATR=5.5 | SL=6.0pts[STRUCT] | TP=8.0pts', 'entry_module': '', 'entry_reason': '', 'entry_type': 'ema21_pullback', 'atr': 5.540078791911285, 'atr_value': 5.540078791911285, 'adx_value': 18.17235227636308, 'market_state': 'UPTREND_PULLBACK', 'trend_label': '', 'trend_label_htf': '', 'session_type': 'RTH', 'entry_bar_index': 4802}"
ES,LONG,2025-02-19 18:45:00+00:00,6152.5,2025-02-19 19:15:00+00:00,6160.25,1,36.35,7.75,2.4,take_profit,"{'signal_confidence': 0.7, 'signal_reason': 'EMA21_PB_LONG | ADX=22 | RSI=60 | MACD_H=1.23 | ATR=5.8 | SL=6.0pts[STRUCT] | TP=8.0pts', 'entry_module': '', 'entry_reason': '', 'entry_type': 'ema21_pullback', 'atr': 5.824291540626197, 'atr_value': 5.824291540626197, 'adx_value': 22.271437003117708, 'market_state': 'UPTREND_PULLBACK', 'trend_label': '', 'trend_label_htf': '', 'session_type': 'RTH', 'entry_bar_index': 5061}"
ES,LONG,2025-03-12 17:00:00+00:00,5604.75,2025-03-12 17:15:00+00:00,5619.25,1,70.1,14.5,2.4,take_profit,"{'signal_confidence': 0.7, 'signal_reason': 'EMA21_PB_LONG | ADX=23 | RSI=50 | MACD_H=0.62 | ATR=18.7 | SL=6.0pts[STRUCT] | TP=8.0pts', 'entry_module': '', 'entry_reason': '', 'entry_type': 'ema21_pullback', 'atr': 18.680452711240044, 'atr_value': 18.680452711240044, 'adx_value': 22.970234753376253, 'market_state': 'UPTREND_PULLBACK', 'trend_label': '', 'trend_label_htf': '', 'session_type': 'RTH', 'entry_bar_index': 6438}"
ES,LONG,2025-03-12 18:30:00+00:00,5616.25,2025-03-12 18:45:00+00:00,5631.75,1,75.1,15.5,2.4,take_profit,"{'signal_confidence': 0.7, 'signal_reason': 'EMA21_PB_LONG | ADX=18 | RSI=53 | MACD_H=1.07 | ATR=18.6 | SL=11.8pts[STRUCT] | TP=15.8pts', 'entry_module': '', 'entry_reason': '', 'entry_type': 'ema21_pullback', 'atr': 18.562315429621144, 'atr_value': 18.562315429621144, 'adx_value': 18.259726696186316, 'market_state': 'UPTREND_PULLBACK', 'trend_label': '', 'trend_label_htf': '', 'session_type': 'RTH', 'entry_bar_index': 6444}"
ES,LONG,2025-03-19 15:45:00+00:00,5660.5,2025-03-19 17:00:00+00:00,5650.25,1,-53.65,10.25,2.4,stop_loss,"{'signal_confidence': 0.7, 'signal_reason': 'EMA9_PB_LONG | ADX=24 | RSI=65 | ATR=9.4 | SL=9.4pts | TP=11.7pts', 'entry_module': '', 'entry_reason': '', 'entry_type': 'ema9_pullback', 'atr': 9.380651013490006, 'atr_value': 9.380651013490006, 'adx_value': 23.552418550151298, 'market_state': 'UPTREND_PULLBACK', 'trend_label': '', 'trend_label_htf': '', 'session_type': 'RTH', 'entry_bar_index': 6893}"
ES,LONG,2025-03-21 18:45:00+00:00,5705.5,2025-03-21 19:00:00+00:00,5693.25,1,-63.65,12.25,2.4,stop_loss,"{'signal_confidence': 0.7, 'signal_reason': 'EMA21_PB_LONG | ADX=19 | RSI=58 | MACD_H=2.51 | ATR=13.2 | SL=12.0pts[STRUCT] | TP=16.0pts', 'entry_module': '', 'entry_reason': '', 'entry_type': 'ema21_pullback', 'atr': 13.195175748603035, 'atr_value': 13.195175748603035, 'adx_value': 19.30907158423319, 'market_state': 'UPTREND_PULLBACK', 'trend_label': '', 'trend_label_htf': '', 'session_type': 'RTH', 'entry_bar_index': 7089}"
ES,LONG,2025-03-25 19:45:00+00:00,5821.5,2025-03-26 00:30:00+00:00,5835.25,1,66.35,13.75,2.4,take_profit,"{'signal_confidence': 0.7, 'signal_reason': 'EMA21_PB_LONG | ADX=19 | RSI=52 | MACD_H=-0.50 | ATR=6.9 | SL=10.5pts[STRUCT] | TP=14.0pts', 'entry_module': '', 'entry_reason': '', 'entry_type': 'ema21_pullback', 'atr': 6.936738433807679, 'atr_value': 6.936738433807679, 'adx_value': 18.588501517553656, 'market_state': 'UPTREND_PULLBACK', 'trend_label': '', 'trend_label_htf': '', 'session_type': 'RTH', 'entry_bar_index': 7277}"
ES,LONG,2025-04-01 17:15:00+00:00,5672.5,2025-04-01 17:30:00+00:00,5658.25,1,-73.65,14.25,2.4,stop_loss,"{'signal_confidence': 0.7, 'signal_reason': 'EMA21_PB_LONG | ADX=19 | RSI=58 | MACD_H=2.12 | ATR=15.6 | SL=8.5pts[STRUCT] | TP=11.2pts', 'entry_module': '', 'entry_reason': '', 'entry_type': 'ema21_pullback', 'atr': 15.572024859840868, 'atr_value': 15.572024859840868, 'adx_value': 19.067930638425825, 'market_state': 'UPTREND_PULLBACK', 'trend_label': '', 'trend_label_htf': '', 'session_type': 'RTH', 'entry_bar_index': 7727}"
ES,LONG,2025-04-09 16:00:00+00:00,5009.25,2025-04-09 16:15:00+00:00,5048.75,1,195.1,39.5,2.4,take_profit,"{'signal_confidence': 0.7, 'signal_reason': 'EMA21_PB_LONG | ADX=23 | RSI=53 | MACD_H=1.84 | ATR=46.0 | SL=8.5pts[STRUCT] | TP=11.2pts', 'entry_module': '', 'entry_reason': '', 'entry_type': 'ema21_pullback', 'atr': 46.04107131200332, 'atr_value': 46.04107131200332, 'adx_value': 23.104866583652584, 'market_state': 'UPTREND_PULLBACK', 'trend_label': '', 'trend_label_htf': '', 'session_type': 'RTH', 'entry_bar_index': 8274}"
ES,LONG,2025-04-09 16:45:00+00:00,5048.0,2025-04-09 17:00:00+00:00,5064.0,1,77.6,16.0,2.4,take_profit,"{'signal_confidence': 0.7, 'signal_reason': 'EMA21_PB_LONG | ADX=23 | RSI=58 | MACD_H=4.26 | ATR=43.0 | SL=12.0pts[STRUCT] | TP=16.0pts', 'entry_module': '', 'entry_reason': '', 'entry_type': 'ema21_pullback', 'atr': 42.968197402504124, 'atr_value': 42.968197402504124, 'adx_value': 22.717957718661772, 'market_state': 'UPTREND_PULLBACK', 'trend_label': '', 'trend_label_htf': '', 'session_type': 'RTH', 'entry_bar_index': 8277}"
ES,LONG,2025-05-01 18:30:00+00:00,5660.5,2025-05-01 19:00:00+00:00,5650.5,1,-52.4,10.0,2.4,stop_loss,"{'signal_confidence': 0.7, 'signal_reason': 'EMA21_PB_LONG | ADX=18 | RSI=55 | MACD_H=0.37 | ATR=13.6 | SL=9.8pts[STRUCT] | TP=13.0pts', 'entry_module': '', 'entry_reason': '', 'entry_type': 'ema21_pullback', 'atr': 13.554094029877527, 'atr_value': 13.554094029877527, 'adx_value': 18.410348382015822, 'market_state': 'UPTREND_PULLBACK', 'trend_label': '', 'trend_label_htf': '', 'session_type': 'RTH', 'entry_bar_index': 9664}"
ES,LONG,2025-05-08 18:15:00+00:00,5720.25,2025-05-08 19:15:00+00:00,5731.75,1,55.1,11.5,2.4,take_profit,"{'signal_confidence': 0.7, 'signal_reason': 'EMA21_PB_LONG | ADX=25 | RSI=55 | MACD_H=1.04 | ATR=13.4 | SL=9.0pts[STRUCT] | TP=12.0pts', 'entry_module': '', 'entry_reason': '', 'entry_type': 'ema21_pullback', 'atr': 13.385168046619519, 'atr_value': 13.385168046619519, 'adx_value': 24.516162461684367, 'market_state': 'UPTREND_PULLBACK', 'trend_label': '', 'trend_label_htf': '', 'session_type': 'RTH', 'entry_bar_index': 10123}"
ES,LONG,2025-05-13 16:30:00+00:00,5912.75,2025-05-13 18:30:00+00:00,5914.75,1,7.6,2.0,2.4,flatten,"{'signal_confidence': 0.7, 'signal_reason': 'TREND_CONT_LONG | ADX=51 | RSI=75 | MACD_H=1.64 | e9=5906.5 | #2 | SL=11.6pts | TP=14.6pts', 'entry_module': '', 'entry_reason': '', 'entry_type': 'trend_continuation_long', 'atr': 9.315178581704144, 'atr_value': 9.315178581704144, 'adx_value': 50.65917700983883, 'market_state': 'UPTREND_CONTINUATION', 'trend_label': '', 'trend_label_htf': '', 'session_type': 'RTH', 'entry_bar_index': 10392}"
ES,LONG,2025-05-15 15:15:00+00:00,5910.75,2025-05-15 15:30:00+00:00,5926.75,1,77.6,16.0,2.4,take_profit,"{'signal_confidence': 0.7, 'signal_reason': 'EMA21_PB_LONG | ADX=30 | RSI=69 | MACD_H=2.23 | ATR=8.8 | SL=12.0pts[STRUCT] | TP=16.0pts', 'entry_module': '', 'entry_reason': '', 'entry_type': 'ema21_pullback', 'atr': 8.766400314623237, 'atr_value': 8.766400314623237, 'adx_value': 29.569651866602523, 'market_state': 'UPTREND_PULLBACK', 'trend_label': '', 'trend_label_htf': '', 'session_type': 'RTH', 'entry_bar_index': 10571}"
ES,LONG,2025-05-15 15:45:00+00:00,5928.0,2025-05-15 17:15:00+00:00,5942.25,1,68.85,14.25,2.4,take_profit,"{'signal_confidence': 0.7, 'signal_reason': 'TREND_CONT_LONG | ADX=34 | RSI=77 | MACD_H=3.89 | e9=5906.6 | #2 | SL=11.8pts | TP=14.8pts', 'entry_module': '', 'entry_reason': '', 'entry_type': 'trend_continuation_long', 'atr': 9.454192108016974, 'atr_value': 9.454192108016974, 'adx_value': 33.878050055842465, 'market_state': 'UPTREND_CONTINUATION', 'trend_label': '', 'trend_label_htf': '', 'session_type': 'RTH', 'entry_bar_index': 10573}"
ES,LONG,2025-05-16 16:15:00+00:00,5951.25,2025-05-16 17:15:00+00:00,5964.5,1,63.85,13.25,2.4,take_profit,"{'signal_confidence': 0.7, 'signal_reason': 'EMA21_PB_LONG | ADX=26 | RSI=56 | MACD_H=0.30 | ATR=8.1 | SL=10.2pts[STRUCT] | TP=13.8pts', 'entry_module': '', 'entry_reason': '', 'entry_type': 'ema21_pullback', 'atr': 8.073316652539715, 'atr_value': 8.073316652539715, 'adx_value': 25.964841692664557, 'market_state': 'UPTREND_PULLBACK', 'trend_label': '', 'trend_label_htf': '', 'session_type': 'RTH', 'entry_bar_index': 10667}"
ES,LONG,2025-05-16 17:30:00+00:00,5963.75,2025-05-16 19:00:00+00:00,5973.5,1,46.35,9.75,2.4,take_profit,"{'signal_confidence': 0.7, 'signal_reason': 'EMA9_PB_LONG | ADX=23 | RSI=65 | ATR=7.5 | SL=8.0pts | TP=10.0pts', 'entry_module': '', 'entry_reason': '', 'entry_type': 'ema9_pullback', 'atr': 7.463938871957051, 'atr_value': 7.463938871957051, 'adx_value': 23.22119355280029, 'market_state': 'UPTREND_PULLBACK', 'trend_label': '', 'trend_label_htf': '', 'session_type': 'RTH', 'entry_bar_index': 10672}"
ES,LONG,2025-05-21 16:15:00+00:00,5950.0,2025-05-21 17:00:00+00:00,5940.5,1,-49.9,9.5,2.4,stop_loss,"{'signal_confidence': 0.7, 'signal_reason': 'EMA9_PB_LONG | ADX=27 | RSI=65 | ATR=9.3 | SL=9.3pts | TP=11.6pts', 'entry_module': '', 'entry_reason': '', 'entry_type': 'ema9_pullback', 'atr': 9.303447806521195, 'atr_value': 9.303447806521195, 'adx_value': 26.84127805589675, 'market_state': 'UPTREND_PULLBACK', 'trend_label': '', 'trend_label_htf': '', 'session_type': 'RTH', 'entry_bar_index': 10943}"
ES,LONG,2025-05-27 14:45:00+00:00,5906.25,2025-05-27 15:15:00+00:00,5914.0,1,36.35,7.75,2.4,take_profit,"{'signal_confidence': 0.7, 'signal_reason': 'EMA21_PB_LONG | ADX=26 | RSI=59 | MACD_H=0.07 | ATR=8.7 | SL=6.0pts[STRUCT] | TP=8.0pts', 'entry_module': '', 'entry_reason': '', 'entry_type': 'ema21_pullback', 'atr': 8.698700813800263, 'atr_value': 8.698700813800263, 'adx_value': 26.137117137893586, 'market_state': 'UPTREND_PULLBACK', 'trend_label': '', 'trend_label_htf': '', 'session_type': 'RTH', 'entry_bar_index': 11289}"
ES,LONG,2025-05-27 15:45:00+00:00,5914.25,2025-05-27 16:30:00+00:00,5924.25,1,47.6,10.0,2.4,take_profit,"{'signal_confidence': 0.7, 'signal_reason': 'EMA9_PB_LONG | ADX=23 | RSI=65 | ATR=8.1 | SL=8.1pts | TP=10.1pts', 'entry_module': '', 'entry_reason': '', 'entry_type': 'ema9_pullback', 'atr': 8.101119167611136, 'atr_value': 8.101119167611136, 'adx_value': 22.684392083411176, 'market_state': 'UPTREND_PULLBACK', 'trend_label': '', 'trend_label_htf': '', 'session_type': 'RTH', 'entry_bar_index': 11293}"
ES,LONG,2025-05-27 17:15:00+00:00,5926.25,2025-05-27 17:45:00+00:00,5936.0,1,46.35,9.75,2.4,take_profit,"{'signal_confidence': 0.7, 'signal_reason': 'EMA9_PB_LONG | ADX=27 | RSI=69 | ATR=7.6 | SL=8.0pts | TP=10.0pts', 'entry_module': '', 'entry_reason': '', 'entry_type': 'ema9_pullback', 'atr': 7.581687657552597, 'atr_value': 7.581687657552597, 'adx_value': 27.041776334142234, 'market_state': 'UPTREND_PULLBACK', 'trend_label': '', 'trend_label_htf': '', 'session_type': 'RTH', 'entry_bar_index': 11299}"
ES,LONG,2025-05-27 19:15:00+00:00,5929.75,2025-05-27 19:45:00+00:00,5923.5,1,-33.65,6.25,2.4,stop_loss,"{'signal_confidence': 0.7, 'signal_reason': 'EMA21_PB_LONG | ADX=35 | RSI=64 | MACD_H=0.05 | ATR=6.8 | SL=6.0pts[STRUCT] | TP=8.0pts', 'entry_module': '', 'entry_reason': '', 'entry_type': 'ema21_pullback', 'atr': 6.812549046672279, 'atr_value': 6.812549046672279, 'adx_value': 35.462293567433825, 'market_state': 'UPTREND_PULLBACK', 'trend_label': '', 'trend_label_htf': '', 'session_type': 'RTH', 'entry_bar_index': 11307}"
ES,LONG,2025-06-03 14:15:00+00:00,5950.0,2025-06-03 15:00:00+00:00,5965.25,1,73.85,15.25,2.4,take_profit,"{'signal_confidence': 0.7, 'signal_reason': 'EMA21_PB_LONG | ADX=35 | RSI=67 | MACD_H=1.44 | ATR=6.8 | SL=11.8pts[STRUCT] | TP=15.8pts', 'entry_module': '', 'entry_reason': '', 'entry_type': 'ema21_pullback', 'atr': 6.805324918310574, 'atr_value': 6.805324918310574, 'adx_value': 34.87221875731902, 'market_state': 'UPTREND_PULLBACK', 'trend_label': '', 'trend_label_htf': '', 'session_type': 'RTH', 'entry_bar_index': 11747}"
ES,LONG,2025-06-03 15:15:00+00:00,5967.25,2025-06-03 16:15:00+00:00,5978.0,1,51.35,10.75,2.4,take_profit,"{'signal_confidence': 0.7, 'signal_reason': 'TREND_CONT_LONG | ADX=38 | RSI=75 | MACD_H=2.50 | e9=5954.6 | #2 | SL=8.7pts | TP=10.9pts', 'entry_module': '', 'entry_reason': '', 'entry_type': 'trend_continuation_long', 'atr': 6.977714623903278, 'atr_value': 6.977714623903278, 'adx_value': 38.18674231450126, 'market_state': 'UPTREND_CONTINUATION', 'trend_label': '', 'trend_label_htf': '', 'session_type': 'RTH', 'entry_bar_index': 11751}"
ES,LONG,2025-06-04 17:15:00+00:00,5992.25,2025-06-04 19:15:00+00:00,5989.75,1,-14.9,2.5,2.4,flatten,"{'signal_confidence': 0.7, 'signal_reason': 'EMA21_PB_LONG | ADX=24 | RSI=54 | MACD_H=-0.30 | ATR=7.4 | SL=6.0pts[STRUCT] | TP=8.0pts', 'entry_module': '', 'entry_reason': '', 'entry_type': 'ema21_pullback', 'atr': 7.368448463185306, 'atr_value': 7.368448463185306, 'adx_value': 23.951662758759305, 'market_state': 'UPTREND_PULLBACK', 'trend_label': '', 'trend_label_htf': '', 'session_type': 'RTH', 'entry_bar_index': 11851}"
ES,LONG,2025-06-06 15:15:00+00:00,6014.25,2025-06-06 15:30:00+00:00,6000.75,1,-69.9,13.5,2.4,stop_loss,"{'signal_confidence': 0.7, 'signal_reason': 'EMA9_PB_LONG | ADX=40 | RSI=69 | ATR=9.1 | SL=9.1pts | TP=11.3pts', 'entry_module': '', 'entry_reason': '', 'entry_type': 'ema9_pullback', 'atr': 9.052108595891433, 'atr_value': 9.052108595891433, 'adx_value': 40.152632713174604, 'market_state': 'UPTREND_PULLBACK', 'trend_label': '', 'trend_label_htf': '', 'session_type': 'RTH', 'entry_bar_index': 12027}"
ES,LONG,2025-06-06 15:45:00+00:00,6001.75,2025-06-06 16:00:00+00:00,6009.25,1,35.1,7.5,2.4,take_profit,"{'signal_confidence': 0.7, 'signal_reason': 'EMA21_PB_LONG | ADX=36 | RSI=57 | MACD_H=-0.37 | ATR=10.1 | SL=6.0pts[STRUCT] | TP=8.0pts', 'entry_module': '', 'entry_reason': '', 'entry_type': 'ema21_pullback', 'atr': 10.084471187273737, 'atr_value': 10.084471187273737, 'adx_value': 35.62538427827826, 'market_state': 'UPTREND_PULLBACK', 'trend_label': '', 'trend_label_htf': '', 'session_type': 'RTH', 'entry_bar_index': 12029}"
ES,LONG,2025-06-10 14:15:00+00:00,6023.75,2025-06-10 15:30:00+00:00,6017.5,1,-33.65,6.25,2.4,stop_loss,"{'signal_confidence': 0.7, 'signal_reason': 'EMA21_PB_LONG | ADX=18 | RSI=61 | MACD_H=0.91 | ATR=5.7 | SL=6.0pts[STRUCT] | TP=8.0pts', 'entry_module': '', 'entry_reason': '', 'entry_type': 'ema21_pullback', 'atr': 5.739450802961148, 'atr_value': 5.739450802961148, 'adx_value': 18.223132260509956, 'market_state': 'UPTREND_PULLBACK', 'trend_label': '', 'trend_label_htf': '', 'session_type': 'RTH', 'entry_bar_index': 12207}"
ES,LONG,2025-06-10 16:00:00+00:00,6027.25,2025-06-10 16:45:00+00:00,6036.0,1,41.35,8.75,2.4,take_profit,"{'signal_confidence': 0.7, 'signal_reason': 'EMA21_PB_LONG | ADX=22 | RSI=59 | MACD_H=0.48 | ATR=6.7 | SL=6.8pts[STRUCT] | TP=9.0pts', 'entry_module': '', 'entry_reason': '', 'entry_type': 'ema21_pullback', 'atr': 6.725459079040492, 'atr_value': 6.725459079040492, 'adx_value': 21.791973642160606, 'market_state': 'UPTREND_PULLBACK', 'trend_label': '', 'trend_label_htf': '', 'session_type': 'RTH', 'entry_bar_index': 12214}"
ES,LONG,2025-06-11 14:15:00+00:00,6055.5,2025-06-11 15:45:00+00:00,6045.75,1,-51.15,9.75,2.4,stop_loss,"{'signal_confidence': 0.7, 'signal_reason': 'EMA21_PB_LONG | ADX=26 | RSI=63 | MACD_H=1.08 | ATR=9.3 | SL=9.2pts[STRUCT] | TP=12.2pts', 'entry_module': '', 'entry_reason': '', 'entry_type': 'ema21_pullback', 'atr': 9.324864527948213, 'atr_value': 9.324864527948213, 'adx_value': 26.157328602029125, 'market_state': 'UPTREND_PULLBACK', 'trend_label': '', 'trend_label_htf': '', 'session_type': 'RTH', 'entry_bar_index': 12299}"
ES,LONG,2025-06-12 14:45:00+00:00,6043.5,2025-06-12 15:15:00+00:00,6032.5,1,-57.4,11.0,2.4,stop_loss,"{'signal_confidence': 0.7, 'signal_reason': 'TREND_CONT_LONG | ADX=32 | RSI=78 | MACD_H=4.73 | e9=6025.1 | #1 | SL=10.5pts | TP=13.1pts', 'entry_module': '', 'entry_reason': '', 'entry_type': 'trend_continuation_long', 'atr': 8.369600821762596, 'atr_value': 8.369600821762596, 'adx_value': 32.016829241168175, 'market_state': 'UPTREND_CONTINUATION', 'trend_label': '', 'trend_label_htf': '', 'session_type': 'RTH', 'entry_bar_index': 12393}"
ES,LONG,2025-06-12 16:00:00+00:00,6038.25,2025-06-12 17:30:00+00:00,6049.0,1,51.35,10.75,2.4,take_profit,"{'signal_confidence': 0.7, 'signal_reason': 'EMA21_PB_LONG | ADX=35 | RSI=66 | MACD_H=2.24 | ATR=8.8 | SL=8.0pts[STRUCT] | TP=10.8pts', 'entry_module': '', 'entry_reason': '', 'entry_type': 'ema21_pullback', 'atr': 8.773492253812956, 'atr_value': 8.773492253812956, 'adx_value': 34.78544998470798, 'market_state': 'UPTREND_PULLBACK', 'trend_label': '', 'trend_label_htf': '', 'session_type': 'RTH', 'entry_bar_index': 12398}"
ES,LONG,2025-06-13 17:00:00+00:00,6021.75,2025-06-13 17:15:00+00:00,6011.25,1,-54.9,10.5,2.4,stop_loss,"{'signal_confidence': 0.7, 'signal_reason': 'EMA21_PB_LONG | ADX=39 | RSI=63 | MACD_H=1.62 | ATR=11.5 | SL=8.5pts[STRUCT] | TP=11.2pts', 'entry_module': '', 'entry_reason': '', 'entry_type': 'ema21_pullback', 'atr': 11.526990493464835, 'atr_value': 11.526990493464835, 'adx_value': 39.470526555111675, 'market_state': 'UPTREND_PULLBACK', 'trend_label': '', 'trend_label_htf': '', 'session_type': 'RTH', 'entry_bar_index': 12494}"
ES,LONG,2025-06-24 17:15:00+00:00,6145.0,2025-06-24 19:15:00+00:00,6152.0,1,32.6,7.0,2.4,flatten,"{'signal_confidence': 0.7, 'signal_reason': 'EMA9_PB_LONG | ADX=22 | RSI=65 | ATR=7.2 | SL=8.0pts | TP=10.0pts', 'entry_module': '', 'entry_reason': '', 'entry_type': 'ema9_pullback', 'atr': 7.227944153585924, 'atr_value': 7.227944153585924, 'adx_value': 22.002197198843668, 'market_state': 'UPTREND_PULLBACK', 'trend_label': '', 'trend_label_htf': '', 'session_type': 'RTH', 'entry_bar_index': 13123}"
ES,LONG,2025-06-24 19:45:00+00:00,6153.5,2025-06-24 20:00:00+00:00,6143.75,1,-51.15,9.75,2.4,stop_loss,"{'signal_confidence': 0.7, 'signal_reason': 'TREND_CONT_LONG | ADX=30 | RSI=68 | MACD_H=0.53 | e9=6149.0 | #1 | SL=7.2pts | TP=9.0pts', 'entry_module': '', 'entry_reason': '', 'entry_type': 'trend_continuation_long', 'atr': 5.743425961659096, 'atr_value': 5.743425961659096, 'adx_value': 29.63552923445135, 'market_state': 'UPTREND_CONTINUATION', 'trend_label': '', 'trend_label_htf': '', 'session_type': 'RTH', 'entry_bar_index': 13133}"
ES,LONG,2025-06-26 14:15:00+00:00,6170.0,2025-06-26 14:30:00+00:00,6177.75,1,36.35,7.75,2.4,take_profit,"{'signal_confidence': 0.7, 'signal_reason': 'EMA21_PB_LONG | ADX=31 | RSI=59 | MACD_H=-0.33 | ATR=5.2 | SL=6.0pts[STRUCT] | TP=8.0pts', 'entry_module': '', 'entry_reason': '', 'entry_type': 'ema21_pullback', 'atr': 5.211971303477325, 'atr_value': 5.211971303477325, 'adx_value': 30.520168243111556, 'market_state': 'UPTREND_PULLBACK', 'trend_label': '', 'trend_label_htf': '', 'session_type': 'RTH', 'entry_bar_index': 13295}"
ES,LONG,2025-06-26 14:45:00+00:00,6176.25,2025-06-26 15:15:00+00:00,6184.5,1,38.85,8.25,2.4,take_profit,"{'signal_confidence': 0.7, 'signal_reason': 'TREND_CONT_LONG | ADX=29 | RSI=67 | MACD_H=0.49 | e9=6170.3 | #1 | SL=6.8pts | TP=8.6pts', 'entry_module': '', 'entry_reason': '', 'entry_type': 'trend_continuation_long', 'atr': 5.473587501467693, 'atr_value': 5.473587501467693, 'adx_value': 28.73629553752988, 'market_state': 'UPTREND_CONTINUATION', 'trend_label': '', 'trend_label_htf': '', 'session_type': 'RTH', 'entry_bar_index': 13297}"
ES,LONG,2025-06-26 15:45:00+00:00,6179.75,2025-06-26 17:00:00+00:00,6187.75,1,37.6,8.0,2.4,take_profit,"{'signal_confidence': 0.7, 'signal_reason': 'EMA21_PB_LONG | ADX=27 | RSI=67 | MACD_H=0.94 | ATR=5.8 | SL=6.0pts[STRUCT] | TP=8.0pts', 'entry_module': '', 'entry_reason': '', 'entry_type': 'ema21_pullback', 'atr': 5.751233408720815, 'atr_value': 5.751233408720815, 'adx_value': 26.901585814984298, 'market_state': 'UPTREND_PULLBACK', 'trend_label': '', 'trend_label_htf': '', 'session_type': 'RTH', 'entry_bar_index': 13301}"
ES,LONG,2025-06-26 19:30:00+00:00,6193.0,2025-06-26 20:00:00+00:00,6193.25,1,-1.15,0.25,2.4,stop_loss,"{'signal_confidence': 0.7, 'signal_reason': 'EMA21_PB_LONG | ADX=28 | RSI=68 | MACD_H=-0.15 | ATR=5.2 | SL=6.0pts[STRUCT] | TP=8.0pts', 'entry_module': '', 'entry_reason': '', 'entry_type': 'ema21_pullback', 'atr': 5.1878050229292, 'atr_value': 5.1878050229292, 'adx_value': 27.545173053581582, 'market_state': 'UPTREND_PULLBACK', 'trend_label': '', 'trend_label_htf': '', 'session_type': 'RTH', 'entry_bar_index': 13316}"
ES,LONG,2025-06-27 14:45:00+00:00,6229.0,2025-06-27 16:45:00+00:00,6234.5,1,25.1,5.5,2.4,flatten,"{'signal_confidence': 0.7, 'signal_reason': 'EMA21_PB_LONG | ADX=35 | RSI=69 | MACD_H=1.51 | ATR=5.9 | SL=8.5pts[STRUCT] | TP=11.2pts', 'entry_module': '', 'entry_reason': '', 'entry_type': 'ema21_pullback', 'atr': 5.896802261535753, 'atr_value': 5.896802261535753, 'adx_value': 35.37250337828067, 'market_state': 'UPTREND_PULLBACK', 'trend_label': '', 'trend_label_htf': '', 'session_type': 'RTH', 'entry_bar_index': 13389}"
ES,LONG,2025-07-02 16:00:00+00:00,6265.0,2025-07-02 18:00:00+00:00,6266.0,1,2.6,1.0,2.4,flatten,"{'signal_confidence': 0.7, 'signal_reason': 'TREND_CONT_LONG | ADX=26 | RSI=64 | MACD_H=2.24 | e9=6258.1 | #1 | SL=7.8pts | TP=9.8pts', 'entry_module': '', 'entry_reason': '', 'entry_type': 'trend_continuation_long', 'atr': 6.241042234042467, 'atr_value': 6.241042234042467, 'adx_value': 25.580215952269523, 'market_state': 'UPTREND_CONTINUATION', 'trend_label': '', 'trend_label_htf': '', 'session_type': 'RTH', 'entry_bar_index': 13670}"
ES,LONG,2025-07-02 18:30:00+00:00,6268.0,2025-07-02 19:45:00+00:00,6275.75,1,36.35,7.75,2.4,take_profit,"{'signal_confidence': 0.7, 'signal_reason': 'EMA21_PB_LONG | ADX=22 | RSI=64 | MACD_H=0.57 | ATR=5.3 | SL=6.0pts[STRUCT] | TP=8.0pts', 'entry_module': '', 'entry_reason': '', 'entry_type': 'ema21_pullback', 'atr': 5.285147672882229, 'atr_value': 5.285147672882229, 'adx_value': 21.56325164808599, 'market_state': 'UPTREND_PULLBACK', 'trend_label': '', 'trend_label_htf': '', 'session_type': 'RTH', 'entry_bar_index': 13680}"
ES,LONG,2025-07-09 18:00:00+00:00,6291.75,2025-07-09 18:45:00+00:00,6299.75,1,37.6,8.0,2.4,take_profit,"{'signal_confidence': 0.7, 'signal_reason': 'EMA21_PB_LONG | ADX=19 | RSI=56 | MACD_H=-0.42 | ATR=7.3 | SL=6.0pts[STRUCT] | TP=8.0pts', 'entry_module': '', 'entry_reason': '', 'entry_type': 'ema21_pullback', 'atr': 7.318928950286848, 'atr_value': 7.318928950286848, 'adx_value': 18.858869921365027, 'market_state': 'UPTREND_PULLBACK', 'trend_label': '', 'trend_label_htf': '', 'session_type': 'RTH', 'entry_bar_index': 14107}"
ES,LONG,2025-07-09 19:00:00+00:00,6301.75,2025-07-09 20:00:00+00:00,6309.5,1,36.35,7.75,2.4,take_profit,"{'signal_confidence': 0.7, 'signal_reason': 'EMA21_PB_LONG | ADX=20 | RSI=65 | MACD_H=0.82 | ATR=7.0 | SL=6.0pts[STRUCT] | TP=8.0pts', 'entry_module': '', 'entry_reason': '', 'entry_type': 'ema21_pullback', 'atr': 7.038972817293385, 'atr_value': 7.038972817293385, 'adx_value': 20.09664362919338, 'market_state': 'UPTREND_PULLBACK', 'trend_label': '', 'trend_label_htf': '', 'session_type': 'RTH', 'entry_bar_index': 14111}"
ES,LONG,2025-07-10 14:45:00+00:00,6314.75,2025-07-10 16:45:00+00:00,6323.25,1,40.1,8.5,2.4,flatten,"{'signal_confidence': 0.7, 'signal_reason': 'EMA21_PB_LONG | ADX=25 | RSI=66 | MACD_H=0.23 | ATR=5.8 | SL=11.8pts[STRUCT] | TP=15.8pts', 'entry_module': '', 'entry_reason': '', 'entry_type': 'ema21_pullback', 'atr': 5.811091243583968, 'atr_value': 5.811091243583968, 'adx_value': 24.87043863803763, 'market_state': 'UPTREND_PULLBACK', 'trend_label': '', 'trend_label_htf': '', 'session_type': 'RTH', 'entry_bar_index': 14186}"
ES,LONG,2025-07-10 17:15:00+00:00,6326.0,2025-07-10 17:45:00+00:00,6334.25,1,38.85,8.25,2.4,take_profit,"{'signal_confidence': 0.7, 'signal_reason': 'TREND_CONT_LONG | ADX=33 | RSI=68 | MACD_H=0.88 | e9=6320.8 | #1 | SL=6.8pts | TP=8.5pts', 'entry_module': '', 'entry_reason': '', 'entry_type': 'trend_continuation_long', 'atr': 5.426524050584087, 'atr_value': 5.426524050584087, 'adx_value': 33.12519248488347, 'market_state': 'UPTREND_CONTINUATION', 'trend_label': '', 'trend_label_htf': '', 'session_type': 'RTH', 'entry_bar_index': 14196}"
ES,LONG,2025-07-10 18:00:00+00:00,6332.75,2025-07-10 19:45:00+00:00,6325.5,1,-38.65,7.25,2.4,stop_loss,"{'signal_confidence': 0.7, 'signal_reason': 'TREND_CONT_LONG | ADX=36 | RSI=74 | MACD_H=1.05 | e9=6325.5 | #2 | SL=6.7pts | TP=8.3pts', 'entry_module': '', 'entry_reason': '', 'entry_type': 'trend_continuation_long', 'atr': 5.332388243124359, 'atr_value': 5.332388243124359, 'adx_value': 36.204998909061466, 'market_state': 'UPTREND_CONTINUATION', 'trend_label': '', 'trend_label_htf': '', 'session_type': 'RTH', 'entry_bar_index': 14199}"
ES,LONG,2025-07-11 18:00:00+00:00,6309.25,2025-07-11 19:00:00+00:00,6302.5,1,-36.15,6.75,2.4,stop_loss,"{'signal_confidence': 0.7, 'signal_reason': 'EMA21_PB_LONG | ADX=18 | RSI=58 | MACD_H=0.85 | ATR=7.6 | SL=6.2pts[STRUCT] | TP=8.2pts', 'entry_module': '', 'entry_reason': '', 'entry_type': 'ema21_pullback', 'atr': 7.645189081736171, 'atr_value': 7.645189081736171, 'adx_value': 18.07341610108375, 'market_state': 'UPTREND_PULLBACK', 'trend_label': '', 'trend_label_htf': '', 'session_type': 'RTH', 'entry_bar_index': 14291}"
ES,LONG,2025-07-16 17:15:00+00:00,6297.5,2025-07-16 18:15:00+00:00,6289.5,1,-42.4,8.0,2.4,stop_loss,"{'signal_confidence': 0.7, 'signal_reason': 'EMA21_PB_LONG | ADX=26 | RSI=59 | MACD_H=0.71 | ATR=12.5 | SL=7.5pts[STRUCT] | TP=10.0pts', 'entry_module': '', 'entry_reason': '', 'entry_type': 'ema21_pullback', 'atr': 12.484738803326069, 'atr_value': 12.484738803326069, 'adx_value': 25.670991606328315, 'market_state': 'UPTREND_PULLBACK', 'trend_label': '', 'trend_label_htf': '', 'session_type': 'RTH', 'entry_bar_index': 14564}"
ES,LONG,2025-07-17 17:00:00+00:00,6329.75,2025-07-17 18:15:00+00:00,6337.5,1,36.35,7.75,2.4,take_profit,"{'signal_confidence': 0.7, 'signal_reason': 'EMA21_PB_LONG | ADX=20 | RSI=65 | MACD_H=0.80 | ATR=5.7 | SL=6.0pts[STRUCT] | TP=8.0pts', 'entry_module': '', 'entry_reason': '', 'entry_type': 'ema21_pullback', 'atr': 5.746613651526787, 'atr_value': 5.746613651526787, 'adx_value': 20.015476447452134, 'market_state': 'UPTREND_PULLBACK', 'trend_label': '', 'trend_label_htf': '', 'session_type': 'RTH', 'entry_bar_index': 14655}"
ES,LONG,2025-07-17 19:00:00+00:00,6341.25,2025-07-17 20:00:00+00:00,6341.5,1,-1.15,0.25,2.4,stop_loss,"{'signal_confidence': 0.7, 'signal_reason': 'TREND_CONT_LONG | ADX=25 | RSI=72 | MACD_H=0.42 | e9=6335.5 | #1 | SL=6.3pts | TP=7.9pts', 'entry_module': '', 'entry_reason': '', 'entry_type': 'trend_continuation_long', 'atr': 5.040386128543285, 'atr_value': 5.040386128543285, 'adx_value': 25.35479792598254, 'market_state': 'UPTREND_CONTINUATION', 'trend_label': '', 'trend_label_htf': '', 'session_type': 'RTH', 'entry_bar_index': 14663}"
ES,LONG,2025-07-22 19:30:00+00:00,6349.5,2025-07-22 20:00:00+00:00,6345.25,1,-23.65,4.25,2.4,stop_loss,"{'signal_confidence': 0.7, 'signal_reason': 'EMA21_PB_LONG | ADX=22 | RSI=61 | MACD_H=1.60 | ATR=6.6 | SL=6.0pts[STRUCT] | TP=8.0pts', 'entry_module': '', 'entry_reason': '', 'entry_type': 'ema21_pullback', 'atr': 6.6094868659029595, 'atr_value': 6.6094868659029595, 'adx_value': 21.828597218148467, 'market_state': 'UPTREND_PULLBACK', 'trend_label': '', 'trend_label_htf': '', 'session_type': 'RTH', 'entry_bar_index': 14941}"
ES,LONG,2025-07-23 16:45:00+00:00,6376.5,2025-07-23 17:45:00+00:00,6385.25,1,41.35,8.75,2.4,take_profit,"{'signal_confidence': 0.7, 'signal_reason': 'EMA21_PB_LONG | ADX=22 | RSI=60 | MACD_H=1.39 | ATR=6.8 | SL=6.8pts[STRUCT] | TP=9.0pts', 'entry_module': '', 'entry_reason': '', 'entry_type': 'ema21_pullback', 'atr': 6.765912563065705, 'atr_value': 6.765912563065705, 'adx_value': 21.71134131842544, 'market_state': 'UPTREND_PULLBACK', 'trend_label': '', 'trend_label_htf': '', 'session_type': 'RTH', 'entry_bar_index': 15022}"
ES,LONG,2025-07-23 18:45:00+00:00,6391.0,2025-07-23 20:00:00+00:00,6400.75,1,46.35,9.75,2.4,take_profit,"{'signal_confidence': 0.7, 'signal_reason': 'EMA9_PB_LONG | ADX=27 | RSI=69 | ATR=6.7 | SL=8.0pts | TP=10.0pts', 'entry_module': '', 'entry_reason': '', 'entry_type': 'ema9_pullback', 'atr': 6.73676399660369, 'atr_value': 6.73676399660369, 'adx_value': 27.09902697742913, 'market_state': 'UPTREND_PULLBACK', 'trend_label': '', 'trend_label_htf': '', 'session_type': 'RTH', 'entry_bar_index': 15030}"
ES,LONG,2025-07-24 16:00:00+00:00,6412.0,2025-07-24 16:15:00+00:00,6404.0,1,-42.4,8.0,2.4,stop_loss,"{'signal_confidence': 0.7, 'signal_reason': 'EMA21_PB_LONG | ADX=19 | RSI=60 | MACD_H=1.08 | ATR=5.2 | SL=6.0pts[STRUCT] | TP=8.0pts', 'entry_module': '', 'entry_reason': '', 'entry_type': 'ema21_pullback', 'atr': 5.173358915621294, 'atr_value': 5.173358915621294, 'adx_value': 19.08009303172529, 'market_state': 'UPTREND_PULLBACK', 'trend_label': '', 'trend_label_htf': '', 'session_type': 'RTH', 'entry_bar_index': 15111}"
ES,LONG,2025-08-06 17:00:00+00:00,6367.75,2025-08-06 18:00:00+00:00,6375.5,1,36.35,7.75,2.4,take_profit,"{'signal_confidence': 0.7, 'signal_reason': 'EMA21_PB_LONG | ADX=25 | RSI=66 | MACD_H=2.53 | ATR=8.9 | SL=6.0pts[STRUCT] | TP=8.0pts', 'entry_module': '', 'entry_reason': '', 'entry_type': 'ema21_pullback', 'atr': 8.859064642770443, 'atr_value': 8.859064642770443, 'adx_value': 25.278681596392012, 'market_state': 'UPTREND_PULLBACK', 'trend_label': '', 'trend_label_htf': '', 'session_type': 'RTH', 'entry_bar_index': 15943}"
ES,LONG,2025-08-06 18:15:00+00:00,6373.25,2025-08-06 20:00:00+00:00,6371.5,1,-11.15,1.75,2.4,stop_loss,"{'signal_confidence': 0.7, 'signal_reason': 'EMA21_PB_LONG | ADX=29 | RSI=67 | MACD_H=0.84 | ATR=8.1 | SL=6.5pts[STRUCT] | TP=8.8pts', 'entry_module': '', 'entry_reason': '', 'entry_type': 'ema21_pullback', 'atr': 8.106187969313691, 'atr_value': 8.106187969313691, 'adx_value': 28.559147045037857, 'market_state': 'UPTREND_PULLBACK', 'trend_label': '', 'trend_label_htf': '', 'session_type': 'RTH', 'entry_bar_index': 15948}"
ES,LONG,2025-08-08 15:15:00+00:00,6406.25,2025-08-08 15:30:00+00:00,6397.0,1,-48.65,9.25,2.4,stop_loss,"{'signal_confidence': 0.7, 'signal_reason': 'EMA21_PB_LONG | ADX=29 | RSI=69 | MACD_H=2.08 | ATR=6.1 | SL=8.5pts[STRUCT] | TP=11.2pts', 'entry_module': '', 'entry_reason': '', 'entry_type': 'ema21_pullback', 'atr': 6.143818978303186, 'atr_value': 6.143818978303186, 'adx_value': 29.439659772505003, 'market_state': 'UPTREND_PULLBACK', 'trend_label': '', 'trend_label_htf': '', 'session_type': 'RTH', 'entry_bar_index': 16120}"
ES,LONG,2025-08-08 16:30:00+00:00,6411.5,2025-08-08 18:30:00+00:00,6414.5,1,12.6,3.0,2.4,flatten,"{'signal_confidence': 0.7, 'signal_reason': 'EMA9_PB_LONG | ADX=27 | RSI=65 | ATR=7.1 | SL=8.0pts | TP=10.0pts', 'entry_module': '', 'entry_reason': '', 'entry_type': 'ema9_pullback', 'atr': 7.094028864295987, 'atr_value': 7.094028864295987, 'adx_value': 26.523942740807684, 'market_state': 'UPTREND_PULLBACK', 'trend_label': '', 'trend_label_htf': '', 'session_type': 'RTH', 'entry_bar_index': 16125}"
ES,LONG,2025-08-08 19:30:00+00:00,6415.5,2025-08-08 19:45:00+00:00,6406.25,1,-48.65,9.25,2.4,stop_loss,"{'signal_confidence': 0.7, 'signal_reason': 'EMA21_PB_LONG | ADX=23 | RSI=64 | MACD_H=-0.22 | ATR=5.8 | SL=6.0pts[STRUCT] | TP=8.0pts', 'entry_module': '', 'entry_reason': '', 'entry_type': 'ema21_pullback', 'atr': 5.820672113578236, 'atr_value': 5.820672113578236, 'adx_value': 23.487335050479942, 'market_state': 'UPTREND_PULLBACK', 'trend_label': '', 'trend_label_htf': '', 'session_type': 'RTH', 'entry_bar_index': 16137}"
ES,LONG,2025-08-12 14:45:00+00:00,6435.25,2025-08-12 15:00:00+00:00,6447.0,1,56.35,11.75,2.4,take_profit,"{'signal_confidence': 0.7, 'signal_reason': 'EMA9_PB_LONG | ADX=30 | RSI=67 | ATR=9.9 | SL=9.9pts | TP=12.3pts', 'entry_module': '', 'entry_reason': '', 'entry_type': 'ema9_pullback', 'atr': 9.865352747542547, 'atr_value': 9.865352747542547, 'adx_value': 29.85435023387932, 'market_state': 'UPTREND_PULLBACK', 'trend_label': '', 'trend_label_htf': '', 'session_type': 'RTH', 'entry_bar_index': 16302}"
ES,LONG,2025-08-13 18:15:00+00:00,6481.5,2025-08-13 18:30:00+00:00,6473.0,1,-44.9,8.5,2.4,stop_loss,"{'signal_confidence': 0.7, 'signal_reason': 'EMA21_PB_LONG | ADX=24 | RSI=54 | MACD_H=-0.14 | ATR=7.0 | SL=8.2pts[STRUCT] | TP=11.0pts', 'entry_module': '', 'entry_reason': '', 'entry_type': 'ema21_pullback', 'atr': 7.00957789190778, 'atr_value': 7.00957789190778, 'adx_value': 24.027266678424535, 'market_state': 'UPTREND_PULLBACK', 'trend_label': '', 'trend_label_htf': '', 'session_type': 'RTH', 'entry_bar_index': 16408}"
ES,LONG,2025-08-13 19:00:00+00:00,6480.75,2025-08-13 19:45:00+00:00,6488.25,1,35.1,7.5,2.4,take_profit,"{'signal_confidence': 0.7, 'signal_reason': 'EMA21_PB_LONG | ADX=21 | RSI=53 | MACD_H=0.61 | ATR=6.9 | SL=6.0pts[STRUCT] | TP=8.0pts', 'entry_module': '', 'entry_reason': '', 'entry_type': 'ema21_pullback', 'atr': 6.898065826720624, 'atr_value': 6.898065826720624, 'adx_value': 20.872147294144128, 'market_state': 'UPTREND_PULLBACK', 'trend_label': '', 'trend_label_htf': '', 'session_type': 'RTH', 'entry_bar_index': 16411}"
ES,LONG,2025-08-27 14:15:00+00:00,6487.25,2025-08-27 16:15:00+00:00,6493.0,1,26.35,5.75,2.4,flatten,"{'signal_confidence': 0.7, 'signal_reason': 'EMA21_PB_LONG | ADX=20 | RSI=56 | MACD_H=-0.03 | ATR=4.2 | SL=6.5pts[STRUCT] | TP=8.8pts', 'entry_module': '', 'entry_reason': '', 'entry_type': 'ema21_pullback', 'atr': 4.220084305120015, 'atr_value': 4.220084305120015, 'adx_value': 19.87012352552508, 'market_state': 'UPTREND_PULLBACK', 'trend_label': '', 'trend_label_htf': '', 'session_type': 'RTH', 'entry_bar_index': 792}"
ES,LONG,2025-08-28 17:30:00+00:00,6509.25,2025-08-28 18:30:00+00:00,6517.0,1,36.35,7.75,2.4,take_profit,"{'signal_confidence': 0.7, 'signal_reason': 'EMA21_PB_LONG | ADX=18 | RSI=60 | MACD_H=1.29 | ATR=7.1 | SL=6.0pts[STRUCT] | TP=8.0pts', 'entry_module': '', 'entry_reason': '', 'entry_type': 'ema21_pullback', 'atr': 7.0561744012660546, 'atr_value': 7.0561744012660546, 'adx_value': 18.17975891622475, 'market_state': 'UPTREND_PULLBACK', 'trend_label': '', 'trend_label_htf': '', 'session_type': 'RTH', 'entry_bar_index': 897}"
ES,LONG,2025-08-28 19:00:00+00:00,6517.75,2025-08-28 20:00:00+00:00,6517.0,1,-6.15,0.75,2.4,stop_loss,"{'signal_confidence': 0.7, 'signal_reason': 'TREND_CONT_LONG | ADX=26 | RSI=67 | MACD_H=1.34 | e9=6511.9 | #1 | SL=7.0pts | TP=8.8pts', 'entry_module': '', 'entry_reason': '', 'entry_type': 'trend_continuation_long', 'atr': 5.637930591685944, 'atr_value': 5.637930591685944, 'adx_value': 25.564833628784303, 'market_state': 'UPTREND_CONTINUATION', 'trend_label': '', 'trend_label_htf': '', 'session_type': 'RTH', 'entry_bar_index': 903}"
ES,LONG,2025-09-04 16:45:00+00:00,6481.5,2025-09-04 17:00:00+00:00,6489.0,1,35.1,7.5,2.4,take_profit,"{'signal_confidence': 0.7, 'signal_reason': 'EMA21_PB_LONG | ADX=19 | RSI=59 | MACD_H=1.06 | ATR=6.3 | SL=6.0pts[STRUCT] | TP=8.0pts', 'entry_module': '', 'entry_reason': '', 'entry_type': 'ema21_pullback', 'atr': 6.287992237869208, 'atr_value': 6.287992237869208, 'adx_value': 18.792224519425204, 'market_state': 'UPTREND_PULLBACK', 'trend_label': '', 'trend_label_htf': '', 'session_type': 'RTH', 'entry_bar_index': 1338}"
ES,LONG,2025-09-04 17:15:00+00:00,6485.25,2025-09-04 17:45:00+00:00,6493.0,1,36.35,7.75,2.4,take_profit,"{'signal_confidence': 0.7, 'signal_reason': 'EMA21_PB_LONG | ADX=20 | RSI=63 | MACD_H=0.77 | ATR=6.4 | SL=6.0pts[STRUCT] | TP=8.0pts', 'entry_module': '', 'entry_reason': '', 'entry_type': 'ema21_pullback', 'atr': 6.4307177969382465, 'atr_value': 6.4307177969382465, 'adx_value': 20.43125433267369, 'market_state': 'UPTREND_PULLBACK', 'trend_label': '', 'trend_label_htf': '', 'session_type': 'RTH', 'entry_bar_index': 1340}"
ES,LONG,2025-09-04 18:15:00+00:00,6496.25,2025-09-04 19:45:00+00:00,6505.25,1,42.6,9.0,2.4,take_profit,"{'signal_confidence': 0.7, 'signal_reason': 'TREND_CONT_LONG | ADX=26 | RSI=71 | MACD_H=1.36 | e9=6487.9 | #1 | SL=7.5pts | TP=9.4pts', 'entry_module': '', 'entry_reason': '', 'entry_type': 'trend_continuation_long', 'atr': 6.035050005163298, 'atr_value': 6.035050005163298, 'adx_value': 26.342290202861367, 'market_state': 'UPTREND_CONTINUATION', 'trend_label': '', 'trend_label_htf': '', 'session_type': 'RTH', 'entry_bar_index': 1344}"
ES,LONG,2025-09-04 20:00:00+00:00,6511.5,2025-09-05 01:15:00+00:00,6520.75,1,43.85,9.25,2.4,take_profit,"{'signal_confidence': 0.7, 'signal_reason': 'TREND_CONT_LONG | ADX=38 | RSI=77 | MACD_H=1.55 | e9=6499.9 | #2 | SL=7.6pts | TP=9.4pts', 'entry_module': '', 'entry_reason': '', 'entry_type': 'trend_continuation_long', 'atr': 6.04498677507997, 'atr_value': 6.04498677507997, 'adx_value': 37.85362263193523, 'market_state': 'UPTREND_CONTINUATION', 'trend_label': '', 'trend_label_htf': '', 'session_type': 'RTH', 'entry_bar_index': 1351}"
ES,LONG,2025-09-10 14:15:00+00:00,6560.75,2025-09-10 14:30:00+00:00,6552.5,1,-43.65,8.25,2.4,stop_loss,"{'signal_confidence': 0.7, 'signal_reason': 'TREND_CONT_LONG | ADX=34 | RSI=72 | MACD_H=1.31 | e9=6552.1 | #1 | SL=7.7pts | TP=9.6pts', 'entry_module': '', 'entry_reason': '', 'entry_type': 'trend_continuation_long', 'atr': 6.164497392029578, 'atr_value': 6.164497392029578, 'adx_value': 34.37041892374626, 'market_state': 'UPTREND_CONTINUATION', 'trend_label': '', 'trend_label_htf': '', 'session_type': 'RTH', 'entry_bar_index': 1696}"
ES,LONG,2025-09-11 14:15:00+00:00,6573.25,2025-09-11 14:30:00+00:00,6583.5,1,48.85,10.25,2.4,take_profit,"{'signal_confidence': 0.7, 'signal_reason': 'TREND_CONT_LONG | ADX=26 | RSI=73 | MACD_H=1.76 | e9=6560.9 | #1 | SL=8.4pts | TP=10.5pts', 'entry_module': '', 'entry_reason': '', 'entry_type': 'trend_continuation_long', 'atr': 6.729038209042927, 'atr_value': 6.729038209042927, 'adx_value': 25.5498049499796, 'market_state': 'UPTREND_CONTINUATION', 'trend_label': '', 'trend_label_htf': '', 'session_type': 'RTH', 'entry_bar_index': 1788}"
ES,LONG,2025-09-11 15:15:00+00:00,6585.0,2025-09-11 17:15:00+00:00,6590.0,1,22.6,5.0,2.4,flatten,"{'signal_confidence': 0.7, 'signal_reason': 'TREND_CONT_LONG | ADX=31 | RSI=76 | MACD_H=3.05 | e9=6573.9 | #2 | SL=8.6pts | TP=10.7pts', 'entry_module': '', 'entry_reason': '', 'entry_type': 'trend_continuation_long', 'atr': 6.841864334872842, 'atr_value': 6.841864334872842, 'adx_value': 30.61910996230384, 'market_state': 'UPTREND_CONTINUATION', 'trend_label': '', 'trend_label_htf': '', 'session_type': 'RTH', 'entry_bar_index': 1792}"
ES,LONG,2025-09-18 15:30:00+00:00,6643.75,2025-09-18 15:45:00+00:00,6637.25,1,-34.9,6.5,2.4,stop_loss,"{'signal_confidence': 0.7, 'signal_reason': 'EMA21_PB_LONG | ADX=26 | RSI=51 | MACD_H=-0.25 | ATR=9.6 | SL=6.0pts[STRUCT] | TP=8.0pts', 'entry_module': '', 'entry_reason': '', 'entry_type': 'ema21_pullback', 'atr': 9.581137709968125, 'atr_value': 9.581137709968125, 'adx_value': 25.876783507696103, 'market_state': 'UPTREND_PULLBACK', 'trend_label': '', 'trend_label_htf': '', 'session_type': 'RTH', 'entry_bar_index': 2253}"
ES,LONG,2025-09-19 16:15:00+00:00,6707.25,2025-09-19 18:15:00+00:00,6712.0,1,21.35,4.75,2.4,flatten,"{'signal_confidence': 0.7, 'signal_reason': 'EMA21_PB_LONG | ADX=19 | RSI=60 | MACD_H=-0.46 | ATR=6.7 | SL=8.0pts[STRUCT] | TP=10.8pts', 'entry_module': '', 'entry_reason': '', 'entry_type': 'ema21_pullback', 'atr': 6.687186269315639, 'atr_value': 6.687186269315639, 'adx_value': 18.849244179416242, 'market_state': 'UPTREND_PULLBACK', 'trend_label': '', 'trend_label_htf': '', 'session_type': 'RTH', 'entry_bar_index': 2348}"
ES,LONG,2025-09-26 17:15:00+00:00,6695.25,2025-09-26 19:15:00+00:00,6693.5,1,-11.15,1.75,2.4,flatten,"{'signal_confidence': 0.7, 'signal_reason': 'EMA9_PB_LONG | ADX=23 | RSI=61 | ATR=11.3 | SL=11.3pts | TP=14.1pts', 'entry_module': '', 'entry_reason': '', 'entry_type': 'ema9_pullback', 'atr': 11.26566325583773, 'atr_value': 11.26566325583773, 'adx_value': 22.90376696817188, 'market_state': 'UPTREND_PULLBACK', 'trend_label': '', 'trend_label_htf': '', 'session_type': 'RTH', 'entry_bar_index': 2812}"
ES,LONG,2025-10-01 15:00:00+00:00,6733.5,2025-10-01 15:30:00+00:00,6743.75,1,48.85,10.25,2.4,take_profit,"{'signal_confidence': 0.7, 'signal_reason': 'EMA9_PB_LONG | ADX=27 | RSI=66 | ATR=8.4 | SL=8.4pts | TP=10.5pts', 'entry_module': '', 'entry_reason': '', 'entry_type': 'ema9_pullback', 'atr': 8.395941218301555, 'atr_value': 8.395941218301555, 'adx_value': 27.13667430496215, 'market_state': 'UPTREND_PULLBACK', 'trend_label': '', 'trend_label_htf': '', 'session_type': 'RTH', 'entry_bar_index': 3079}"
ES,LONG,2025-10-01 15:45:00+00:00,6745.0,2025-10-01 17:45:00+00:00,6753.25,1,38.85,8.25,2.4,flatten,"{'signal_confidence': 0.7, 'signal_reason': 'TREND_CONT_LONG | ADX=33 | RSI=72 | MACD_H=2.82 | e9=6731.2 | #2 | SL=10.0pts | TP=12.5pts', 'entry_module': '', 'entry_reason': '', 'entry_type': 'trend_continuation_long', 'atr': 8.026560807801939, 'atr_value': 8.026560807801939, 'adx_value': 32.920962823192035, 'market_state': 'UPTREND_CONTINUATION', 'trend_label': '', 'trend_label_htf': '', 'session_type': 'RTH', 'entry_bar_index': 3082}"
ES,LONG,2025-10-03 15:30:00+00:00,6790.75,2025-10-03 15:45:00+00:00,6798.75,1,37.6,8.0,2.4,take_profit,"{'signal_confidence': 0.7, 'signal_reason': 'EMA21_PB_LONG | ADX=27 | RSI=64 | MACD_H=2.03 | ATR=5.7 | SL=6.0pts[STRUCT] | TP=8.0pts', 'entry_module': '', 'entry_reason': '', 'entry_type': 'ema21_pullback', 'atr': 5.66659698962787, 'atr_value': 5.66659698962787, 'adx_value': 27.056017099169754, 'market_state': 'UPTREND_PULLBACK', 'trend_label': '', 'trend_label_htf': '', 'session_type': 'RTH', 'entry_bar_index': 3265}"
ES,LONG,2025-10-08 17:00:00+00:00,6798.75,2025-10-08 18:45:00+00:00,6792.5,1,-33.65,6.25,2.4,stop_loss,"{'signal_confidence': 0.7, 'signal_reason': 'EMA21_PB_LONG | ADX=27 | RSI=69 | MACD_H=1.11 | ATR=5.5 | SL=6.0pts[STRUCT] | TP=8.0pts', 'entry_module': '', 'entry_reason': '', 'entry_type': 'ema21_pullback', 'atr': 5.460423309780196, 'atr_value': 5.460423309780196, 'adx_value': 27.012364235124316, 'market_state': 'UPTREND_PULLBACK', 'trend_label': '', 'trend_label_htf': '', 'session_type': 'RTH', 'entry_bar_index': 3547}"
ES,LONG,2025-10-15 14:15:00+00:00,6759.25,2025-10-15 15:00:00+00:00,6747.5,1,-61.15,11.75,2.4,stop_loss,"{'signal_confidence': 0.7, 'signal_reason': 'TREND_CONT_LONG | ADX=46 | RSI=78 | MACD_H=1.40 | e9=6740.7 | #1 | SL=11.1pts | TP=13.8pts', 'entry_module': '', 'entry_reason': '', 'entry_type': 'trend_continuation_long', 'atr': 8.851544623600379, 'atr_value': 8.851544623600379, 'adx_value': 46.463277947750605, 'market_state': 'UPTREND_CONTINUATION', 'trend_label': '', 'trend_label_htf': '', 'session_type': 'RTH', 'entry_bar_index': 3996}"
ES,LONG,2025-10-21 16:00:00+00:00,6782.75,2025-10-21 16:45:00+00:00,6776.5,1,-33.65,6.25,2.4,stop_loss,"{'signal_confidence': 0.7, 'signal_reason': 'EMA21_PB_LONG | ADX=19 | RSI=60 | MACD_H=1.09 | ATR=7.3 | SL=6.0pts[STRUCT] | TP=8.0pts', 'entry_module': '', 'entry_reason': '', 'entry_type': 'ema21_pullback', 'atr': 7.316575973908868, 'atr_value': 7.316575973908868, 'adx_value': 19.102612446374028, 'market_state': 'UPTREND_PULLBACK', 'trend_label': '', 'trend_label_htf': '', 'session_type': 'RTH', 'entry_bar_index': 4371}"
ES,LONG,2025-10-21 19:00:00+00:00,6779.5,2025-10-21 19:45:00+00:00,6773.25,1,-33.65,6.25,2.4,stop_loss,"{'signal_confidence': 0.7, 'signal_reason': 'EMA21_PB_LONG | ADX=20 | RSI=52 | MACD_H=-0.36 | ATR=7.4 | SL=6.0pts[STRUCT] | TP=8.0pts', 'entry_module': '', 'entry_reason': '', 'entry_type': 'ema21_pullback', 'atr': 7.3934235869687415, 'atr_value': 7.3934235869687415, 'adx_value': 19.84067072206977, 'market_state': 'UPTREND_PULLBACK', 'trend_label': '', 'trend_label_htf': '', 'session_type': 'RTH', 'entry_bar_index': 4383}"
ES,LONG,2025-10-23 14:45:00+00:00,6756.75,2025-10-23 15:30:00+00:00,6746.75,1,-52.4,10.0,2.4,stop_loss,"{'signal_confidence': 0.7, 'signal_reason': 'EMA21_PB_LONG | ADX=32 | RSI=62 | MACD_H=3.00 | ATR=9.5 | SL=9.2pts[STRUCT] | TP=12.2pts', 'entry_module': '', 'entry_reason': '', 'entry_type': 'ema21_pullback', 'atr': 9.478746453031475, 'atr_value': 9.478746453031475, 'adx_value': 32.24254422292269, 'market_state': 'UPTREND_PULLBACK', 'trend_label': '', 'trend_label_htf': '', 'session_type': 'RTH', 'entry_bar_index': 4550}"
ES,LONG,2025-10-23 16:15:00+00:00,6769.0,2025-10-23 17:45:00+00:00,6782.25,1,63.85,13.25,2.4,take_profit,"{'signal_confidence': 0.7, 'signal_reason': 'EMA9_PB_LONG | ADX=24 | RSI=64 | ATR=10.9 | SL=10.9pts | TP=13.6pts', 'entry_module': '', 'entry_reason': '', 'entry_type': 'ema9_pullback', 'atr': 10.862175662379515, 'atr_value': 10.862175662379515, 'adx_value': 23.723467857455923, 'market_state': 'UPTREND_PULLBACK', 'trend_label': '', 'trend_label_htf': '', 'session_type': 'RTH', 'entry_bar_index': 4556}"
ES,LONG,2025-10-28 16:45:00+00:00,6923.0,2025-10-28 18:00:00+00:00,6932.5,1,45.1,9.5,2.4,take_profit,"{'signal_confidence': 0.7, 'signal_reason': 'EMA21_PB_LONG | ADX=19 | RSI=63 | MACD_H=0.19 | ATR=6.1 | SL=7.2pts[STRUCT] | TP=9.8pts', 'entry_module': '', 'entry_reason': '', 'entry_type': 'ema21_pullback', 'atr': 6.098975167659903, 'atr_value': 6.098975167659903, 'adx_value': 18.819797609782995, 'market_state': 'UPTREND_PULLBACK', 'trend_label': '', 'trend_label_htf': '', 'session_type': 'RTH', 'entry_bar_index': 4834}"
ES,LONG,2025-10-28 18:30:00+00:00,6936.25,2025-10-28 19:45:00+00:00,6929.0,1,-38.65,7.25,2.4,stop_loss,"{'signal_confidence': 0.7, 'signal_reason': 'TREND_CONT_LONG | ADX=27 | RSI=73 | MACD_H=1.88 | e9=6928.0 | #1 | SL=7.1pts | TP=8.9pts', 'entry_module': '', 'entry_reason': '', 'entry_type': 'trend_continuation_long', 'atr': 5.676486313750516, 'atr_value': 5.676486313750516, 'adx_value': 26.620534681414384, 'market_state': 'UPTREND_CONTINUATION', 'trend_label': '', 'trend_label_htf': '', 'session_type': 'RTH', 'entry_bar_index': 4841}"
ES,LONG,2025-10-29 17:00:00+00:00,6940.0,2025-10-29 17:15:00+00:00,6933.75,1,-33.65,6.25,2.4,stop_loss,"{'signal_confidence': 0.7, 'signal_reason': 'EMA21_PB_LONG | ADX=19 | RSI=50 | MACD_H=-0.30 | ATR=5.7 | SL=6.0pts[STRUCT] | TP=8.0pts', 'entry_module': '', 'entry_reason': '', 'entry_type': 'ema21_pullback', 'atr': 5.689823075307402, 'atr_value': 5.689823075307402, 'adx_value': 18.88765808189719, 'market_state': 'UPTREND_PULLBACK', 'trend_label': '', 'trend_label_htf': '', 'session_type': 'RTH', 'entry_bar_index': 4927}"
ES,LONG,2025-11-11 18:15:00+00:00,6867.75,2025-11-11 20:15:00+00:00,6877.0,1,43.85,9.25,2.4,flatten,"{'signal_confidence': 0.7, 'signal_reason': 'TREND_CONT_LONG | ADX=25 | RSI=73 | MACD_H=3.31 | e9=6853.9 | #1 | SL=10.0pts | TP=12.5pts', 'entry_module': '', 'entry_reason': '', 'entry_type': 'trend_continuation_long', 'atr': 8.01020499080742, 'atr_value': 8.01020499080742, 'adx_value': 25.214179563443967, 'market_state': 'UPTREND_CONTINUATION', 'trend_label': '', 'trend_label_htf': '', 'session_type': 'RTH', 'entry_bar_index': 5756}"
ES,LONG,2025-11-25 19:00:00+00:00,6769.5,2025-11-25 19:30:00+00:00,6756.75,1,-66.15,12.75,2.4,stop_loss,"{'signal_confidence': 0.7, 'signal_reason': 'EMA9_PB_LONG | ADX=38 | RSI=68 | ATR=12.0 | SL=12.0pts | TP=15.0pts', 'entry_module': '', 'entry_reason': '', 'entry_type': 'ema9_pullback', 'atr': 12.028510228737629, 'atr_value': 12.028510228737629, 'adx_value': 37.6830496287431, 'market_state': 'UPTREND_PULLBACK', 'trend_label': '', 'trend_label_htf': '', 'session_type': 'RTH', 'entry_bar_index': 6679}"
ES,LONG,2025-11-25 20:00:00+00:00,6770.0,2025-11-25 20:30:00+00:00,6784.0,1,67.6,14.0,2.4,take_profit,"{'signal_confidence': 0.7, 'signal_reason': 'EMA21_PB_LONG | ADX=37 | RSI=65 | MACD_H=0.17 | ATR=11.4 | SL=10.8pts[STRUCT] | TP=14.2pts', 'entry_module': '', 'entry_reason': '', 'entry_type': 'ema21_pullback', 'atr': 11.397016364092448, 'atr_value': 11.397016364092448, 'adx_value': 37.069782987507935, 'market_state': 'UPTREND_PULLBACK', 'trend_label': '', 'trend_label_htf': '', 'session_type': 'RTH', 'entry_bar_index': 6683}"
ES,LONG,2025-11-26 16:15:00+00:00,6831.5,2025-11-26 16:30:00+00:00,6845.25,1,66.35,13.75,2.4,take_profit,"{'signal_confidence': 0.7, 'signal_reason': 'TREND_CONT_LONG | ADX=26 | RSI=71 | MACD_H=2.90 | e9=6814.6 | #1 | SL=11.5pts | TP=14.3pts', 'entry_module': '', 'entry_reason': '', 'entry_type': 'trend_continuation_long', 'atr': 9.178595012931702, 'atr_value': 9.178595012931702, 'adx_value': 25.704150033796136, 'market_state': 'UPTREND_CONTINUATION', 'trend_label': '', 'trend_label_htf': '', 'session_type': 'RTH', 'entry_bar_index': 6760}"
ES,LONG,2025-11-26 16:45:00+00:00,6844.5,2025-11-26 18:00:00+00:00,6831.75,1,-66.15,12.75,2.4,stop_loss,"{'signal_confidence': 0.7, 'signal_reason': 'TREND_CONT_LONG | ADX=30 | RSI=76 | MACD_H=4.13 | e9=6823.7 | #2 | SL=11.9pts | TP=14.9pts', 'entry_module': '', 'entry_reason': '', 'entry_type': 'trend_continuation_long', 'atr': 9.530268148905396, 'atr_value': 9.530268148905396, 'adx_value': 30.43813572715967, 'market_state': 'UPTREND_CONTINUATION', 'trend_label': '', 'trend_label_htf': '', 'session_type': 'RTH', 'entry_bar_index': 6762}"
ES,LONG,2025-11-27 16:30:00+00:00,6828.5,2025-11-27 23:45:00+00:00,6836.0,1,35.1,7.5,2.4,take_profit,"{'signal_confidence': 0.7, 'signal_reason': 'EMA21_PB_LONG | ADX=18 | RSI=51 | MACD_H=-0.03 | ATR=2.7 | SL=6.0pts[STRUCT] | TP=8.0pts', 'entry_module': '', 'entry_reason': '', 'entry_type': 'ema21_pullback', 'atr': 2.7171419704080426, 'atr_value': 2.7171419704080426, 'adx_value': 18.46708362908786, 'market_state': 'UPTREND_PULLBACK', 'trend_label': '', 'trend_label_htf': '', 'session_type': 'RTH', 'entry_bar_index': 6853}"
ES,LONG,2025-11-28 15:15:00+00:00,6842.75,2025-11-28 15:45:00+00:00,6851.25,1,40.1,8.5,2.4,take_profit,"{'signal_confidence': 0.7, 'signal_reason': 'EMA21_PB_LONG | ADX=30 | RSI=69 | MACD_H=0.53 | ATR=3.1 | SL=6.5pts[STRUCT] | TP=8.8pts', 'entry_module': '', 'entry_reason': '', 'entry_type': 'ema21_pullback', 'atr': 3.098449785598679, 'atr_value': 3.098449785598679, 'adx_value': 30.335867945354714, 'market_state': 'UPTREND_PULLBACK', 'trend_label': '', 'trend_label_htf': '', 'session_type': 'RTH', 'entry_bar_index': 6924}"
ES,LONG,2025-11-28 16:45:00+00:00,6852.75,2025-11-30 23:15:00+00:00,6864.25,1,55.1,11.5,2.4,take_profit,"{'signal_confidence': 0.7, 'signal_reason': 'EMA21_PB_LONG | ADX=41 | RSI=70 | MACD_H=1.52 | ATR=5.2 | SL=8.8pts[STRUCT] | TP=11.8pts', 'entry_module': '', 'entry_reason': '', 'entry_type': 'ema21_pullback', 'atr': 5.202848995100864, 'atr_value': 5.202848995100864, 'adx_value': 41.0984219255405, 'market_state': 'UPTREND_PULLBACK', 'trend_label': '', 'trend_label_htf': '', 'session_type': 'RTH', 'entry_bar_index': 6930}"
ES,LONG,2025-12-02 15:15:00+00:00,6855.0,2025-12-02 15:30:00+00:00,6840.25,1,-76.15,14.75,2.4,stop_loss,"{'signal_confidence': 0.7, 'signal_reason': 'EMA21_PB_LONG | ADX=26 | RSI=68 | MACD_H=0.15 | ATR=6.3 | SL=8.0pts[STRUCT] | TP=10.8pts', 'entry_module': '', 'entry_reason': '', 'entry_type': 'ema21_pullback', 'atr': 6.269717818680931, 'atr_value': 6.269717818680931, 'adx_value': 25.548466691907137, 'market_state': 'UPTREND_PULLBACK', 'trend_label': '', 'trend_label_htf': '', 'session_type': 'RTH', 'entry_bar_index': 7093}"
ES,LONG,2025-12-10 18:00:00+00:00,6856.5,2025-12-10 18:15:00+00:00,6847.25,1,-48.65,9.25,2.4,stop_loss,"{'signal_confidence': 0.7, 'signal_reason': 'EMA21_PB_LONG | ADX=18 | RSI=59 | MACD_H=0.83 | ATR=7.8 | SL=8.8pts[STRUCT] | TP=11.8pts', 'entry_module': '', 'entry_reason': '', 'entry_type': 'ema21_pullback', 'atr': 7.840271787942562, 'atr_value': 7.840271787942562, 'adx_value': 18.31227155436144, 'market_state': 'UPTREND_PULLBACK', 'trend_label': '', 'trend_label_htf': '', 'session_type': 'RTH', 'entry_bar_index': 7656}"
ES,LONG,2025-12-23 15:45:00+00:00,6942.5,2025-12-23 17:45:00+00:00,6952.0,1,45.1,9.5,2.4,flatten,"{'signal_confidence': 0.7, 'signal_reason': 'EMA21_PB_LONG | ADX=30 | RSI=63 | MACD_H=1.59 | ATR=6.5 | SL=9.5pts[STRUCT] | TP=12.8pts', 'entry_module': '', 'entry_reason': '', 'entry_type': 'ema21_pullback', 'atr': 6.537905883866412, 'atr_value': 6.537905883866412, 'adx_value': 30.003038712409985, 'market_state': 'UPTREND_PULLBACK', 'trend_label': '', 'trend_label_htf': '', 'session_type': 'RTH', 'entry_bar_index': 8475}"
ES,LONG,2025-12-23 18:15:00+00:00,6955.5,2025-12-23 20:15:00+00:00,6960.5,1,22.6,5.0,2.4,flatten,"{'signal_confidence': 0.7, 'signal_reason': 'TREND_CONT_LONG | ADX=31 | RSI=72 | MACD_H=1.54 | e9=6949.4 | #2 | SL=6.4pts | TP=8.0pts', 'entry_module': '', 'entry_reason': '', 'entry_type': 'trend_continuation_long', 'atr': 5.146152310792665, 'atr_value': 5.146152310792665, 'adx_value': 30.956187263265917, 'market_state': 'UPTREND_CONTINUATION', 'trend_label': '', 'trend_label_htf': '', 'session_type': 'RTH', 'entry_bar_index': 8485}"
ES,LONG,2025-12-26 16:00:00+00:00,6985.0,2025-12-26 16:15:00+00:00,6975.5,1,-49.9,9.5,2.4,stop_loss,"{'signal_confidence': 0.7, 'signal_reason': 'EMA21_PB_LONG | ADX=21 | RSI=54 | MACD_H=0.06 | ATR=5.0 | SL=6.0pts[STRUCT] | TP=8.0pts', 'entry_module': '', 'entry_reason': '', 'entry_type': 'ema21_pullback', 'atr': 5.0430486439879605, 'atr_value': 5.0430486439879605, 'adx_value': 21.448550645746863, 'market_state': 'UPTREND_PULLBACK', 'trend_label': '', 'trend_label_htf': '', 'session_type': 'RTH', 'entry_bar_index': 8645}"
ES,LONG,2026-01-06 16:30:00+00:00,6958.25,2026-01-06 17:00:00+00:00,6966.25,1,37.6,8.0,2.4,take_profit,"{'signal_confidence': 0.7, 'signal_reason': 'EMA21_PB_LONG | ADX=24 | RSI=56 | MACD_H=0.85 | ATR=6.6 | SL=6.0pts[STRUCT] | TP=8.0pts', 'entry_module': '', 'entry_reason': '', 'entry_type': 'ema21_pullback', 'atr': 6.64559475852859, 'atr_value': 6.64559475852859, 'adx_value': 24.451302539041407, 'market_state': 'UPTREND_PULLBACK', 'trend_label': '', 'trend_label_htf': '', 'session_type': 'RTH', 'entry_bar_index': 9199}"
ES,LONG,2026-01-06 17:15:00+00:00,6966.5,2026-01-06 17:30:00+00:00,6976.5,1,47.6,10.0,2.4,take_profit,"{'signal_confidence': 0.7, 'signal_reason': 'EMA21_PB_LONG | ADX=23 | RSI=62 | MACD_H=0.43 | ATR=6.9 | SL=7.8pts[STRUCT] | TP=10.2pts', 'entry_module': '', 'entry_reason': '', 'entry_type': 'ema21_pullback', 'atr': 6.919322771314618, 'atr_value': 6.919322771314618, 'adx_value': 22.87383557944585, 'market_state': 'UPTREND_PULLBACK', 'trend_label': '', 'trend_label_htf': '', 'session_type': 'RTH', 'entry_bar_index': 9202}"
ES,LONG,2026-01-06 17:45:00+00:00,6976.25,2026-01-06 19:00:00+00:00,6986.0,1,46.35,9.75,2.4,take_profit,"{'signal_confidence': 0.7, 'signal_reason': 'EMA9_PB_LONG | ADX=25 | RSI=68 | ATR=7.1 | SL=8.0pts | TP=10.0pts', 'entry_module': '', 'entry_reason': '', 'entry_type': 'ema9_pullback', 'atr': 7.050334430368217, 'atr_value': 7.050334430368217, 'adx_value': 24.63303822019975, 'market_state': 'UPTREND_PULLBACK', 'trend_label': '', 'trend_label_htf': '', 'session_type': 'RTH', 'entry_bar_index': 9204}"
ES,LONG,2026-01-06 19:15:00+00:00,6989.25,2026-01-06 21:00:00+00:00,6986.25,1,-17.4,3.0,2.4,stop_loss,"{'signal_confidence': 0.7, 'signal_reason': 'TREND_CONT_LONG | ADX=32 | RSI=76 | MACD_H=1.88 | e9=6978.5 | #1 | SL=7.9pts | TP=9.9pts', 'entry_module': '', 'entry_reason': '', 'entry_type': 'trend_continuation_long', 'atr': 6.305367712102205, 'atr_value': 6.305367712102205, 'adx_value': 31.51410305083785, 'market_state': 'UPTREND_CONTINUATION', 'trend_label': '', 'trend_label_htf': '', 'session_type': 'RTH', 'entry_bar_index': 9210}"
ES,LONG,2026-01-07 16:00:00+00:00,6992.25,2026-01-07 17:00:00+00:00,7003.5,1,53.85,11.25,2.4,take_profit,"{'signal_confidence': 0.7, 'signal_reason': 'EMA21_PB_LONG | ADX=18 | RSI=60 | MACD_H=0.15 | ATR=5.9 | SL=8.8pts[STRUCT] | TP=11.8pts', 'entry_module': '', 'entry_reason': '', 'entry_type': 'ema21_pullback', 'atr': 5.913993597177902, 'atr_value': 5.913993597177902, 'adx_value': 18.347937239690477, 'market_state': 'UPTREND_PULLBACK', 'trend_label': '', 'trend_label_htf': '', 'session_type': 'RTH', 'entry_bar_index': 9289}"
ES,LONG,2026-01-09 17:00:00+00:00,7004.0,2026-01-09 19:00:00+00:00,7009.75,1,26.35,5.75,2.4,flatten,"{'signal_confidence': 0.7, 'signal_reason': 'EMA9_PB_LONG | ADX=22 | RSI=65 | ATR=10.3 | SL=10.3pts | TP=12.8pts', 'entry_module': '', 'entry_reason': '', 'entry_type': 'ema9_pullback', 'atr': 10.253649131701463, 'atr_value': 10.253649131701463, 'adx_value': 22.46703327169454, 'market_state': 'UPTREND_PULLBACK', 'trend_label': '', 'trend_label_htf': '', 'session_type': 'RTH', 'entry_bar_index': 9477}"
ES,LONG,2026-01-15 15:15:00+00:00,7003.0,2026-01-15 15:45:00+00:00,6994.25,1,-46.15,8.75,2.4,stop_loss,"{'signal_confidence': 0.7, 'signal_reason': 'TREND_CONT_LONG | ADX=49 | RSI=65 | MACD_H=0.06 | e9=6999.8 | #1 | SL=8.2pts | TP=10.3pts', 'entry_module': '', 'entry_reason': '', 'entry_type': 'trend_continuation_long', 'atr': 6.584853141874366, 'atr_value': 6.584853141874366, 'adx_value': 49.03001963745855, 'market_state': 'UPTREND_CONTINUATION', 'trend_label': '', 'trend_label_htf': '', 'session_type': 'RTH', 'entry_bar_index': 9838}"
ES,LONG,2026-01-15 16:15:00+00:00,7008.0,2026-01-15 18:15:00+00:00,7008.25,1,-1.15,0.25,2.4,flatten,"{'signal_confidence': 0.7, 'signal_reason': 'TREND_CONT_LONG | ADX=46 | RSI=69 | MACD_H=0.05 | e9=7003.1 | #2 | SL=9.6pts | TP=11.9pts', 'entry_module': '', 'entry_reason': '', 'entry_type': 'trend_continuation_long', 'atr': 7.6408655400112915, 'atr_value': 7.6408655400112915, 'adx_value': 46.34388639487985, 'market_state': 'UPTREND_CONTINUATION', 'trend_label': '', 'trend_label_htf': '', 'session_type': 'RTH', 'entry_bar_index': 9842}"
ES,LONG,2026-01-27 18:15:00+00:00,7007.25,2026-01-27 19:30:00+00:00,7015.5,1,38.85,8.25,2.4,take_profit,"{'signal_confidence': 0.7, 'signal_reason': 'EMA21_PB_LONG | ADX=19 | RSI=53 | MACD_H=-0.30 | ATR=5.2 | SL=6.2pts[STRUCT] | TP=8.2pts', 'entry_module': '', 'entry_reason': '', 'entry_type': 'ema21_pullback', 'atr': 5.177791492728034, 'atr_value': 5.177791492728034, 'adx_value': 18.859748109145837, 'market_state': 'UPTREND_PULLBACK', 'trend_label': '', 'trend_label_htf': '', 'session_type': 'RTH', 'entry_bar_index': 10570}"
ES,LONG,2026-02-18 16:45:00+00:00,6917.5,2026-02-18 18:30:00+00:00,6907.0,1,-54.9,10.5,2.4,stop_loss,"{'signal_confidence': 0.7, 'signal_reason': 'EMA9_PB_LONG | ADX=23 | RSI=68 | ATR=10.0 | SL=10.0pts | TP=12.5pts', 'entry_module': '', 'entry_reason': '', 'entry_type': 'ema9_pullback', 'atr': 9.962698011259365, 'atr_value': 9.962698011259365, 'adx_value': 22.64796654802739, 'market_state': 'UPTREND_PULLBACK', 'trend_label': '', 'trend_label_htf': '', 'session_type': 'RTH', 'entry_bar_index': 12020}"
ES,LONG,2026-02-20 19:30:00+00:00,6917.0,2026-02-20 19:45:00+00:00,6910.75,1,-33.65,6.25,2.4,stop_loss,"{'signal_confidence': 0.7, 'signal_reason': 'EMA21_PB_LONG | ADX=20 | RSI=58 | MACD_H=1.87 | ATR=17.2 | SL=6.0pts[STRUCT] | TP=8.0pts', 'entry_module': '', 'entry_reason': '', 'entry_type': 'ema21_pullback', 'atr': 17.21397118829419, 'atr_value': 17.21397118829419, 'adx_value': 20.401749519153775, 'market_state': 'UPTREND_PULLBACK', 'trend_label': '', 'trend_label_htf': '', 'session_type': 'RTH', 'entry_bar_index': 12215}"
ES,LONG,2026-02-25 16:00:00+00:00,6937.25,2026-02-25 16:30:00+00:00,6946.75,1,45.1,9.5,2.4,take_profit,"{'signal_confidence': 0.7, 'signal_reason': 'EMA21_PB_LONG | ADX=40 | RSI=62 | MACD_H=0.45 | ATR=7.2 | SL=7.2pts[STRUCT] | TP=9.8pts', 'entry_module': '', 'entry_reason': '', 'entry_type': 'ema21_pullback', 'atr': 7.204332031233303, 'atr_value': 7.204332031233303, 'adx_value': 40.46660866971008, 'market_state': 'UPTREND_PULLBACK', 'trend_label': '', 'trend_label_htf': '', 'session_type': 'RTH', 'entry_bar_index': 12477}"
ES,LONG,2026-02-25 16:45:00+00:00,6948.25,2026-02-25 18:45:00+00:00,6954.0,1,26.35,5.75,2.4,flatten,"{'signal_confidence': 0.7, 'signal_reason': 'TREND_CONT_LONG | ADX=44 | RSI=70 | MACD_H=0.88 | e9=6939.3 | #2 | SL=9.0pts | TP=11.2pts', 'entry_module': '', 'entry_reason': '', 'entry_type': 'trend_continuation_long', 'atr': 7.194029691187889, 'atr_value': 7.194029691187889, 'adx_value': 43.9551796334417, 'market_state': 'UPTREND_CONTINUATION', 'trend_label': '', 'trend_label_htf': '', 'session_type': 'RTH', 'entry_bar_index': 12480}"
ES,LONG,2026-03-04 18:30:00+00:00,6884.25,2026-03-04 20:30:00+00:00,6884.5,1,-1.15,0.25,2.4,flatten,"{'signal_confidence': 0.7, 'signal_reason': 'EMA21_PB_LONG | ADX=23 | RSI=61 | MACD_H=-0.00 | ATR=14.4 | SL=8.0pts[STRUCT] | TP=10.8pts', 'entry_module': '', 'entry_reason': '', 'entry_type': 'ema21_pullback', 'atr': 14.350536397278912, 'atr_value': 14.350536397278912, 'adx_value': 23.248877921657748, 'market_state': 'UPTREND_PULLBACK', 'trend_label': '', 'trend_label_htf': '', 'session_type': 'RTH', 'entry_bar_index': 12947}"
ES,LONG,2026-03-10 16:30:00+00:00,6824.25,2026-03-10 16:45:00+00:00,6833.5,1,43.85,9.25,2.4,take_profit,"{'signal_confidence': 0.7, 'signal_reason': 'EMA21_PB_LONG | ADX=22 | RSI=59 | MACD_H=3.57 | ATR=15.1 | SL=6.0pts[STRUCT] | TP=8.0pts', 'entry_module': '', 'entry_reason': '', 'entry_type': 'ema21_pullback', 'atr': 15.061696304266418, 'atr_value': 15.061696304266418, 'adx_value': 21.86495124272521, 'market_state': 'UPTREND_PULLBACK', 'trend_label': '', 'trend_label_htf': '', 'session_type': 'RTH', 'entry_bar_index': 13311}"
ES,LONG,2026-03-10 18:00:00+00:00,6838.5,2026-03-10 18:15:00+00:00,6803.75,1,-176.15,34.75,2.4,stop_loss,"{'signal_confidence': 0.7, 'signal_reason': 'EMA21_PB_LONG | ADX=20 | RSI=59 | MACD_H=1.95 | ATR=15.3 | SL=9.5pts[STRUCT] | TP=12.8pts', 'entry_module': '', 'entry_reason': '', 'entry_type': 'ema21_pullback', 'atr': 15.271043996163895, 'atr_value': 15.271043996163895, 'adx_value': 20.13377019570965, 'market_state': 'UPTREND_PULLBACK', 'trend_label': '', 'trend_label_htf': '', 'session_type': 'RTH', 'entry_bar_index': 13317}"
ES,LONG,2026-03-24 16:30:00+00:00,6635.5,2026-03-24 16:45:00+00:00,6623.25,1,-63.65,12.25,2.4,stop_loss,"{'signal_confidence': 0.7, 'signal_reason': 'EMA21_PB_LONG | ADX=24 | RSI=59 | MACD_H=3.63 | ATR=17.3 | SL=11.8pts[STRUCT] | TP=15.8pts', 'entry_module': '', 'entry_reason': '', 'entry_type': 'ema21_pullback', 'atr': 17.294414231908743, 'atr_value': 17.294414231908743, 'adx_value': 24.243066632828057, 'market_state': 'UPTREND_PULLBACK', 'trend_label': '', 'trend_label_htf': '', 'session_type': 'RTH', 'entry_bar_index': 14231}"
ES,LONG,2026-03-31 15:45:00+00:00,6475.0,2026-03-31 16:00:00+00:00,6465.0,1,-52.4,10.0,2.4,stop_loss,"{'signal_confidence': 0.7, 'signal_reason': 'EMA21_PB_LONG | ADX=23 | RSI=55 | MACD_H=0.28 | ATR=18.4 | SL=9.2pts[STRUCT] | TP=12.2pts', 'entry_module': '', 'entry_reason': '', 'entry_type': 'ema21_pullback', 'atr': 18.42762151512724, 'atr_value': 18.42762151512724, 'adx_value': 23.325406770246232, 'market_state': 'UPTREND_PULLBACK', 'trend_label': '', 'trend_label_htf': '', 'session_type': 'RTH', 'entry_bar_index': 14688}"
ES,LONG,2026-03-31 16:30:00+00:00,6489.25,2026-03-31 16:45:00+00:00,6539.25,1,247.6,50.0,2.4,take_profit,"{'signal_confidence': 0.7, 'signal_reason': 'EMA21_PB_LONG | ADX=22 | RSI=58 | MACD_H=0.31 | ATR=18.1 | SL=9.2pts[STRUCT] | TP=12.2pts', 'entry_module': '', 'entry_reason': '', 'entry_type': 'ema21_pullback', 'atr': 18.120621162075274, 'atr_value': 18.120621162075274, 'adx_value': 21.91731406133294, 'market_state': 'UPTREND_PULLBACK', 'trend_label': '', 'trend_label_htf': '', 'session_type': 'RTH', 'entry_bar_index': 14691}"
ES,LONG,2026-04-01 16:45:00+00:00,6647.0,2026-04-01 17:45:00+00:00,6635.5,1,-59.9,11.5,2.4,stop_loss,"{'signal_confidence': 0.7, 'signal_reason': 'EMA21_PB_LONG | ADX=35 | RSI=67 | MACD_H=2.18 | ATR=13.3 | SL=11.2pts[STRUCT] | TP=15.0pts', 'entry_module': '', 'entry_reason': '', 'entry_type': 'ema21_pullback', 'atr': 13.318594066261063, 'atr_value': 13.318594066261063, 'adx_value': 34.53654439886047, 'market_state': 'UPTREND_PULLBACK', 'trend_label': '', 'trend_label_htf': '', 'session_type': 'RTH', 'entry_bar_index': 14784}"
ES,LONG,2026-04-08 16:45:00+00:00,6824.0,2026-04-08 17:15:00+00:00,6813.0,1,-57.4,11.0,2.4,stop_loss,"{'signal_confidence': 0.7, 'signal_reason': 'EMA21_PB_LONG | ADX=31 | RSI=55 | MACD_H=0.90 | ATR=11.2 | SL=10.5pts[STRUCT] | TP=14.0pts', 'entry_module': '', 'entry_reason': '', 'entry_type': 'ema21_pullback', 'atr': 11.158572824120064, 'atr_value': 11.158572824120064, 'adx_value': 30.606436174898572, 'market_state': 'UPTREND_PULLBACK', 'trend_label': '', 'trend_label_htf': '', 'session_type': 'RTH', 'entry_bar_index': 15213}"
ES,LONG,2026-04-09 15:00:00+00:00,6817.0,2026-04-09 15:30:00+00:00,6831.75,1,71.35,14.75,2.4,take_profit,"{'signal_confidence': 0.7, 'signal_reason': 'EMA21_PB_LONG | ADX=26 | RSI=61 | MACD_H=0.80 | ATR=7.8 | SL=11.2pts[STRUCT] | TP=15.0pts', 'entry_module': '', 'entry_reason': '', 'entry_type': 'ema21_pullback', 'atr': 7.7660449691519045, 'atr_value': 7.7660449691519045, 'adx_value': 25.690303063098824, 'market_state': 'UPTREND_PULLBACK', 'trend_label': '', 'trend_label_htf': '', 'session_type': 'RTH', 'entry_bar_index': 15298}"
ES,LONG,2026-04-09 15:45:00+00:00,6839.0,2026-04-09 16:00:00+00:00,6853.0,1,67.6,14.0,2.4,take_profit,"{'signal_confidence': 0.7, 'signal_reason': 'TREND_CONT_LONG | ADX=31 | RSI=75 | MACD_H=2.59 | e9=6819.6 | #2 | SL=11.6pts | TP=14.5pts', 'entry_module': '', 'entry_reason': '', 'entry_type': 'trend_continuation_long', 'atr': 9.264577550009744, 'atr_value': 9.264577550009744, 'adx_value': 30.636340003477027, 'market_state': 'UPTREND_CONTINUATION', 'trend_label': '', 'trend_label_htf': '', 'session_type': 'RTH', 'entry_bar_index': 15301}"
ES,LONG,2026-04-10 15:00:00+00:00,6876.25,2026-04-10 15:30:00+00:00,6867.75,1,-44.9,8.5,2.4,stop_loss,"{'signal_confidence': 0.7, 'signal_reason': 'EMA21_PB_LONG | ADX=40 | RSI=60 | MACD_H=0.31 | ATR=8.0 | SL=7.8pts[STRUCT] | TP=10.2pts', 'entry_module': '', 'entry_reason': '', 'entry_type': 'ema21_pullback', 'atr': 8.032325247462873, 'atr_value': 8.032325247462873, 'adx_value': 39.880793231243324, 'market_state': 'UPTREND_PULLBACK', 'trend_label': '', 'trend_label_htf': '', 'session_type': 'RTH', 'entry_bar_index': 15390}"
ES,LONG,2026-04-14 14:15:00+00:00,6971.0,2026-04-14 15:15:00+00:00,6981.5,1,50.1,10.5,2.4,take_profit,"{'signal_confidence': 0.7, 'signal_reason': 'TREND_CONT_LONG | ADX=40 | RSI=77 | MACD_H=2.70 | e9=6950.6 | #1 | SL=8.9pts | TP=11.1pts', 'entry_module': '', 'entry_reason': '', 'entry_type': 'trend_continuation_long', 'atr': 7.099178815891244, 'atr_value': 7.099178815891244, 'adx_value': 39.990480181571634, 'market_state': 'UPTREND_CONTINUATION', 'trend_label': '', 'trend_label_htf': '', 'session_type': 'RTH', 'entry_bar_index': 15571}"
ES,LONG,2026-04-14 15:30:00+00:00,6985.0,2026-04-14 16:15:00+00:00,6996.75,1,56.35,11.75,2.4,take_profit,"{'signal_confidence': 0.7, 'signal_reason': 'TREND_CONT_LONG | ADX=51 | RSI=77 | MACD_H=3.42 | e9=6968.0 | #2 | SL=9.7pts | TP=12.1pts', 'entry_module': '', 'entry_reason': '', 'entry_type': 'trend_continuation_long', 'atr': 7.752230097743329, 'atr_value': 7.752230097743329, 'adx_value': 50.85115303406841, 'market_state': 'UPTREND_CONTINUATION', 'trend_label': '', 'trend_label_htf': '', 'session_type': 'RTH', 'entry_bar_index': 15576}"
ES,LONG,2026-04-15 14:15:00+00:00,7021.25,2026-04-15 15:00:00+00:00,7034.25,1,62.6,13.0,2.4,take_profit,"{'signal_confidence': 0.7, 'signal_reason': 'EMA21_PB_LONG | ADX=26 | RSI=64 | MACD_H=1.56 | ATR=7.5 | SL=10.0pts[STRUCT] | TP=13.2pts', 'entry_module': '', 'entry_reason': '', 'entry_type': 'ema21_pullback', 'atr': 7.49532605172395, 'atr_value': 7.49532605172395, 'adx_value': 26.072991009694547, 'market_state': 'UPTREND_PULLBACK', 'trend_label': '', 'trend_label_htf': '', 'session_type': 'RTH', 'entry_bar_index': 15663}"
ES,LONG,2026-04-15 15:15:00+00:00,7035.25,2026-04-15 16:45:00+00:00,7024.5,1,-56.15,10.75,2.4,stop_loss,"{'signal_confidence': 0.7, 'signal_reason': 'TREND_CONT_LONG | ADX=36 | RSI=71 | MACD_H=2.79 | e9=7023.4 | #2 | SL=9.9pts | TP=12.4pts', 'entry_module': '', 'entry_reason': '', 'entry_type': 'trend_continuation_long', 'atr': 7.92954777601228, 'atr_value': 7.92954777601228, 'adx_value': 35.59795595332055, 'market_state': 'UPTREND_CONTINUATION', 'trend_label': '', 'trend_label_htf': '', 'session_type': 'RTH', 'entry_bar_index': 15667}"
ES,LONG,2026-04-15 17:00:00+00:00,7027.5,2026-04-15 17:30:00+00:00,7038.5,1,52.6,11.0,2.4,take_profit,"{'signal_confidence': 0.7, 'signal_reason': 'EMA21_PB_LONG | ADX=38 | RSI=57 | MACD_H=-0.08 | ATR=7.9 | SL=8.5pts[STRUCT] | TP=11.2pts', 'entry_module': '', 'entry_reason': '', 'entry_type': 'ema21_pullback', 'atr': 7.90646853865534, 'atr_value': 7.90646853865534, 'adx_value': 37.60940105008794, 'market_state': 'UPTREND_PULLBACK', 'trend_label': '', 'trend_label_htf': '', 'session_type': 'RTH', 'entry_bar_index': 15674}"
ES,LONG,2026-04-16 15:45:00+00:00,7075.5,2026-04-16 16:00:00+00:00,7086.25,1,51.35,10.75,2.4,take_profit,"{'signal_confidence': 0.7, 'signal_reason': 'EMA21_PB_LONG | ADX=27 | RSI=58 | MACD_H=1.07 | ATR=8.8 | SL=8.2pts[STRUCT] | TP=11.0pts', 'entry_module': '', 'entry_reason': '', 'entry_type': 'ema21_pullback', 'atr': 8.830757111382379, 'atr_value': 8.830757111382379, 'adx_value': 27.49049400839248, 'market_state': 'UPTREND_PULLBACK', 'trend_label': '', 'trend_label_htf': '', 'session_type': 'RTH', 'entry_bar_index': 15761}"
ES,LONG,2026-04-16 16:15:00+00:00,7086.25,2026-04-16 16:30:00+00:00,7074.5,1,-61.15,11.75,2.4,stop_loss,"{'signal_confidence': 0.7, 'signal_reason': 'TREND_CONT_LONG | ADX=28 | RSI=65 | MACD_H=2.56 | e9=7073.5 | #2 | SL=11.0pts | TP=13.8pts', 'entry_module': '', 'entry_reason': '', 'entry_type': 'trend_continuation_long', 'atr': 8.814530366447052, 'atr_value': 8.814530366447052, 'adx_value': 27.52272624493885, 'market_state': 'UPTREND_CONTINUATION', 'trend_label': '', 'trend_label_htf': '', 'session_type': 'RTH', 'entry_bar_index': 15763}"
ES,LONG,2026-04-24 17:00:00+00:00,7191.75,2026-04-24 19:00:00+00:00,7190.75,1,-7.4,1.0,2.4,flatten,"{'signal_confidence': 0.7, 'signal_reason': 'EMA9_PB_LONG | ADX=27 | RSI=67 | ATR=10.7 | SL=10.7pts | TP=13.4pts', 'entry_module': '', 'entry_reason': '', 'entry_type': 'ema9_pullback', 'atr': 10.72832151583878, 'atr_value': 10.72832151583878, 'adx_value': 26.572420431909705, 'market_state': 'UPTREND_PULLBACK', 'trend_label': '', 'trend_label_htf': '', 'session_type': 'RTH', 'entry_bar_index': 16318}"
ES,LONG,2026-04-30 15:30:00+00:00,7197.75,2026-04-30 15:45:00+00:00,7190.25,1,-39.9,7.5,2.4,stop_loss,"{'signal_confidence': 0.7, 'signal_reason': 'EMA21_PB_LONG | ADX=27 | RSI=58 | MACD_H=-0.42 | ATR=13.0 | SL=7.2pts[STRUCT] | TP=9.8pts', 'entry_module': '', 'entry_reason': '', 'entry_type': 'ema21_pullback', 'atr': 13.018890945379477, 'atr_value': 13.018890945379477, 'adx_value': 26.960683902153, 'market_state': 'UPTREND_PULLBACK', 'trend_label': '', 'trend_label_htf': '', 'session_type': 'RTH', 'entry_bar_index': 16680}"
ES,LONG,2026-04-30 16:00:00+00:00,7199.75,2026-04-30 17:30:00+00:00,7215.25,1,75.1,15.5,2.4,take_profit,"{'signal_confidence': 0.7, 'signal_reason': 'EMA21_PB_LONG | ADX=25 | RSI=58 | MACD_H=0.28 | ATR=13.2 | SL=12.0pts[STRUCT] | TP=16.0pts', 'entry_module': '', 'entry_reason': '', 'entry_type': 'ema21_pullback', 'atr': 13.216543723311895, 'atr_value': 13.216543723311895, 'adx_value': 25.08130250488582, 'market_state': 'UPTREND_PULLBACK', 'trend_label': '', 'trend_label_htf': '', 'session_type': 'RTH', 'entry_bar_index': 16682}"
ES,LONG,2026-05-01 15:15:00+00:00,7281.5,2026-05-01 15:45:00+00:00,7294.25,1,61.35,12.75,2.4,take_profit,"{'signal_confidence': 0.7, 'signal_reason': 'EMA21_PB_LONG | ADX=31 | RSI=62 | MACD_H=1.71 | ATR=8.4 | SL=9.8pts[STRUCT] | TP=13.0pts', 'entry_module': '', 'entry_reason': '', 'entry_type': 'ema21_pullback', 'atr': 8.391019323997938, 'atr_value': 8.391019323997938, 'adx_value': 31.345292192829284, 'market_state': 'UPTREND_PULLBACK', 'trend_label': '', 'trend_label_htf': '', 'session_type': 'RTH', 'entry_bar_index': 16771}"
ES,LONG,2026-05-05 15:00:00+00:00,7280.75,2026-05-05 17:00:00+00:00,7283.75,1,12.6,3.0,2.4,flatten,"{'signal_confidence': 0.7, 'signal_reason': 'EMA21_PB_LONG | ADX=44 | RSI=69 | MACD_H=1.33 | ATR=7.3 | SL=8.2pts[STRUCT] | TP=11.0pts', 'entry_module': '', 'entry_reason': '', 'entry_type': 'ema21_pullback', 'atr': 7.315576494365196, 'atr_value': 7.315576494365196, 'adx_value': 44.16091752122587, 'market_state': 'UPTREND_PULLBACK', 'trend_label': '', 'trend_label_htf': '', 'session_type': 'RTH', 'entry_bar_index': 16954}"
ES,LONG,2026-05-05 18:15:00+00:00,7295.75,2026-05-05 19:45:00+00:00,7287.5,1,-43.65,8.25,2.4,stop_loss,"{'signal_confidence': 0.7, 'signal_reason': 'TREND_CONT_LONG | ADX=48 | RSI=73 | MACD_H=0.20 | e9=7287.1 | #2 | SL=7.6pts | TP=9.5pts', 'entry_module': '', 'entry_reason': '', 'entry_type': 'trend_continuation_long', 'atr': 6.111835080558195, 'atr_value': 6.111835080558195, 'adx_value': 47.645567791281856, 'market_state': 'UPTREND_CONTINUATION', 'trend_label': '', 'trend_label_htf': '', 'session_type': 'RTH', 'entry_bar_index': 16967}"
ES,LONG,2026-05-06 15:30:00+00:00,7370.25,2026-05-06 16:45:00+00:00,7358.75,1,-59.9,11.5,2.4,stop_loss,"{'signal_confidence': 0.7, 'signal_reason': 'EMA9_PB_LONG | ADX=32 | RSI=68 | ATR=10.9 | SL=10.9pts | TP=13.6pts', 'entry_module': '', 'entry_reason': '', 'entry_type': 'ema9_pullback', 'atr': 10.886360622878795, 'atr_value': 10.886360622878795, 'adx_value': 32.04247015406754, 'market_state': 'UPTREND_PULLBACK', 'trend_label': '', 'trend_label_htf': '', 'session_type': 'RTH', 'entry_bar_index': 17048}"
ES,LONG,2026-05-07 14:45:00+00:00,7400.5,2026-05-07 15:15:00+00:00,7392.25,1,-43.65,8.25,2.4,stop_loss,"{'signal_confidence': 0.7, 'signal_reason': 'EMA21_PB_LONG | ADX=19 | RSI=56 | MACD_H=-0.38 | ATR=6.5 | SL=7.8pts[STRUCT] | TP=10.2pts', 'entry_module': '', 'entry_reason': '', 'entry_type': 'ema21_pullback', 'atr': 6.478984965268138, 'atr_value': 6.478984965268138, 'adx_value': 18.746950279089006, 'market_state': 'UPTREND_PULLBACK', 'trend_label': '', 'trend_label_htf': '', 'session_type': 'RTH', 'entry_bar_index': 17137}"
ES,LONG,2026-05-08 15:30:00+00:00,7416.25,2026-05-08 17:30:00+00:00,7423.25,1,32.6,7.0,2.4,flatten,"{'signal_confidence': 0.7, 'signal_reason': 'EMA21_PB_LONG | ADX=22 | RSI=65 | MACD_H=0.88 | ATR=7.5 | SL=9.2pts[STRUCT] | TP=12.2pts', 'entry_module': '', 'entry_reason': '', 'entry_type': 'ema21_pullback', 'atr': 7.4812705873374155, 'atr_value': 7.4812705873374155, 'adx_value': 22.386047826933996, 'market_state': 'UPTREND_PULLBACK', 'trend_label': '', 'trend_label_htf': '', 'session_type': 'RTH', 'entry_bar_index': 17232}"
ES,LONG,2026-05-13 17:00:00+00:00,7465.75,2026-05-13 18:00:00+00:00,7476.5,1,51.35,10.75,2.4,take_profit,"{'signal_confidence': 0.7, 'signal_reason': 'EMA9_PB_LONG | ADX=22 | RSI=70 | ATR=9.0 | SL=9.0pts | TP=11.2pts', 'entry_module': '', 'entry_reason': '', 'entry_type': 'ema9_pullback', 'atr': 8.974707995916331, 'atr_value': 8.974707995916331, 'adx_value': 22.120087595635994, 'market_state': 'UPTREND_PULLBACK', 'trend_label': '', 'trend_label_htf': '', 'session_type': 'RTH', 'entry_bar_index': 17514}"
ES,LONG,2026-05-13 18:15:00+00:00,7478.5,2026-05-13 20:00:00+00:00,7468.25,1,-53.65,10.25,2.4,stop_loss,"{'signal_confidence': 0.7, 'signal_reason': 'TREND_CONT_LONG | ADX=28 | RSI=72 | MACD_H=3.51 | e9=7465.0 | #1 | SL=10.8pts | TP=13.5pts', 'entry_module': '', 'entry_reason': '', 'entry_type': 'trend_continuation_long', 'atr': 8.643741272103446, 'atr_value': 8.643741272103446, 'adx_value': 28.266372266366446, 'market_state': 'UPTREND_CONTINUATION', 'trend_label': '', 'trend_label_htf': '', 'session_type': 'RTH', 'entry_bar_index': 17519}"
ES,LONG,2026-05-14 15:45:00+00:00,7532.5,2026-05-14 16:30:00+00:00,7521.5,1,-57.4,11.0,2.4,stop_loss,"{'signal_confidence': 0.7, 'signal_reason': 'TREND_CONT_LONG | ADX=26 | RSI=74 | MACD_H=4.16 | e9=7515.4 | #1 | SL=10.6pts | TP=13.3pts', 'entry_module': '', 'entry_reason': '', 'entry_type': 'trend_continuation_long', 'atr': 8.482475274058245, 'atr_value': 8.482475274058245, 'adx_value': 26.315077725572436, 'market_state': 'UPTREND_CONTINUATION', 'trend_label': '', 'trend_label_htf': '', 'session_type': 'RTH', 'entry_bar_index': 17601}"
ES,LONG,2026-05-20 17:15:00+00:00,7435.25,2026-05-20 19:15:00+00:00,7448.0,1,61.35,12.75,2.4,take_profit,"{'signal_confidence': 0.7, 'signal_reason': 'EMA21_PB_LONG | ADX=27 | RSI=61 | MACD_H=0.71 | ATR=13.4 | SL=9.5pts[STRUCT] | TP=12.8pts', 'entry_module': '', 'entry_reason': '', 'entry_type': 'ema21_pullback', 'atr': 13.38918874060011, 'atr_value': 13.38918874060011, 'adx_value': 26.81299193765419, 'market_state': 'UPTREND_PULLBACK', 'trend_label': '', 'trend_label_htf': '', 'session_type': 'RTH', 'entry_bar_index': 17975}"
