timestamp,open,high,low,close,volume,vwap,trade_count,contract
2026-01-04 23:00:00+00:00,6911.25,6914.5,6904.5,6906.5,1979,6908.825,895,MESH6
2026-01-04 23:01:00+00:00,6906.25,6909.75,6905.0,6908.5,953,6907.325,437,MESH6
2026-01-04 23:02:00+00:00,6908.0,6909.75,6907.25,6908.75,452,6908.6,253,MESH6
2026-01-04 23:03:00+00:00,6908.5,6909.0,6907.0,6907.75,338,6908.0,138,MESH6
2026-01-04 23:04:00+00:00,6907.5,6908.0,6905.5,6907.0,451,6906.7,209,MESH6
2026-01-04 23:05:00+00:00,6906.75,6907.5,6905.75,6906.0,475,6906.5,228,MESH6
2026-01-04 23:06:00+00:00,6906.0,6906.5,6904.75,6905.25,501,6905.625,214,MESH6
2026-01-04 23:07:00+00:00,6905.5,6906.5,6900.5,6901.75,1138,6903.35,488,MESH6
2026-01-04 23:08:00+00:00,6901.75,6904.5,6901.75,6903.25,468,6903.225,217,MESH6
2026-01-04 23:09:00+00:00,6903.25,6904.75,6903.0,6904.5,211,6903.875,86,MESH6
2026-01-04 23:10:00+00:00,6904.5,6905.75,6904.5,6904.75,377,6905.125,155,MESH6
2026-01-04 23:11:00+00:00,6905.0,6905.0,6902.25,6902.5,354,6903.575,163,MESH6
2026-01-04 23:12:00+00:00,6902.5,6903.75,6902.5,6903.5,189,6903.05,80,MESH6
2026-01-04 23:13:00+00:00,6903.25,6903.25,6899.25,6901.25,1082,6900.575,258,MESH6
2026-01-04 23:14:00+00:00,6901.25,6902.75,6901.0,6902.75,240,6901.775,106,MESH6
2026-01-04 23:15:00+00:00,6902.75,6905.25,6902.5,6905.25,536,6903.7,208,MESH6
2026-01-04 23:16:00+00:00,6905.5,6906.75,6903.5,6904.5,752,6904.825,212,MESH6
2026-01-04 23:17:00+00:00,6904.0,6904.25,6903.5,6903.5,160,6903.95,60,MESH6
2026-01-04 23:18:00+00:00,6904.0,6904.5,6903.75,6904.25,113,6904.25,63,MESH6
2026-01-04 23:19:00+00:00,6904.25,6904.75,6903.5,6904.5,174,6904.075,65,MESH6
2026-01-04 23:20:00+00:00,6904.5,6906.0,6904.25,6905.25,327,6905.375,131,MESH6
2026-01-04 23:21:00+00:00,6905.0,6906.5,6905.0,6906.0,365,6905.8,111,MESH6
2026-01-04 23:22:00+00:00,6906.0,6908.5,6905.75,6908.0,492,6907.3,191,MESH6
2026-01-04 23:23:00+00:00,6908.25,6908.5,6906.75,6907.0,344,6907.45,154,MESH6
2026-01-04 23:24:00+00:00,6907.0,6907.75,6906.5,6907.25,190,6907.125,85,MESH6
2026-01-04 23:25:00+00:00,6907.75,6909.0,6907.0,6909.0,311,6907.825,111,MESH6
2026-01-04 23:26:00+00:00,6908.75,6909.5,6908.0,6908.25,506,6908.825,169,MESH6
2026-01-04 23:27:00+00:00,6908.5,6909.5,6908.25,6909.0,344,6908.85,102,MESH6
2026-01-04 23:28:00+00:00,6908.75,6909.0,6908.0,6908.5,225,6908.675,90,MESH6
2026-01-04 23:29:00+00:00,6908.25,6908.5,6907.5,6908.0,214,6908.1,85,MESH6
2026-01-04 23:30:00+00:00,6908.0,6908.25,6905.75,6906.0,397,6906.95,169,MESH6
2026-01-04 23:31:00+00:00,6906.0,6906.25,6905.0,6905.25,389,6905.675,159,MESH6
2026-01-04 23:32:00+00:00,6905.0,6906.5,6904.75,6905.25,379,6905.675,120,MESH6
2026-01-04 23:33:00+00:00,6905.25,6905.5,6903.0,6905.0,501,6904.2,183,MESH6
2026-01-04 23:34:00+00:00,6905.0,6906.75,6904.5,6906.5,317,6905.5,129,MESH6
2026-01-04 23:35:00+00:00,6906.75,6907.25,6905.75,6905.75,333,6906.85,116,MESH6
2026-01-04 23:36:00+00:00,6906.0,6906.0,6905.25,6905.75,196,6905.575,85,MESH6
2026-01-04 23:37:00+00:00,6905.25,6906.5,6905.25,6906.0,180,6905.8,56,MESH6
2026-01-04 23:38:00+00:00,6905.75,6906.25,6905.25,6906.25,169,6905.9,55,MESH6
2026-01-04 23:39:00+00:00,6906.0,6906.25,6905.25,6905.75,99,6905.6,40,MESH6
2026-01-04 23:40:00+00:00,6905.5,6905.75,6904.0,6904.0,235,6904.775,103,MESH6
2026-01-04 23:41:00+00:00,6904.0,6905.5,6903.5,6905.25,243,6904.475,96,MESH6
2026-01-04 23:42:00+00:00,6905.25,6906.0,6905.25,6905.25,108,6905.65,53,MESH6
2026-01-04 23:43:00+00:00,6905.25,6905.25,6903.25,6903.5,319,6903.95,88,MESH6
2026-01-04 23:44:00+00:00,6903.5,6904.25,6903.0,6903.0,303,6903.4,116,MESH6
2026-01-04 23:45:00+00:00,6903.25,6903.5,6900.5,6901.25,929,6902.325,280,MESH6
2026-01-04 23:46:00+00:00,6901.5,6902.75,6900.75,6901.25,413,6901.65,199,MESH6
2026-01-04 23:47:00+00:00,6901.0,6902.75,6900.5,6902.5,362,6901.7,127,MESH6
2026-01-04 23:48:00+00:00,6902.25,6902.75,6902.25,6902.75,163,6902.45,57,MESH6
2026-01-04 23:49:00+00:00,6903.0,6904.75,6902.5,6904.25,390,6903.925,166,MESH6
2026-01-04 23:50:00+00:00,6904.5,6905.25,6903.75,6904.25,238,6904.6,115,MESH6
2026-01-04 23:51:00+00:00,6904.5,6905.25,6903.75,6904.5,220,6904.625,81,MESH6
2026-01-04 23:52:00+00:00,6904.5,6907.0,6904.5,6905.75,319,6906.1,150,MESH6
2026-01-04 23:53:00+00:00,6905.75,6906.5,6905.25,6906.25,147,6905.975,65,MESH6
2026-01-04 23:54:00+00:00,6906.25,6907.0,6905.75,6905.75,90,6906.4,53,MESH6
2026-01-04 23:55:00+00:00,6905.75,6906.75,6905.75,6905.75,99,6906.175,60,MESH6
2026-01-04 23:56:00+00:00,6905.75,6906.5,6905.5,6906.25,52,6906.125,26,MESH6
2026-01-04 23:57:00+00:00,6906.25,6906.75,6905.75,6906.5,53,6906.375,31,MESH6
2026-01-04 23:58:00+00:00,6906.25,6906.5,6905.5,6906.25,72,6905.9,30,MESH6
2026-01-04 23:59:00+00:00,6906.25,6907.75,6905.75,6907.25,263,6906.875,86,MESH6
2026-01-05 00:00:00+00:00,6907.25,6908.5,6905.75,6908.0,682,6907.5,271,MESH6
2026-01-05 00:01:00+00:00,6908.5,6910.0,6908.5,6909.0,702,6909.2,246,MESH6
2026-01-05 00:02:00+00:00,6909.25,6909.75,6908.0,6908.75,364,6908.7,153,MESH6
2026-01-05 00:03:00+00:00,6908.75,6909.25,6907.25,6908.25,237,6908.225,109,MESH6
2026-01-05 00:04:00+00:00,6908.0,6909.25,6908.0,6909.0,252,6908.75,76,MESH6
2026-01-05 00:05:00+00:00,6908.75,6909.75,6908.0,6909.0,314,6908.875,100,MESH6
2026-01-05 00:06:00+00:00,6909.0,6909.25,6907.5,6907.75,221,6908.5,94,MESH6
2026-01-05 00:07:00+00:00,6908.0,6908.5,6905.75,6907.0,400,6906.925,143,MESH6
2026-01-05 00:08:00+00:00,6907.25,6907.25,6905.0,6905.75,499,6905.825,113,MESH6
2026-01-05 00:09:00+00:00,6905.75,6906.5,6905.25,6906.25,205,6905.9,95,MESH6
2026-01-05 00:10:00+00:00,6905.75,6906.0,6904.5,6904.75,304,6905.125,112,MESH6
2026-01-05 00:11:00+00:00,6905.0,6906.25,6904.75,6905.75,200,6905.525,70,MESH6
2026-01-05 00:12:00+00:00,6905.5,6906.0,6904.5,6904.75,138,6905.075,75,MESH6
2026-01-05 00:13:00+00:00,6904.75,6905.0,6904.5,6905.0,121,6904.85,46,MESH6
2026-01-05 00:14:00+00:00,6905.0,6905.0,6903.5,6905.0,285,6904.25,88,MESH6
2026-01-05 00:15:00+00:00,6905.0,6907.25,6904.5,6906.75,356,6906.0,135,MESH6
2026-01-05 00:16:00+00:00,6906.5,6909.25,6906.25,6908.75,312,6907.75,152,MESH6
2026-01-05 00:17:00+00:00,6908.75,6909.75,6908.5,6909.0,214,6909.1,105,MESH6
2026-01-05 00:18:00+00:00,6909.25,6909.75,6909.25,6909.75,237,6909.65,67,MESH6
2026-01-05 00:19:00+00:00,6909.75,6910.5,6908.5,6908.5,476,6909.925,153,MESH6
2026-01-05 00:20:00+00:00,6908.75,6910.25,6908.75,6910.25,164,6909.35,74,MESH6
2026-01-05 00:21:00+00:00,6910.5,6910.5,6909.25,6909.75,163,6910.0,74,MESH6
2026-01-05 00:22:00+00:00,6909.75,6910.0,6907.5,6908.25,253,6908.625,117,MESH6
2026-01-05 00:23:00+00:00,6908.5,6910.25,6908.0,6909.75,181,6909.25,87,MESH6
2026-01-05 00:24:00+00:00,6909.75,6910.0,6908.75,6909.75,218,6909.225,62,MESH6
2026-01-05 00:25:00+00:00,6909.75,6909.75,6908.75,6909.0,111,6909.4,62,MESH6
2026-01-05 00:26:00+00:00,6909.0,6909.0,6907.75,6908.0,234,6908.2,111,MESH6
2026-01-05 00:27:00+00:00,6908.0,6909.5,6908.0,6909.5,101,6908.525,58,MESH6
2026-01-05 00:28:00+00:00,6909.5,6909.75,6909.25,6909.75,188,6909.475,54,MESH6
2026-01-05 00:29:00+00:00,6909.75,6909.75,6908.75,6909.0,92,6909.475,40,MESH6
2026-01-05 00:30:00+00:00,6909.0,6909.5,6908.5,6909.0,132,6908.95,59,MESH6
2026-01-05 00:31:00+00:00,6909.0,6909.25,6908.25,6908.5,70,6908.75,29,MESH6
2026-01-05 00:32:00+00:00,6908.5,6908.75,6907.5,6907.75,184,6908.1,76,MESH6
2026-01-05 00:33:00+00:00,6908.0,6909.0,6907.25,6907.75,193,6907.825,77,MESH6
2026-01-05 00:34:00+00:00,6907.5,6908.5,6907.25,6908.0,79,6907.6,42,MESH6
2026-01-05 00:35:00+00:00,6908.0,6908.25,6907.0,6908.0,112,6907.4,40,MESH6
2026-01-05 00:36:00+00:00,6908.0,6908.0,6907.5,6907.5,65,6907.85,36,MESH6
2026-01-05 00:37:00+00:00,6907.5,6907.5,6906.0,6906.25,278,6906.6,91,MESH6
2026-01-05 00:38:00+00:00,6906.25,6906.5,6903.5,6904.25,545,6904.675,254,MESH6
2026-01-05 00:39:00+00:00,6904.0,6904.5,6902.5,6904.0,394,6903.325,172,MESH6
2026-01-05 00:40:00+00:00,6904.25,6904.75,6903.0,6904.75,291,6904.075,124,MESH6
2026-01-05 00:41:00+00:00,6904.75,6905.0,6903.5,6904.0,136,6904.075,63,MESH6
2026-01-05 00:42:00+00:00,6904.0,6905.0,6904.0,6904.25,171,6904.4,72,MESH6
2026-01-05 00:43:00+00:00,6904.25,6905.5,6904.0,6905.5,145,6904.8,64,MESH6
2026-01-05 00:44:00+00:00,6905.25,6905.75,6905.0,6905.25,123,6905.4,61,MESH6
2026-01-05 00:45:00+00:00,6905.25,6907.5,6905.25,6906.5,292,6906.75,113,MESH6
2026-01-05 00:46:00+00:00,6906.5,6907.5,6906.25,6907.0,250,6907.025,91,MESH6
2026-01-05 00:47:00+00:00,6906.75,6907.25,6906.0,6906.25,152,6906.325,77,MESH6
2026-01-05 00:48:00+00:00,6906.5,6907.5,6906.25,6906.5,117,6906.85,52,MESH6
2026-01-05 00:49:00+00:00,6906.5,6907.25,6906.0,6906.5,130,6906.45,57,MESH6
2026-01-05 00:50:00+00:00,6906.75,6907.5,6905.75,6906.0,172,6906.475,61,MESH6
2026-01-05 00:51:00+00:00,6906.5,6907.25,6906.5,6906.5,74,6906.825,41,MESH6
2026-01-05 00:52:00+00:00,6906.75,6906.75,6906.25,6906.5,48,6906.625,28,MESH6
2026-01-05 00:53:00+00:00,6906.5,6907.5,6906.25,6907.25,73,6907.125,33,MESH6
2026-01-05 00:54:00+00:00,6907.25,6908.25,6907.25,6907.5,208,6907.925,80,MESH6
2026-01-05 00:55:00+00:00,6907.0,6907.5,6906.75,6907.25,117,6907.175,45,MESH6
2026-01-05 00:56:00+00:00,6907.5,6907.75,6907.0,6907.0,41,6907.3,19,MESH6
2026-01-05 00:57:00+00:00,6907.0,6908.0,6907.0,6907.5,66,6907.475,31,MESH6
2026-01-05 00:58:00+00:00,6907.5,6908.75,6907.5,6908.75,138,6908.2,66,MESH6
2026-01-05 00:59:00+00:00,6908.5,6908.75,6907.75,6908.0,111,6908.35,52,MESH6
2026-01-05 01:00:00+00:00,6908.0,6909.25,6907.75,6909.25,311,6908.875,128,MESH6
2026-01-05 01:01:00+00:00,6909.25,6910.25,6908.75,6910.0,579,6909.55,156,MESH6
2026-01-05 01:02:00+00:00,6910.25,6912.25,6909.0,6911.25,1155,6911.125,343,MESH6
2026-01-05 01:03:00+00:00,6911.25,6911.25,6908.5,6908.75,442,6909.95,188,MESH6
2026-01-05 01:04:00+00:00,6908.5,6908.75,6907.5,6908.0,442,6908.125,172,MESH6
2026-01-05 01:05:00+00:00,6908.0,6908.0,6906.75,6906.75,313,6907.225,151,MESH6
2026-01-05 01:06:00+00:00,6906.5,6909.5,6906.25,6909.0,541,6907.45,186,MESH6
2026-01-05 01:07:00+00:00,6908.75,6910.0,6908.5,6908.75,231,6909.325,96,MESH6
2026-01-05 01:08:00+00:00,6909.0,6910.0,6908.75,6909.5,153,6909.35,63,MESH6
2026-01-05 01:09:00+00:00,6909.25,6910.25,6909.0,6909.25,109,6909.5,44,MESH6
2026-01-05 01:10:00+00:00,6909.25,6909.75,6908.5,6909.25,105,6909.15,39,MESH6
2026-01-05 01:11:00+00:00,6909.25,6909.25,6907.5,6908.75,214,6908.4,80,MESH6
2026-01-05 01:12:00+00:00,6908.75,6909.0,6907.75,6908.0,145,6908.4,61,MESH6
2026-01-05 01:13:00+00:00,6907.75,6908.25,6907.25,6908.0,174,6907.65,81,MESH6
2026-01-05 01:14:00+00:00,6908.0,6909.5,6907.75,6909.0,113,6908.75,50,MESH6
2026-01-05 01:15:00+00:00,6909.25,6909.5,6907.0,6908.5,413,6907.875,158,MESH6
2026-01-05 01:16:00+00:00,6908.25,6908.75,6907.5,6908.5,213,6908.175,73,MESH6
2026-01-05 01:17:00+00:00,6908.5,6908.5,6907.5,6907.5,70,6908.0,35,MESH6
2026-01-05 01:18:00+00:00,6907.5,6907.75,6906.75,6907.25,180,6907.425,60,MESH6
2026-01-05 01:19:00+00:00,6907.25,6907.75,6906.75,6907.75,58,6907.25,36,MESH6
2026-01-05 01:20:00+00:00,6907.5,6907.75,6906.75,6906.75,141,6907.1,60,MESH6
2026-01-05 01:21:00+00:00,6906.75,6907.75,6906.0,6906.75,312,6906.875,116,MESH6
2026-01-05 01:22:00+00:00,6907.0,6908.0,6906.5,6908.0,254,6906.875,53,MESH6
2026-01-05 01:23:00+00:00,6908.0,6909.0,6908.0,6908.75,181,6908.525,63,MESH6
2026-01-05 01:24:00+00:00,6909.25,6909.5,6907.75,6908.25,103,6908.225,50,MESH6
2026-01-05 01:25:00+00:00,6908.25,6908.25,6907.5,6908.0,53,6907.9,28,MESH6
2026-01-05 01:26:00+00:00,6907.75,6908.25,6907.25,6908.25,86,6907.725,38,MESH6
2026-01-05 01:27:00+00:00,6908.5,6909.0,6908.0,6908.75,79,6908.475,40,MESH6
2026-01-05 01:28:00+00:00,6909.0,6909.5,6908.75,6909.25,165,6909.3,62,MESH6
2026-01-05 01:29:00+00:00,6909.25,6909.5,6908.75,6909.5,77,6909.15,31,MESH6
2026-01-05 01:30:00+00:00,6909.25,6909.5,6908.25,6908.5,112,6908.925,48,MESH6
2026-01-05 01:31:00+00:00,6908.5,6909.25,6908.25,6908.75,119,6908.75,45,MESH6
2026-01-05 01:32:00+00:00,6909.25,6909.75,6909.0,6909.5,145,6909.45,50,MESH6
2026-01-05 01:33:00+00:00,6909.25,6909.75,6908.75,6909.0,66,6908.925,22,MESH6
2026-01-05 01:34:00+00:00,6909.25,6909.25,6908.75,6908.75,60,6909.1,26,MESH6
2026-01-05 01:35:00+00:00,6908.5,6909.25,6908.5,6909.25,44,6909.125,23,MESH6
2026-01-05 01:36:00+00:00,6909.25,6910.0,6909.0,6910.0,142,6909.55,41,MESH6
2026-01-05 01:37:00+00:00,6910.0,6910.5,6909.5,6910.25,115,6909.975,59,MESH6
2026-01-05 01:38:00+00:00,6910.5,6912.25,6910.25,6912.0,617,6911.3,208,MESH6
2026-01-05 01:39:00+00:00,6912.0,6912.25,6911.5,6911.5,265,6911.875,96,MESH6
2026-01-05 01:40:00+00:00,6911.75,6912.0,6911.0,6911.25,128,6911.325,78,MESH6
2026-01-05 01:41:00+00:00,6911.25,6911.5,6910.5,6911.0,114,6910.925,51,MESH6
2026-01-05 01:42:00+00:00,6911.0,6911.0,6910.25,6910.25,120,6910.725,41,MESH6
2026-01-05 01:43:00+00:00,6910.25,6911.0,6910.25,6911.0,74,6910.85,31,MESH6
2026-01-05 01:44:00+00:00,6910.75,6910.75,6910.25,6910.75,141,6910.5,32,MESH6
2026-01-05 01:45:00+00:00,6910.5,6910.75,6909.25,6910.25,224,6909.875,89,MESH6
2026-01-05 01:46:00+00:00,6910.0,6910.5,6909.25,6910.0,91,6909.675,43,MESH6
2026-01-05 01:47:00+00:00,6910.25,6911.25,6910.0,6910.0,199,6910.575,80,MESH6
2026-01-05 01:48:00+00:00,6910.0,6910.0,6908.25,6908.75,330,6908.975,125,MESH6
2026-01-05 01:49:00+00:00,6909.0,6909.0,6908.25,6909.0,129,6908.65,64,MESH6
2026-01-05 01:50:00+00:00,6909.0,6909.5,6907.25,6907.75,316,6908.3,115,MESH6
2026-01-05 01:51:00+00:00,6907.75,6909.5,6907.5,6909.25,187,6908.575,79,MESH6
2026-01-05 01:52:00+00:00,6909.0,6909.25,6908.75,6909.0,77,6909.05,40,MESH6
2026-01-05 01:53:00+00:00,6908.75,6910.25,6908.75,6910.0,156,6909.65,59,MESH6
2026-01-05 01:54:00+00:00,6910.25,6910.25,6909.0,6909.75,88,6909.725,51,MESH6
2026-01-05 01:55:00+00:00,6909.75,6909.75,6909.0,6909.5,88,6909.45,37,MESH6
2026-01-05 01:56:00+00:00,6909.5,6910.0,6909.25,6909.75,115,6909.75,45,MESH6
2026-01-05 01:57:00+00:00,6909.75,6910.0,6908.75,6909.0,76,6909.275,40,MESH6
2026-01-05 01:58:00+00:00,6909.25,6909.5,6908.75,6909.0,44,6909.125,24,MESH6
2026-01-05 01:59:00+00:00,6909.0,6909.0,6908.5,6908.5,64,6908.75,29,MESH6
2026-01-05 02:00:00+00:00,6908.75,6910.25,6908.75,6910.0,182,6909.725,69,MESH6
2026-01-05 02:01:00+00:00,6910.25,6910.5,6909.75,6910.25,92,6910.1,41,MESH6
2026-01-05 02:02:00+00:00,6910.25,6912.5,6910.25,6912.0,427,6911.45,148,MESH6
2026-01-05 02:03:00+00:00,6912.5,6912.5,6911.75,6912.25,228,6912.125,105,MESH6
2026-01-05 02:04:00+00:00,6912.25,6912.75,6912.0,6912.0,233,6912.325,95,MESH6
2026-01-05 02:05:00+00:00,6912.0,6912.5,6911.5,6911.75,169,6911.85,64,MESH6
2026-01-05 02:06:00+00:00,6911.5,6911.75,6911.25,6911.5,158,6911.425,77,MESH6
2026-01-05 02:07:00+00:00,6911.75,6912.25,6911.75,6912.0,101,6911.95,41,MESH6
2026-01-05 02:08:00+00:00,6912.25,6912.25,6911.5,6912.0,56,6911.775,27,MESH6
2026-01-05 02:09:00+00:00,6912.25,6912.5,6912.0,6912.25,77,6912.275,34,MESH6
2026-01-05 02:10:00+00:00,6912.0,6912.25,6911.5,6911.75,67,6911.85,29,MESH6
2026-01-05 02:11:00+00:00,6911.75,6912.0,6911.25,6911.75,100,6911.525,33,MESH6
2026-01-05 02:12:00+00:00,6911.75,6911.75,6910.75,6910.75,64,6911.2,25,MESH6
2026-01-05 02:13:00+00:00,6910.75,6911.0,6910.5,6911.0,145,6910.75,61,MESH6
2026-01-05 02:14:00+00:00,6910.75,6911.0,6910.25,6910.5,141,6910.425,50,MESH6
2026-01-05 02:15:00+00:00,6910.75,6911.75,6910.75,6911.5,120,6911.3,53,MESH6
2026-01-05 02:16:00+00:00,6911.5,6911.75,6910.75,6911.0,74,6911.325,38,MESH6
2026-01-05 02:17:00+00:00,6911.25,6911.25,6910.5,6910.5,61,6910.75,26,MESH6
2026-01-05 02:18:00+00:00,6910.5,6911.0,6910.5,6911.0,36,6910.825,23,MESH6
2026-01-05 02:19:00+00:00,6911.25,6911.25,6910.75,6910.75,15,6910.9,13,MESH6
2026-01-05 02:20:00+00:00,6910.75,6911.0,6910.25,6911.0,61,6910.55,31,MESH6
2026-01-05 02:21:00+00:00,6911.25,6911.25,6909.75,6910.0,114,6910.2,49,MESH6
2026-01-05 02:22:00+00:00,6910.0,6910.5,6909.75,6910.25,59,6910.05,33,MESH6
2026-01-05 02:23:00+00:00,6910.5,6910.5,6909.5,6909.75,63,6909.9,25,MESH6
2026-01-05 02:24:00+00:00,6910.0,6910.25,6909.5,6910.25,50,6909.85,25,MESH6
2026-01-05 02:25:00+00:00,6910.25,6910.5,6909.75,6909.75,71,6910.2,32,MESH6
2026-01-05 02:26:00+00:00,6909.75,6910.0,6909.25,6909.75,154,6909.65,32,MESH6
2026-01-05 02:27:00+00:00,6909.5,6910.0,6909.5,6909.75,140,6909.575,27,MESH6
2026-01-05 02:28:00+00:00,6910.0,6910.25,6909.5,6910.0,39,6909.95,25,MESH6
2026-01-05 02:29:00+00:00,6910.25,6910.5,6909.75,6910.0,37,6910.2,20,MESH6
2026-01-05 02:30:00+00:00,6910.25,6910.25,6909.5,6909.75,43,6909.975,20,MESH6
2026-01-05 02:31:00+00:00,6909.5,6910.0,6909.0,6910.0,99,6909.475,33,MESH6
2026-01-05 02:32:00+00:00,6910.0,6910.75,6909.75,6910.5,72,6910.45,39,MESH6
2026-01-05 02:33:00+00:00,6910.25,6910.75,6910.25,6910.25,77,6910.5,21,MESH6
2026-01-05 02:34:00+00:00,6910.5,6910.75,6910.25,6910.75,88,6910.575,26,MESH6
2026-01-05 02:35:00+00:00,6910.5,6911.0,6910.0,6910.75,65,6910.525,27,MESH6
2026-01-05 02:36:00+00:00,6911.0,6911.0,6909.5,6909.5,197,6910.4,58,MESH6
2026-01-05 02:37:00+00:00,6909.5,6909.75,6909.0,6909.5,189,6909.325,70,MESH6
2026-01-05 02:38:00+00:00,6909.5,6910.0,6909.0,6910.0,45,6909.6,21,MESH6
2026-01-05 02:39:00+00:00,6909.75,6910.0,6909.75,6910.0,65,6909.85,23,MESH6
2026-01-05 02:40:00+00:00,6909.75,6909.75,6909.25,6909.5,42,6909.425,26,MESH6
2026-01-05 02:41:00+00:00,6909.5,6909.5,6908.25,6908.75,221,6908.8,83,MESH6
2026-01-05 02:42:00+00:00,6908.75,6909.25,6908.25,6909.25,192,6908.7,52,MESH6
2026-01-05 02:43:00+00:00,6909.5,6910.25,6909.25,6910.0,174,6909.9,55,MESH6
2026-01-05 02:44:00+00:00,6910.0,6910.5,6909.75,6910.5,64,6910.25,26,MESH6
2026-01-05 02:45:00+00:00,6910.25,6910.75,6910.25,6910.5,54,6910.475,19,MESH6
2026-01-05 02:46:00+00:00,6910.75,6912.25,6910.75,6912.0,257,6911.55,83,MESH6
2026-01-05 02:47:00+00:00,6912.0,6912.5,6911.75,6912.0,104,6912.175,52,MESH6
2026-01-05 02:48:00+00:00,6912.0,6912.25,6911.75,6912.0,113,6912.0,59,MESH6
2026-01-05 02:49:00+00:00,6912.0,6912.75,6912.0,6912.0,225,6912.425,45,MESH6
2026-01-05 02:50:00+00:00,6912.25,6912.5,6911.75,6912.5,83,6912.175,30,MESH6
2026-01-05 02:51:00+00:00,6912.5,6912.75,6911.75,6911.75,164,6912.375,33,MESH6
2026-01-05 02:52:00+00:00,6911.75,6912.0,6911.25,6912.0,156,6911.725,41,MESH6
2026-01-05 02:53:00+00:00,6912.0,6912.5,6912.0,6912.0,91,6912.3,21,MESH6
2026-01-05 02:54:00+00:00,6912.0,6912.5,6912.0,6912.5,25,6912.175,15,MESH6
2026-01-05 02:55:00+00:00,6912.25,6912.5,6911.75,6911.75,44,6912.025,22,MESH6
2026-01-05 02:56:00+00:00,6911.75,6912.25,6911.75,6912.0,48,6911.975,14,MESH6
2026-01-05 02:57:00+00:00,6912.25,6912.5,6912.0,6912.0,21,6912.25,11,MESH6
2026-01-05 02:58:00+00:00,6912.0,6912.25,6911.5,6912.0,61,6911.85,30,MESH6
2026-01-05 02:59:00+00:00,6911.75,6912.0,6911.0,6911.5,217,6911.4,60,MESH6
2026-01-05 03:00:00+00:00,6911.25,6911.5,6910.25,6911.5,210,6910.725,67,MESH6
2026-01-05 03:01:00+00:00,6911.25,6911.75,6911.25,6911.5,43,6911.45,20,MESH6
2026-01-05 03:02:00+00:00,6911.5,6911.75,6911.25,6911.5,66,6911.55,28,MESH6
2026-01-05 03:03:00+00:00,6911.5,6911.5,6911.0,6911.0,58,6911.2,25,MESH6
2026-01-05 03:04:00+00:00,6911.0,6911.75,6911.0,6911.75,40,6911.35,20,MESH6
2026-01-05 03:05:00+00:00,6911.5,6912.25,6911.25,6912.0,96,6911.775,38,MESH6
2026-01-05 03:06:00+00:00,6911.75,6912.25,6911.5,6911.5,91,6911.75,42,MESH6
2026-01-05 03:07:00+00:00,6911.75,6911.75,6911.5,6911.75,26,6911.675,13,MESH6
2026-01-05 03:08:00+00:00,6911.5,6912.25,6911.5,6912.0,39,6912.0,19,MESH6
2026-01-05 03:09:00+00:00,6912.0,6912.25,6911.75,6911.75,45,6911.9,18,MESH6
2026-01-05 03:10:00+00:00,6911.75,6911.75,6911.0,6911.25,39,6911.275,21,MESH6
2026-01-05 03:11:00+00:00,6911.25,6911.25,6910.5,6910.5,277,6910.75,36,MESH6
2026-01-05 03:12:00+00:00,6910.5,6911.0,6910.5,6911.0,78,6910.825,24,MESH6
2026-01-05 03:13:00+00:00,6911.0,6911.0,6910.75,6911.0,27,6911.0,15,MESH6
2026-01-05 03:14:00+00:00,6911.0,6911.0,6910.5,6910.5,55,6910.65,16,MESH6
2026-01-05 03:15:00+00:00,6910.5,6910.75,6910.25,6910.5,44,6910.425,24,MESH6
2026-01-05 03:16:00+00:00,6910.5,6910.75,6910.0,6910.25,59,6910.225,33,MESH6
2026-01-05 03:17:00+00:00,6910.25,6910.25,6909.75,6909.75,98,6909.95,42,MESH6
2026-01-05 03:18:00+00:00,6909.5,6910.25,6909.5,6910.25,65,6909.85,37,MESH6
2026-01-05 03:19:00+00:00,6910.25,6910.75,6910.0,6910.5,77,6910.525,32,MESH6
2026-01-05 03:20:00+00:00,6910.5,6911.25,6910.25,6911.25,69,6910.825,28,MESH6
2026-01-05 03:21:00+00:00,6911.25,6911.25,6910.5,6911.0,81,6910.95,32,MESH6
2026-01-05 03:22:00+00:00,6910.75,6911.0,6910.75,6910.75,28,6910.75,15,MESH6
2026-01-05 03:23:00+00:00,6910.75,6910.75,6910.5,6910.75,34,6910.675,10,MESH6
2026-01-05 03:24:00+00:00,6910.75,6910.75,6910.0,6910.25,69,6910.3,23,MESH6
2026-01-05 03:25:00+00:00,6910.5,6910.5,6909.75,6910.5,33,6910.225,20,MESH6
2026-01-05 03:26:00+00:00,6910.5,6911.0,6910.5,6910.75,52,6910.775,17,MESH6
2026-01-05 03:27:00+00:00,6911.0,6911.0,6910.5,6910.5,27,6910.775,12,MESH6
2026-01-05 03:28:00+00:00,6910.5,6911.0,6910.5,6910.75,15,6910.725,10,MESH6
2026-01-05 03:29:00+00:00,6910.75,6910.75,6910.75,6910.75,17,6910.75,6,MESH6
2026-01-05 03:30:00+00:00,6910.5,6910.5,6910.0,6910.5,94,6910.25,24,MESH6
2026-01-05 03:31:00+00:00,6910.25,6910.25,6909.75,6909.75,117,6909.9,35,MESH6
2026-01-05 03:32:00+00:00,6910.0,6910.0,6909.25,6909.5,67,6909.7,25,MESH6
2026-01-05 03:33:00+00:00,6909.5,6910.25,6909.25,6910.25,45,6909.65,24,MESH6
2026-01-05 03:34:00+00:00,6910.25,6910.25,6909.75,6909.75,19,6909.925,9,MESH6
2026-01-05 03:35:00+00:00,6909.75,6909.75,6909.25,6909.5,23,6909.525,15,MESH6
2026-01-05 03:36:00+00:00,6909.25,6909.5,6909.0,6909.5,116,6909.25,47,MESH6
2026-01-05 03:37:00+00:00,6909.75,6910.0,6909.25,6910.0,29,6909.625,16,MESH6
2026-01-05 03:38:00+00:00,6909.5,6910.0,6909.5,6910.0,23,6909.75,12,MESH6
2026-01-05 03:39:00+00:00,6910.25,6910.25,6910.0,6910.0,61,6910.2,16,MESH6
2026-01-05 03:40:00+00:00,6910.0,6910.25,6909.75,6909.75,40,6909.9,13,MESH6
2026-01-05 03:41:00+00:00,6909.5,6910.0,6909.5,6909.5,34,6909.625,18,MESH6
2026-01-05 03:42:00+00:00,6909.5,6909.5,6908.5,6909.5,166,6908.95,65,MESH6
2026-01-05 03:43:00+00:00,6909.25,6909.5,6909.0,6909.25,88,6909.175,30,MESH6
2026-01-05 03:44:00+00:00,6909.5,6909.75,6908.25,6908.5,165,6908.625,43,MESH6
2026-01-05 03:45:00+00:00,6908.5,6908.75,6907.5,6908.5,439,6908.1,118,MESH6
2026-01-05 03:46:00+00:00,6908.5,6908.5,6908.0,6908.0,90,6908.1,25,MESH6
2026-01-05 03:47:00+00:00,6908.0,6909.0,6908.0,6909.0,95,6908.35,36,MESH6
2026-01-05 03:48:00+00:00,6909.0,6909.0,6908.75,6908.75,39,6908.95,20,MESH6
2026-01-05 03:49:00+00:00,6909.0,6909.5,6908.5,6908.75,90,6908.95,34,MESH6
2026-01-05 03:50:00+00:00,6908.75,6909.0,6908.25,6908.25,34,6908.7,15,MESH6
2026-01-05 03:51:00+00:00,6908.25,6908.25,6907.5,6908.0,150,6907.8,67,MESH6
2026-01-05 03:52:00+00:00,6908.0,6908.0,6907.5,6907.75,55,6907.8,21,MESH6
2026-01-05 03:53:00+00:00,6907.75,6907.75,6906.75,6907.25,233,6907.1,99,MESH6
2026-01-05 03:54:00+00:00,6907.0,6907.5,6907.0,6907.5,40,6907.425,19,MESH6
2026-01-05 03:55:00+00:00,6907.5,6908.0,6907.5,6908.0,76,6907.725,32,MESH6
2026-01-05 03:56:00+00:00,6908.0,6908.0,6907.75,6907.75,81,6907.975,29,MESH6
2026-01-05 03:57:00+00:00,6907.75,6907.75,6907.25,6907.5,81,6907.5,32,MESH6
2026-01-05 03:58:00+00:00,6907.5,6907.75,6907.5,6907.5,49,6907.5,16,MESH6
2026-01-05 03:59:00+00:00,6907.5,6907.5,6907.25,6907.5,78,6907.425,22,MESH6
2026-01-05 04:00:00+00:00,6907.25,6907.5,6907.0,6907.25,92,6907.275,36,MESH6
2026-01-05 04:01:00+00:00,6907.0,6907.75,6906.5,6907.0,111,6906.925,54,MESH6
2026-01-05 04:02:00+00:00,6907.0,6907.5,6907.0,6907.0,22,6907.175,14,MESH6
2026-01-05 04:03:00+00:00,6907.0,6907.5,6907.0,6907.0,52,6907.225,24,MESH6
2026-01-05 04:04:00+00:00,6907.0,6907.25,6906.75,6907.0,22,6907.0,13,MESH6
2026-01-05 04:05:00+00:00,6907.25,6907.5,6907.25,6907.5,16,6907.325,13,MESH6
2026-01-05 04:06:00+00:00,6907.75,6907.75,6907.0,6907.5,35,6907.45,18,MESH6
2026-01-05 04:07:00+00:00,6907.0,6907.25,6906.75,6906.75,58,6907.15,15,MESH6
2026-01-05 04:08:00+00:00,6907.0,6907.25,6906.75,6907.0,44,6907.025,11,MESH6
2026-01-05 04:09:00+00:00,6907.0,6907.5,6907.0,6907.5,64,6907.25,25,MESH6
2026-01-05 04:10:00+00:00,6907.5,6907.5,6907.0,6907.25,83,6907.325,26,MESH6
2026-01-05 04:11:00+00:00,6907.5,6907.5,6907.0,6907.25,30,6907.4,15,MESH6
2026-01-05 04:12:00+00:00,6907.0,6907.5,6907.0,6907.5,9,6907.175,8,MESH6
2026-01-05 04:13:00+00:00,6907.25,6907.5,6907.0,6907.25,36,6907.325,17,MESH6
2026-01-05 04:14:00+00:00,6907.25,6907.25,6907.0,6907.25,26,6907.25,10,MESH6
2026-01-05 04:15:00+00:00,6907.0,6907.25,6906.5,6907.0,74,6906.8,19,MESH6
2026-01-05 04:16:00+00:00,6907.25,6908.0,6907.25,6907.75,86,6907.775,27,MESH6
2026-01-05 04:17:00+00:00,6908.0,6908.25,6907.75,6908.0,63,6908.0,37,MESH6
2026-01-05 04:18:00+00:00,6907.75,6908.25,6907.75,6907.75,71,6907.925,21,MESH6
2026-01-05 04:19:00+00:00,6907.75,6908.0,6907.75,6907.75,44,6907.775,13,MESH6
2026-01-05 04:20:00+00:00,6908.0,6909.25,6908.0,6908.25,319,6908.725,85,MESH6
2026-01-05 04:21:00+00:00,6908.0,6908.25,6907.75,6908.25,48,6908.0,30,MESH6
2026-01-05 04:22:00+00:00,6908.5,6908.5,6908.0,6908.5,14,6908.325,11,MESH6
2026-01-05 04:23:00+00:00,6908.0,6908.0,6907.75,6907.75,22,6907.975,4,MESH6
2026-01-05 04:24:00+00:00,6908.0,6908.5,6908.0,6908.0,43,6908.25,15,MESH6
2026-01-05 04:25:00+00:00,6908.25,6908.5,6907.75,6907.75,52,6908.2,19,MESH6
2026-01-05 04:26:00+00:00,6907.75,6908.0,6907.25,6907.25,85,6907.525,35,MESH6
2026-01-05 04:27:00+00:00,6907.25,6907.5,6906.25,6906.5,142,6906.65,58,MESH6
2026-01-05 04:28:00+00:00,6906.75,6907.5,6906.75,6907.25,41,6907.075,21,MESH6
2026-01-05 04:29:00+00:00,6907.25,6907.75,6907.0,6907.25,21,6907.35,12,MESH6
2026-01-05 04:30:00+00:00,6907.5,6907.75,6907.5,6907.5,17,6907.625,10,MESH6
2026-01-05 04:31:00+00:00,6907.5,6907.5,6907.25,6907.5,10,6907.425,5,MESH6
2026-01-05 04:32:00+00:00,6907.5,6907.75,6907.25,6907.75,20,6907.675,11,MESH6
2026-01-05 04:33:00+00:00,6907.75,6907.75,6907.0,6907.0,55,6907.375,16,MESH6
2026-01-05 04:34:00+00:00,6907.0,6908.75,6907.0,6908.0,142,6908.225,46,MESH6
2026-01-05 04:35:00+00:00,6908.0,6908.5,6908.0,6908.25,37,6908.125,16,MESH6
2026-01-05 04:36:00+00:00,6908.25,6909.5,6908.25,6909.5,135,6909.125,41,MESH6
2026-01-05 04:37:00+00:00,6909.25,6909.75,6909.25,6909.75,148,6909.65,44,MESH6
2026-01-05 04:38:00+00:00,6909.75,6909.75,6909.25,6909.5,95,6909.6,37,MESH6
2026-01-05 04:39:00+00:00,6909.25,6909.5,6909.0,6909.0,84,6909.275,31,MESH6
2026-01-05 04:40:00+00:00,6909.0,6909.75,6909.0,6909.75,42,6909.425,26,MESH6
2026-01-05 04:41:00+00:00,6909.5,6909.75,6909.0,6909.5,42,6909.375,23,MESH6
2026-01-05 04:42:00+00:00,6909.5,6910.25,6909.5,6910.0,101,6909.95,45,MESH6
2026-01-05 04:43:00+00:00,6910.25,6910.25,6910.0,6910.0,55,6910.1,29,MESH6
2026-01-05 04:44:00+00:00,6910.25,6911.0,6910.25,6911.0,144,6910.625,42,MESH6
2026-01-05 04:45:00+00:00,6911.0,6912.0,6911.0,6911.75,360,6911.725,97,MESH6
2026-01-05 04:46:00+00:00,6911.75,6912.25,6911.25,6911.5,185,6911.85,50,MESH6
2026-01-05 04:47:00+00:00,6911.25,6911.5,6911.25,6911.25,81,6911.25,27,MESH6
2026-01-05 04:48:00+00:00,6911.25,6911.25,6911.0,6911.0,87,6911.1,25,MESH6
2026-01-05 04:49:00+00:00,6911.0,6911.75,6910.75,6911.5,172,6911.175,35,MESH6
2026-01-05 04:50:00+00:00,6911.75,6912.25,6911.75,6912.0,57,6911.95,28,MESH6
2026-01-05 04:51:00+00:00,6912.25,6912.25,6912.0,6912.25,36,6912.125,17,MESH6
2026-01-05 04:52:00+00:00,6912.25,6912.25,6911.5,6911.5,37,6912.025,17,MESH6
2026-01-05 04:53:00+00:00,6911.5,6912.0,6911.5,6912.0,66,6911.725,17,MESH6
2026-01-05 04:54:00+00:00,6911.75,6912.0,6911.75,6911.75,122,6911.925,34,MESH6
2026-01-05 04:55:00+00:00,6912.0,6912.25,6911.75,6912.25,67,6912.025,24,MESH6
2026-01-05 04:56:00+00:00,6912.25,6912.25,6912.0,6912.25,33,6912.225,12,MESH6
2026-01-05 04:57:00+00:00,6912.25,6912.75,6912.25,6912.25,179,6912.5,60,MESH6
2026-01-05 04:58:00+00:00,6912.25,6912.25,6911.5,6911.5,111,6911.725,40,MESH6
2026-01-05 04:59:00+00:00,6911.5,6911.75,6911.5,6911.75,29,6911.625,14,MESH6
2026-01-05 05:00:00+00:00,6912.0,6912.0,6910.5,6911.25,408,6911.125,127,MESH6
2026-01-05 05:01:00+00:00,6911.25,6911.5,6910.75,6911.5,36,6911.05,19,MESH6
2026-01-05 05:02:00+00:00,6911.25,6912.0,6911.0,6911.75,54,6911.375,14,MESH6
2026-01-05 05:03:00+00:00,6912.0,6912.0,6911.25,6911.75,56,6911.7,17,MESH6
2026-01-05 05:04:00+00:00,6911.75,6911.75,6911.0,6911.75,72,6911.275,13,MESH6
2026-01-05 05:05:00+00:00,6911.5,6911.5,6911.25,6911.25,29,6911.425,14,MESH6
2026-01-05 05:06:00+00:00,6911.0,6911.0,6909.5,6909.75,233,6910.45,66,MESH6
2026-01-05 05:07:00+00:00,6909.75,6910.0,6909.25,6909.5,220,6909.6,62,MESH6
2026-01-05 05:08:00+00:00,6909.75,6909.75,6909.0,6909.25,75,6909.35,33,MESH6
2026-01-05 05:09:00+00:00,6909.25,6909.25,6908.5,6909.25,158,6908.975,48,MESH6
2026-01-05 05:10:00+00:00,6909.5,6909.5,6908.75,6908.75,87,6909.025,20,MESH6
2026-01-05 05:11:00+00:00,6909.0,6909.5,6909.0,6909.25,42,6909.2,25,MESH6
2026-01-05 05:12:00+00:00,6909.0,6909.25,6908.75,6908.75,41,6908.95,17,MESH6
2026-01-05 05:13:00+00:00,6909.25,6909.5,6909.0,6909.25,35,6909.3,18,MESH6
2026-01-05 05:14:00+00:00,6909.25,6909.25,6908.25,6908.75,63,6908.825,22,MESH6
2026-01-05 05:15:00+00:00,6908.5,6909.0,6908.25,6909.0,61,6908.575,25,MESH6
2026-01-05 05:16:00+00:00,6908.75,6908.75,6908.0,6908.25,68,6908.3,27,MESH6
2026-01-05 05:17:00+00:00,6908.0,6908.25,6907.25,6908.0,104,6907.75,40,MESH6
2026-01-05 05:18:00+00:00,6908.25,6909.0,6908.25,6908.75,70,6908.725,33,MESH6
2026-01-05 05:19:00+00:00,6908.75,6909.0,6908.75,6908.75,10,6908.825,7,MESH6
2026-01-05 05:20:00+00:00,6908.5,6908.75,6908.5,6908.75,40,6908.675,18,MESH6
2026-01-05 05:21:00+00:00,6908.75,6909.0,6908.5,6908.5,65,6908.75,23,MESH6
2026-01-05 05:22:00+00:00,6908.5,6909.25,6908.5,6909.0,85,6908.9,29,MESH6
2026-01-05 05:23:00+00:00,6909.25,6909.5,6909.0,6909.25,91,6909.325,33,MESH6
2026-01-05 05:24:00+00:00,6909.5,6910.5,6909.25,6910.0,79,6909.9,34,MESH6
2026-01-05 05:25:00+00:00,6909.75,6910.5,6909.75,6910.25,41,6910.05,19,MESH6
2026-01-05 05:26:00+00:00,6910.25,6910.75,6910.0,6910.25,58,6910.425,29,MESH6
2026-01-05 05:27:00+00:00,6910.25,6910.25,6909.75,6909.75,30,6909.9,15,MESH6
2026-01-05 05:28:00+00:00,6910.0,6910.0,6909.75,6910.0,34,6909.975,16,MESH6
2026-01-05 05:29:00+00:00,6910.0,6910.5,6909.75,6909.75,104,6910.175,24,MESH6
2026-01-05 05:30:00+00:00,6910.0,6910.75,6909.5,6910.75,27,6910.0,11,MESH6
2026-01-05 05:31:00+00:00,6910.75,6911.0,6910.5,6910.5,108,6910.6,32,MESH6
2026-01-05 05:32:00+00:00,6910.5,6911.0,6910.5,6910.5,65,6910.8,22,MESH6
2026-01-05 05:33:00+00:00,6910.5,6911.0,6910.5,6910.75,42,6910.675,17,MESH6
2026-01-05 05:34:00+00:00,6910.75,6911.0,6910.75,6911.0,41,6910.75,14,MESH6
2026-01-05 05:35:00+00:00,6910.75,6911.0,6910.25,6910.5,31,6910.55,17,MESH6
2026-01-05 05:36:00+00:00,6910.5,6910.5,6910.25,6910.5,28,6910.4,14,MESH6
2026-01-05 05:37:00+00:00,6910.5,6910.5,6909.75,6909.75,61,6910.2,23,MESH6
2026-01-05 05:38:00+00:00,6910.0,6910.25,6909.0,6909.0,100,6909.7,33,MESH6
2026-01-05 05:39:00+00:00,6909.25,6909.75,6909.25,6909.5,65,6909.4,22,MESH6
2026-01-05 05:40:00+00:00,6909.75,6910.0,6909.5,6909.5,61,6909.825,18,MESH6
2026-01-05 05:41:00+00:00,6909.75,6910.0,6909.5,6910.0,37,6909.725,13,MESH6
2026-01-05 05:42:00+00:00,6910.25,6910.75,6910.25,6910.75,43,6910.375,15,MESH6
2026-01-05 05:43:00+00:00,6910.5,6911.0,6910.5,6911.0,81,6910.75,34,MESH6
2026-01-05 05:44:00+00:00,6910.75,6910.75,6910.5,6910.5,42,6910.525,20,MESH6
2026-01-05 05:45:00+00:00,6910.5,6910.5,6910.25,6910.25,18,6910.425,14,MESH6
2026-01-05 05:46:00+00:00,6910.25,6910.25,6910.0,6910.25,19,6910.05,13,MESH6
2026-01-05 05:47:00+00:00,6910.25,6910.75,6910.25,6910.75,19,6910.4,4,MESH6
2026-01-05 05:48:00+00:00,6910.5,6911.0,6910.25,6911.0,29,6910.825,14,MESH6
2026-01-05 05:49:00+00:00,6911.25,6911.75,6911.0,6911.0,181,6911.375,35,MESH6
2026-01-05 05:50:00+00:00,6911.25,6911.5,6911.0,6911.0,41,6911.275,19,MESH6
2026-01-05 05:51:00+00:00,6911.0,6911.5,6910.75,6910.75,39,6911.075,20,MESH6
2026-01-05 05:52:00+00:00,6911.0,6911.5,6910.75,6911.0,44,6911.075,25,MESH6
2026-01-05 05:53:00+00:00,6911.25,6911.25,6911.0,6911.25,12,6911.1,9,MESH6
2026-01-05 05:54:00+00:00,6911.0,6911.0,6910.75,6910.75,47,6910.85,18,MESH6
2026-01-05 05:55:00+00:00,6911.0,6912.0,6911.0,6911.5,52,6911.475,19,MESH6
2026-01-05 05:56:00+00:00,6911.75,6912.25,6911.5,6911.75,131,6911.975,39,MESH6
2026-01-05 05:57:00+00:00,6912.0,6912.5,6911.75,6912.5,106,6912.375,37,MESH6
2026-01-05 05:58:00+00:00,6912.5,6912.75,6912.0,6912.25,107,6912.375,36,MESH6
2026-01-05 05:59:00+00:00,6912.25,6912.5,6912.0,6912.25,74,6912.125,23,MESH6
2026-01-05 23:00:00+00:00,6945.0,6948.0,6944.5,6947.0,923,6945.975,400,MESH6
2026-01-05 23:01:00+00:00,6947.0,6947.25,6945.25,6945.5,202,6946.1,101,MESH6
2026-01-05 23:02:00+00:00,6945.5,6946.0,6944.75,6945.25,137,6945.25,59,MESH6
2026-01-05 23:03:00+00:00,6945.5,6947.25,6945.25,6947.0,245,6946.3,101,MESH6
2026-01-05 23:04:00+00:00,6947.0,6947.5,6946.0,6946.25,248,6946.775,85,MESH6
2026-01-05 23:05:00+00:00,6946.5,6946.75,6945.5,6946.0,82,6946.1,47,MESH6
2026-01-05 23:06:00+00:00,6946.0,6947.0,6946.0,6946.5,104,6946.6,49,MESH6
2026-01-05 23:07:00+00:00,6946.5,6947.0,6946.5,6946.5,49,6946.675,26,MESH6
2026-01-05 23:08:00+00:00,6946.75,6947.0,6946.0,6946.5,63,6946.525,36,MESH6
2026-01-05 23:09:00+00:00,6946.5,6946.75,6946.0,6946.75,114,6946.425,34,MESH6
2026-01-05 23:10:00+00:00,6946.75,6948.0,6946.25,6947.25,160,6947.275,70,MESH6
2026-01-05 23:11:00+00:00,6947.25,6947.25,6946.5,6946.75,107,6946.925,48,MESH6
2026-01-05 23:12:00+00:00,6946.75,6947.25,6946.75,6947.0,37,6947.05,20,MESH6
2026-01-05 23:13:00+00:00,6947.0,6947.0,6945.75,6945.75,80,6946.325,37,MESH6
2026-01-05 23:14:00+00:00,6946.0,6946.75,6945.75,6946.5,112,6946.375,32,MESH6
2026-01-05 23:15:00+00:00,6946.5,6946.5,6945.5,6945.5,112,6945.775,53,MESH6
2026-01-05 23:16:00+00:00,6945.5,6945.75,6945.25,6945.5,51,6945.5,25,MESH6
2026-01-05 23:17:00+00:00,6945.25,6945.5,6943.75,6944.0,347,6944.45,100,MESH6
2026-01-05 23:18:00+00:00,6944.25,6945.25,6944.0,6945.25,98,6944.8,54,MESH6
2026-01-05 23:19:00+00:00,6945.0,6946.0,6944.75,6945.75,83,6945.525,30,MESH6
2026-01-05 23:20:00+00:00,6945.75,6946.5,6945.75,6945.75,75,6946.0,36,MESH6
2026-01-05 23:21:00+00:00,6946.0,6946.25,6945.5,6945.5,48,6945.825,25,MESH6
2026-01-05 23:22:00+00:00,6945.5,6945.75,6945.5,6945.5,34,6945.525,17,MESH6
2026-01-05 23:23:00+00:00,6945.25,6945.25,6944.75,6945.0,90,6945.075,38,MESH6
2026-01-05 23:24:00+00:00,6944.75,6945.5,6944.5,6945.5,47,6945.05,33,MESH6
2026-01-05 23:25:00+00:00,6945.25,6946.75,6945.25,6946.25,168,6946.15,74,MESH6
2026-01-05 23:26:00+00:00,6946.25,6946.5,6945.75,6945.75,84,6946.1,33,MESH6
2026-01-05 23:27:00+00:00,6946.0,6946.0,6945.5,6945.75,25,6945.775,20,MESH6
2026-01-05 23:28:00+00:00,6945.75,6946.0,6945.75,6946.0,13,6945.875,9,MESH6
2026-01-05 23:29:00+00:00,6945.5,6946.0,6945.5,6946.0,36,6945.85,15,MESH6
2026-01-05 23:30:00+00:00,6946.25,6946.25,6942.25,6942.25,501,6943.6,161,MESH6
2026-01-05 23:31:00+00:00,6942.25,6943.5,6942.25,6943.0,136,6942.8,75,MESH6
2026-01-05 23:32:00+00:00,6943.0,6943.5,6942.75,6943.25,107,6943.0,48,MESH6
2026-01-05 23:33:00+00:00,6943.0,6943.0,6941.75,6942.0,207,6942.15,89,MESH6
2026-01-05 23:34:00+00:00,6941.75,6942.25,6941.5,6941.5,135,6941.775,58,MESH6
2026-01-05 23:35:00+00:00,6941.75,6943.25,6941.5,6943.25,208,6942.15,79,MESH6
2026-01-05 23:36:00+00:00,6943.0,6943.0,6942.25,6942.75,55,6942.7,30,MESH6
2026-01-05 23:37:00+00:00,6942.75,6942.75,6942.25,6942.75,41,6942.425,15,MESH6
2026-01-05 23:38:00+00:00,6942.25,6942.75,6942.25,6942.5,77,6942.475,26,MESH6
2026-01-05 23:39:00+00:00,6942.75,6942.75,6942.25,6942.25,43,6942.525,21,MESH6
2026-01-05 23:40:00+00:00,6942.5,6942.5,6941.75,6941.75,48,6942.15,23,MESH6
2026-01-05 23:41:00+00:00,6941.75,6942.5,6941.5,6942.5,139,6941.925,48,MESH6
2026-01-05 23:42:00+00:00,6942.25,6942.5,6941.5,6941.75,69,6942.025,26,MESH6
2026-01-05 23:43:00+00:00,6942.0,6942.0,6941.5,6941.5,29,6941.775,15,MESH6
2026-01-05 23:44:00+00:00,6941.75,6943.5,6941.75,6943.0,292,6942.875,82,MESH6
2026-01-05 23:45:00+00:00,6943.0,6943.0,6942.0,6942.75,96,6942.5,44,MESH6
2026-01-05 23:46:00+00:00,6942.5,6943.0,6942.0,6942.75,95,6942.525,27,MESH6
2026-01-05 23:47:00+00:00,6942.75,6942.75,6942.5,6942.75,32,6942.675,16,MESH6
2026-01-05 23:48:00+00:00,6943.0,6943.25,6942.5,6943.0,48,6942.875,26,MESH6
2026-01-05 23:49:00+00:00,6943.0,6943.25,6942.0,6942.25,111,6942.475,38,MESH6
2026-01-05 23:50:00+00:00,6942.25,6942.5,6941.5,6942.5,66,6941.975,30,MESH6
2026-01-05 23:51:00+00:00,6942.25,6942.5,6941.5,6941.5,66,6941.75,22,MESH6
2026-01-05 23:52:00+00:00,6941.5,6941.75,6941.25,6941.75,76,6941.45,41,MESH6
2026-01-05 23:53:00+00:00,6941.75,6942.25,6941.25,6941.75,139,6941.725,32,MESH6
2026-01-05 23:54:00+00:00,6941.5,6941.75,6941.5,6941.5,18,6941.65,14,MESH6
2026-01-05 23:55:00+00:00,6941.75,6942.5,6941.5,6942.25,83,6942.025,33,MESH6
2026-01-05 23:56:00+00:00,6942.25,6942.5,6941.75,6941.75,42,6942.05,21,MESH6
2026-01-05 23:57:00+00:00,6941.5,6942.25,6941.5,6942.25,44,6942.075,17,MESH6
2026-01-05 23:58:00+00:00,6942.25,6942.25,6941.75,6941.75,45,6941.9,19,MESH6
2026-01-05 23:59:00+00:00,6942.25,6942.25,6941.75,6942.0,43,6941.85,18,MESH6
2026-01-06 00:00:00+00:00,6941.75,6942.5,6941.75,6942.5,260,6942.175,101,MESH6
2026-01-06 00:01:00+00:00,6942.25,6943.5,6941.75,6943.5,237,6942.525,77,MESH6
2026-01-06 00:02:00+00:00,6943.25,6944.75,6943.0,6943.25,278,6943.925,114,MESH6
2026-01-06 00:03:00+00:00,6943.25,6943.75,6942.75,6943.25,122,6943.175,60,MESH6
2026-01-06 00:04:00+00:00,6943.0,6944.0,6943.0,6943.75,92,6943.5,44,MESH6
2026-01-06 00:05:00+00:00,6944.0,6944.75,6944.0,6944.0,131,6944.375,47,MESH6
2026-01-06 00:06:00+00:00,6944.0,6944.0,6943.0,6943.25,71,6943.5,39,MESH6
2026-01-06 00:07:00+00:00,6943.5,6943.5,6942.0,6942.25,143,6942.5,55,MESH6
2026-01-06 00:08:00+00:00,6942.0,6943.0,6942.0,6942.25,137,6942.475,28,MESH6
2026-01-06 00:09:00+00:00,6942.5,6942.5,6941.25,6941.5,101,6941.725,36,MESH6
2026-01-06 00:10:00+00:00,6941.75,6942.25,6941.5,6941.5,61,6941.775,26,MESH6
2026-01-06 00:11:00+00:00,6941.5,6941.75,6941.25,6941.5,95,6941.45,44,MESH6
2026-01-06 00:12:00+00:00,6941.5,6941.5,6940.25,6941.25,226,6940.95,101,MESH6
2026-01-06 00:13:00+00:00,6941.25,6941.5,6940.75,6941.0,103,6941.05,34,MESH6
2026-01-06 00:14:00+00:00,6940.75,6941.25,6940.5,6940.5,99,6940.7,41,MESH6
2026-01-06 00:15:00+00:00,6940.5,6941.0,6940.5,6940.75,58,6940.575,27,MESH6
2026-01-06 00:16:00+00:00,6940.75,6941.0,6940.5,6941.0,63,6940.825,29,MESH6
2026-01-06 00:17:00+00:00,6941.0,6941.5,6940.75,6941.5,39,6941.225,22,MESH6
2026-01-06 00:18:00+00:00,6941.5,6941.75,6940.75,6940.75,68,6941.225,25,MESH6
2026-01-06 00:19:00+00:00,6941.0,6941.25,6940.5,6941.25,25,6940.85,19,MESH6
2026-01-06 00:20:00+00:00,6941.0,6941.0,6940.75,6941.0,43,6940.825,17,MESH6
2026-01-06 00:21:00+00:00,6941.25,6942.75,6941.25,6942.5,163,6942.1,67,MESH6
2026-01-06 00:22:00+00:00,6942.5,6943.0,6942.25,6942.75,77,6942.6,44,MESH6
2026-01-06 00:23:00+00:00,6942.5,6943.25,6942.5,6943.25,155,6942.825,56,MESH6
2026-01-06 00:24:00+00:00,6943.0,6943.25,6942.25,6942.5,75,6942.8,40,MESH6
2026-01-06 00:25:00+00:00,6942.5,6942.75,6942.0,6942.5,72,6942.45,28,MESH6
2026-01-06 00:26:00+00:00,6942.25,6942.25,6941.75,6942.0,92,6941.975,35,MESH6
2026-01-06 00:27:00+00:00,6942.0,6942.75,6942.0,6942.75,82,6942.5,30,MESH6
2026-01-06 00:28:00+00:00,6942.75,6943.0,6942.5,6942.75,78,6942.85,28,MESH6
2026-01-06 00:29:00+00:00,6943.0,6943.5,6942.75,6943.25,71,6943.15,32,MESH6
2026-01-06 00:30:00+00:00,6943.25,6943.75,6942.75,6942.75,104,6943.3,50,MESH6
2026-01-06 00:31:00+00:00,6942.75,6943.0,6942.5,6943.0,77,6942.9,20,MESH6
2026-01-06 00:32:00+00:00,6943.25,6943.25,6942.25,6942.25,60,6942.625,22,MESH6
2026-01-06 00:33:00+00:00,6942.25,6942.75,6942.0,6942.75,101,6942.475,35,MESH6
2026-01-06 00:34:00+00:00,6942.75,6942.75,6942.25,6942.25,37,6942.45,12,MESH6
2026-01-06 00:35:00+00:00,6942.0,6942.5,6941.75,6941.75,48,6942.2,23,MESH6
2026-01-06 00:36:00+00:00,6942.0,6942.0,6940.5,6941.0,202,6941.2,85,MESH6
2026-01-06 00:37:00+00:00,6940.75,6941.0,6940.0,6940.5,142,6940.375,54,MESH6
2026-01-06 00:38:00+00:00,6940.5,6940.75,6940.25,6940.25,44,6940.575,27,MESH6
2026-01-06 00:39:00+00:00,6940.5,6940.5,6940.25,6940.25,102,6940.375,26,MESH6
2026-01-06 00:40:00+00:00,6940.25,6940.75,6940.0,6940.5,63,6940.275,29,MESH6
2026-01-06 00:41:00+00:00,6940.25,6940.5,6940.25,6940.25,45,6940.375,21,MESH6
2026-01-06 00:42:00+00:00,6940.25,6940.5,6939.5,6940.0,254,6940.0,90,MESH6
2026-01-06 00:43:00+00:00,6940.0,6940.5,6939.5,6940.25,90,6939.925,54,MESH6
2026-01-06 00:44:00+00:00,6940.5,6940.75,6940.25,6940.75,72,6940.525,31,MESH6
2026-01-06 00:45:00+00:00,6940.75,6941.5,6940.75,6941.25,126,6941.125,40,MESH6
2026-01-06 00:46:00+00:00,6941.0,6941.25,6940.5,6941.25,69,6941.05,30,MESH6
2026-01-06 00:47:00+00:00,6941.25,6941.25,6941.0,6941.0,8,6941.075,5,MESH6
2026-01-06 00:48:00+00:00,6941.25,6941.5,6941.25,6941.25,38,6941.325,19,MESH6
2026-01-06 00:49:00+00:00,6941.25,6941.25,6940.75,6941.0,25,6941.025,13,MESH6
2026-01-06 00:50:00+00:00,6941.0,6941.0,6940.75,6940.75,21,6940.925,14,MESH6
2026-01-06 00:51:00+00:00,6940.5,6940.5,6940.25,6940.25,38,6940.425,11,MESH6
2026-01-06 00:52:00+00:00,6940.5,6941.0,6940.25,6940.75,37,6940.65,15,MESH6
2026-01-06 00:53:00+00:00,6940.5,6940.75,6940.25,6940.75,21,6940.55,11,MESH6
2026-01-06 00:54:00+00:00,6940.75,6941.5,6940.5,6941.5,54,6941.25,20,MESH6
2026-01-06 00:55:00+00:00,6941.5,6941.5,6941.0,6941.0,51,6941.15,23,MESH6
2026-01-06 00:56:00+00:00,6941.0,6941.25,6940.75,6940.75,65,6940.875,20,MESH6
2026-01-06 00:57:00+00:00,6940.75,6941.0,6940.75,6941.0,41,6940.85,9,MESH6
2026-01-06 00:58:00+00:00,6941.5,6941.75,6941.25,6941.5,46,6941.575,26,MESH6
2026-01-06 00:59:00+00:00,6941.5,6941.75,6941.25,6941.25,49,6941.5,17,MESH6
2026-01-06 01:00:00+00:00,6941.5,6942.0,6940.25,6941.25,166,6941.125,58,MESH6
2026-01-06 01:01:00+00:00,6941.0,6942.75,6940.75,6942.25,303,6942.075,111,MESH6
2026-01-06 01:02:00+00:00,6942.25,6942.5,6942.0,6942.5,68,6942.3,35,MESH6
2026-01-06 01:03:00+00:00,6942.5,6942.75,6942.25,6942.75,79,6942.55,45,MESH6
2026-01-06 01:04:00+00:00,6942.75,6943.0,6942.0,6942.25,112,6942.6,49,MESH6
2026-01-06 01:05:00+00:00,6942.25,6943.25,6942.25,6942.75,141,6942.975,42,MESH6
2026-01-06 01:06:00+00:00,6942.75,6943.5,6942.25,6943.5,149,6942.875,55,MESH6
2026-01-06 01:07:00+00:00,6943.25,6943.5,6942.25,6942.75,121,6943.0,46,MESH6
2026-01-06 01:08:00+00:00,6942.5,6943.0,6941.5,6942.75,202,6942.075,59,MESH6
2026-01-06 01:09:00+00:00,6942.75,6942.75,6941.5,6941.75,87,6942.15,50,MESH6
2026-01-06 01:10:00+00:00,6941.75,6942.25,6941.5,6942.25,91,6941.925,40,MESH6
2026-01-06 01:11:00+00:00,6942.0,6942.75,6942.0,6942.75,91,6942.2,36,MESH6
2026-01-06 01:12:00+00:00,6942.75,6944.0,6942.75,6943.25,166,6943.5,75,MESH6
2026-01-06 01:13:00+00:00,6943.25,6944.5,6943.25,6944.25,189,6944.0,82,MESH6
2026-01-06 01:14:00+00:00,6944.25,6944.5,6942.75,6942.75,288,6943.65,88,MESH6
2026-01-06 01:15:00+00:00,6943.0,6943.0,6942.0,6942.25,270,6942.525,84,MESH6
2026-01-06 01:16:00+00:00,6942.5,6942.75,6942.25,6942.75,86,6942.45,33,MESH6
2026-01-06 01:17:00+00:00,6943.0,6943.5,6943.0,6943.5,72,6943.25,26,MESH6
2026-01-06 01:18:00+00:00,6943.25,6944.75,6943.25,6944.5,201,6944.075,56,MESH6
2026-01-06 01:19:00+00:00,6944.5,6945.5,6944.5,6945.25,360,6945.15,159,MESH6
2026-01-06 01:20:00+00:00,6945.25,6945.75,6945.0,6945.5,171,6945.525,76,MESH6
2026-01-06 01:21:00+00:00,6946.0,6947.0,6946.0,6946.5,302,6946.5,157,MESH6
2026-01-06 01:22:00+00:00,6946.75,6946.75,6945.25,6945.5,218,6946.25,69,MESH6
2026-01-06 01:23:00+00:00,6945.5,6945.75,6945.0,6945.5,128,6945.425,40,MESH6
2026-01-06 01:24:00+00:00,6945.5,6946.75,6945.25,6946.5,98,6946.1,57,MESH6
2026-01-06 01:25:00+00:00,6946.75,6947.5,6946.5,6947.5,172,6947.025,82,MESH6
2026-01-06 01:26:00+00:00,6947.5,6947.75,6947.0,6947.25,131,6947.4,64,MESH6
2026-01-06 01:27:00+00:00,6947.25,6947.5,6946.75,6947.25,89,6947.1,40,MESH6
2026-01-06 01:28:00+00:00,6947.25,6948.25,6947.0,6948.0,198,6947.7,59,MESH6
2026-01-06 01:29:00+00:00,6948.0,6948.5,6947.5,6947.5,161,6948.025,77,MESH6
2026-01-06 01:30:00+00:00,6947.25,6947.75,6947.25,6947.75,101,6947.45,58,MESH6
2026-01-06 01:31:00+00:00,6947.75,6948.0,6947.5,6947.75,146,6947.8,64,MESH6
2026-01-06 01:32:00+00:00,6947.75,6948.25,6947.75,6948.0,142,6947.975,59,MESH6
2026-01-06 01:33:00+00:00,6948.0,6948.5,6948.0,6948.25,86,6948.25,41,MESH6
2026-01-06 01:34:00+00:00,6948.25,6948.25,6947.75,6948.0,35,6947.95,26,MESH6
2026-01-06 01:35:00+00:00,6948.0,6948.5,6947.25,6948.0,242,6948.0,63,MESH6
2026-01-06 01:36:00+00:00,6948.0,6948.25,6947.75,6948.0,148,6947.925,38,MESH6
2026-01-06 01:37:00+00:00,6948.25,6948.25,6947.25,6947.5,78,6947.575,45,MESH6
2026-01-06 01:38:00+00:00,6947.75,6948.0,6947.25,6947.25,64,6947.65,33,MESH6
2026-01-06 01:39:00+00:00,6947.25,6947.75,6947.25,6947.75,103,6947.375,33,MESH6
2026-01-06 01:40:00+00:00,6947.5,6948.25,6947.25,6947.75,96,6947.775,30,MESH6
2026-01-06 01:41:00+00:00,6947.75,6948.75,6947.75,6948.5,111,6948.4,41,MESH6
2026-01-06 01:42:00+00:00,6948.25,6948.5,6947.25,6947.75,158,6947.825,54,MESH6
2026-01-06 01:43:00+00:00,6948.0,6948.0,6947.25,6947.5,46,6947.5,25,MESH6
2026-01-06 01:44:00+00:00,6947.25,6947.5,6947.25,6947.25,37,6947.325,21,MESH6
2026-01-06 01:45:00+00:00,6947.5,6948.0,6947.25,6948.0,95,6947.65,40,MESH6
2026-01-06 01:46:00+00:00,6948.0,6948.5,6948.0,6948.25,63,6948.1,30,MESH6
2026-01-06 01:47:00+00:00,6948.25,6948.75,6947.75,6948.5,98,6948.425,38,MESH6
2026-01-06 01:48:00+00:00,6948.75,6948.75,6948.25,6948.25,58,6948.5,25,MESH6
2026-01-06 01:49:00+00:00,6948.0,6948.25,6947.75,6948.0,56,6948.0,19,MESH6
2026-01-06 01:50:00+00:00,6948.0,6948.0,6947.5,6947.75,29,6947.8,14,MESH6
2026-01-06 01:51:00+00:00,6947.75,6948.0,6947.25,6947.5,73,6947.65,33,MESH6
2026-01-06 01:52:00+00:00,6947.75,6947.75,6947.5,6947.75,36,6947.75,7,MESH6
2026-01-06 01:53:00+00:00,6948.0,6948.0,6947.25,6947.5,48,6947.6,18,MESH6
2026-01-06 01:54:00+00:00,6947.75,6948.5,6947.75,6948.0,43,6948.125,15,MESH6
2026-01-06 01:55:00+00:00,6948.25,6948.25,6948.0,6948.0,32,6948.075,12,MESH6
2026-01-06 01:56:00+00:00,6948.25,6948.5,6948.0,6948.25,37,6948.225,15,MESH6
2026-01-06 01:57:00+00:00,6948.25,6948.25,6948.0,6948.25,52,6948.225,20,MESH6
2026-01-06 01:58:00+00:00,6948.5,6948.75,6948.0,6948.0,44,6948.375,30,MESH6
2026-01-06 01:59:00+00:00,6947.75,6948.0,6947.75,6947.75,78,6947.875,25,MESH6
2026-01-06 02:00:00+00:00,6947.75,6948.5,6947.5,6948.5,69,6947.8,28,MESH6
2026-01-06 02:01:00+00:00,6948.75,6949.0,6948.25,6949.0,104,6948.75,51,MESH6
2026-01-06 02:02:00+00:00,6949.0,6949.0,6948.25,6948.5,89,6948.475,28,MESH6
2026-01-06 02:03:00+00:00,6948.5,6948.75,6948.25,6948.5,205,6948.45,38,MESH6
2026-01-06 02:04:00+00:00,6948.25,6948.5,6948.0,6948.5,72,6948.225,21,MESH6
2026-01-06 02:05:00+00:00,6948.0,6949.0,6948.0,6949.0,71,6948.325,28,MESH6
2026-01-06 02:06:00+00:00,6949.0,6949.0,6948.25,6948.75,94,6948.65,35,MESH6
2026-01-06 02:07:00+00:00,6948.5,6948.75,6947.5,6948.0,172,6947.9,58,MESH6
2026-01-06 02:08:00+00:00,6948.0,6948.0,6947.25,6947.5,108,6947.6,42,MESH6
2026-01-06 02:09:00+00:00,6947.5,6947.5,6947.25,6947.25,106,6947.35,48,MESH6
2026-01-06 02:10:00+00:00,6947.25,6947.75,6947.0,6947.0,98,6947.3,44,MESH6
2026-01-06 02:11:00+00:00,6947.0,6947.5,6947.0,6947.25,106,6947.25,37,MESH6
2026-01-06 02:12:00+00:00,6947.0,6947.5,6947.0,6947.0,74,6947.2,30,MESH6
2026-01-06 02:13:00+00:00,6947.0,6947.0,6946.75,6947.0,133,6946.85,47,MESH6
2026-01-06 02:14:00+00:00,6946.75,6947.0,6946.5,6946.5,131,6946.65,52,MESH6
2026-01-06 02:15:00+00:00,6946.5,6947.0,6946.5,6946.5,61,6946.65,31,MESH6
2026-01-06 02:16:00+00:00,6946.5,6947.0,6946.25,6946.75,70,6946.575,29,MESH6
2026-01-06 02:17:00+00:00,6946.75,6947.25,6946.5,6946.75,67,6946.9,28,MESH6
2026-01-06 02:18:00+00:00,6946.75,6946.75,6946.25,6946.25,60,6946.6,23,MESH6
2026-01-06 02:19:00+00:00,6946.5,6947.25,6946.5,6947.0,78,6946.85,25,MESH6
2026-01-06 02:20:00+00:00,6947.0,6947.5,6946.75,6947.25,56,6947.075,21,MESH6
2026-01-06 02:21:00+00:00,6947.25,6947.5,6946.75,6947.5,114,6947.2,27,MESH6
2026-01-06 02:22:00+00:00,6947.75,6948.25,6947.5,6948.25,133,6947.9,56,MESH6
2026-01-06 02:23:00+00:00,6948.25,6948.5,6948.0,6948.5,78,6948.2,36,MESH6
2026-01-06 02:24:00+00:00,6948.5,6948.5,6948.0,6948.25,81,6948.45,23,MESH6
2026-01-06 02:25:00+00:00,6948.25,6948.5,6948.25,6948.5,110,6948.4,31,MESH6
2026-01-06 02:26:00+00:00,6948.25,6948.75,6948.0,6948.75,76,6948.425,25,MESH6
2026-01-06 02:27:00+00:00,6948.75,6949.0,6948.5,6948.75,147,6948.775,54,MESH6
2026-01-06 02:28:00+00:00,6948.5,6949.0,6948.5,6948.5,41,6948.75,25,MESH6
2026-01-06 02:29:00+00:00,6948.5,6948.75,6948.25,6948.25,54,6948.7,27,MESH6
2026-01-06 02:30:00+00:00,6948.5,6949.0,6948.25,6949.0,122,6948.525,30,MESH6
2026-01-06 02:31:00+00:00,6948.75,6949.0,6948.5,6948.75,92,6948.8,36,MESH6
2026-01-06 02:32:00+00:00,6949.0,6949.25,6948.5,6949.0,115,6949.05,54,MESH6
2026-01-06 02:33:00+00:00,6949.0,6949.5,6949.0,6949.25,172,6949.225,46,MESH6
2026-01-06 02:34:00+00:00,6949.25,6949.25,6947.5,6947.75,178,6948.05,45,MESH6
2026-01-06 02:35:00+00:00,6947.75,6948.5,6947.5,6948.5,135,6947.8,43,MESH6
2026-01-06 02:36:00+00:00,6948.75,6949.0,6948.75,6949.0,83,6948.825,33,MESH6
2026-01-06 02:37:00+00:00,6949.0,6949.75,6948.5,6949.5,125,6949.175,43,MESH6
2026-01-06 02:38:00+00:00,6949.25,6950.0,6949.25,6949.75,201,6949.775,71,MESH6
2026-01-06 02:39:00+00:00,6950.0,6950.25,6949.75,6950.0,140,6950.025,54,MESH6
2026-01-06 02:40:00+00:00,6950.0,6950.0,6949.5,6949.5,96,6949.875,38,MESH6
2026-01-06 02:41:00+00:00,6949.75,6950.5,6949.5,6950.0,166,6950.3,57,MESH6
2026-01-06 02:42:00+00:00,6950.0,6950.25,6949.75,6949.75,50,6949.925,30,MESH6
2026-01-06 02:43:00+00:00,6949.75,6950.0,6949.5,6949.5,36,6949.75,19,MESH6
2026-01-06 02:44:00+00:00,6949.75,6950.0,6949.5,6949.75,58,6949.9,14,MESH6
2026-01-06 02:45:00+00:00,6950.0,6950.0,6949.5,6949.5,89,6949.6,21,MESH6
2026-01-06 02:46:00+00:00,6949.5,6949.75,6949.25,6949.5,80,6949.475,28,MESH6
2026-01-06 02:47:00+00:00,6949.5,6950.25,6949.5,6950.25,147,6949.825,35,MESH6
2026-01-06 02:48:00+00:00,6950.0,6951.0,6950.0,6950.75,178,6950.625,59,MESH6
2026-01-06 02:49:00+00:00,6951.0,6951.25,6951.0,6951.0,210,6951.125,69,MESH6
2026-01-06 02:50:00+00:00,6951.0,6951.25,6950.75,6951.25,152,6951.025,42,MESH6
2026-01-06 02:51:00+00:00,6951.25,6951.5,6951.0,6951.25,103,6951.3,39,MESH6
2026-01-06 02:52:00+00:00,6951.0,6951.25,6950.5,6950.75,59,6950.925,22,MESH6
2026-01-06 02:53:00+00:00,6950.5,6951.0,6950.5,6951.0,38,6950.8,19,MESH6
2026-01-06 02:54:00+00:00,6950.75,6951.0,6950.75,6950.75,37,6950.875,16,MESH6
2026-01-06 02:55:00+00:00,6951.0,6951.0,6950.5,6950.75,24,6950.875,16,MESH6
2026-01-06 02:56:00+00:00,6951.0,6951.5,6951.0,6951.0,70,6951.225,20,MESH6
2026-01-06 02:57:00+00:00,6950.75,6951.25,6950.75,6951.25,52,6950.925,18,MESH6
2026-01-06 02:58:00+00:00,6951.25,6951.25,6950.75,6950.75,37,6950.9,16,MESH6
2026-01-06 02:59:00+00:00,6950.75,6951.25,6950.5,6951.25,61,6950.875,19,MESH6
2026-01-06 03:00:00+00:00,6951.25,6951.5,6951.0,6951.25,110,6951.25,40,MESH6
2026-01-06 03:01:00+00:00,6951.25,6951.5,6950.5,6950.5,102,6950.975,44,MESH6
2026-01-06 03:02:00+00:00,6950.5,6951.25,6950.5,6951.0,41,6950.775,25,MESH6
2026-01-06 03:03:00+00:00,6951.0,6951.25,6951.0,6951.0,55,6951.125,22,MESH6
2026-01-06 03:04:00+00:00,6951.25,6951.25,6950.75,6951.0,50,6951.025,20,MESH6
2026-01-06 03:05:00+00:00,6951.0,6951.0,6950.75,6950.75,20,6950.875,12,MESH6
2026-01-06 03:06:00+00:00,6951.0,6951.25,6950.5,6950.5,59,6951.075,20,MESH6
2026-01-06 03:07:00+00:00,6950.5,6950.75,6950.25,6950.5,74,6950.525,32,MESH6
2026-01-06 03:08:00+00:00,6950.5,6950.75,6950.5,6950.5,33,6950.525,17,MESH6
2026-01-06 03:09:00+00:00,6950.5,6950.75,6950.5,6950.5,96,6950.6,33,MESH6
2026-01-06 03:10:00+00:00,6950.5,6950.5,6950.25,6950.25,17,6950.275,15,MESH6
2026-01-06 03:11:00+00:00,6950.5,6950.5,6950.0,6950.5,91,6950.25,23,MESH6
2026-01-06 03:12:00+00:00,6950.25,6951.25,6950.25,6951.25,56,6950.675,20,MESH6
2026-01-06 03:13:00+00:00,6951.25,6951.5,6951.0,6951.5,139,6951.325,42,MESH6
2026-01-06 03:14:00+00:00,6951.25,6951.5,6951.0,6951.25,149,6951.375,44,MESH6
2026-01-06 03:15:00+00:00,6951.0,6951.5,6951.0,6951.0,67,6951.25,23,MESH6
2026-01-06 03:16:00+00:00,6951.0,6951.25,6951.0,6951.25,19,6951.025,6,MESH6
2026-01-06 03:17:00+00:00,6951.25,6951.25,6950.75,6950.75,28,6950.975,15,MESH6
2026-01-06 03:18:00+00:00,6951.0,6951.0,6950.75,6950.75,26,6950.925,16,MESH6
2026-01-06 03:19:00+00:00,6951.0,6951.0,6950.5,6950.5,60,6950.85,20,MESH6
2026-01-06 03:20:00+00:00,6950.5,6950.75,6950.5,6950.75,27,6950.6,14,MESH6
2026-01-06 03:21:00+00:00,6950.5,6950.5,6950.0,6950.25,67,6950.2,38,MESH6
2026-01-06 03:22:00+00:00,6950.5,6950.5,6950.25,6950.5,61,6950.35,23,MESH6
2026-01-06 03:23:00+00:00,6950.75,6950.75,6950.25,6950.75,48,6950.65,19,MESH6
2026-01-06 03:24:00+00:00,6950.75,6950.75,6950.0,6950.75,49,6950.575,20,MESH6
2026-01-06 03:25:00+00:00,6950.75,6951.0,6950.5,6950.5,105,6950.8,21,MESH6
2026-01-06 03:26:00+00:00,6950.75,6951.0,6950.5,6950.75,22,6950.75,11,MESH6
2026-01-06 03:27:00+00:00,6950.75,6951.0,6950.75,6950.75,12,6950.825,9,MESH6
2026-01-06 03:28:00+00:00,6950.75,6950.75,6950.75,6950.75,24,6950.75,10,MESH6
2026-01-06 03:29:00+00:00,6950.75,6951.0,6950.5,6950.75,61,6950.725,17,MESH6
2026-01-06 03:30:00+00:00,6951.0,6951.0,6950.5,6950.75,66,6950.775,17,MESH6
2026-01-06 03:31:00+00:00,6950.75,6951.5,6950.75,6951.5,64,6951.05,32,MESH6
2026-01-06 03:32:00+00:00,6951.25,6951.5,6951.25,6951.25,56,6951.25,21,MESH6
2026-01-06 03:33:00+00:00,6951.25,6951.25,6951.0,6951.25,17,6951.225,10,MESH6
2026-01-06 03:34:00+00:00,6951.25,6951.5,6951.25,6951.5,46,6951.375,17,MESH6
2026-01-06 03:35:00+00:00,6951.25,6951.25,6951.0,6951.25,14,6951.175,8,MESH6
2026-01-06 03:36:00+00:00,6951.25,6951.75,6951.25,6951.5,95,6951.55,31,MESH6
2026-01-06 03:37:00+00:00,6951.75,6952.0,6951.5,6951.5,109,6951.7,46,MESH6
2026-01-06 03:38:00+00:00,6951.75,6952.0,6951.25,6951.25,45,6951.7,20,MESH6
2026-01-06 03:39:00+00:00,6951.5,6951.75,6951.25,6951.5,25,6951.45,13,MESH6
2026-01-06 03:40:00+00:00,6951.25,6951.75,6951.25,6951.5,26,6951.425,16,MESH6
2026-01-06 03:41:00+00:00,6951.5,6951.75,6951.5,6951.75,8,6951.575,8,MESH6
2026-01-06 03:42:00+00:00,6951.5,6952.0,6951.5,6951.75,57,6951.85,20,MESH6
2026-01-06 03:43:00+00:00,6951.75,6951.75,6951.5,6951.75,38,6951.725,14,MESH6
2026-01-06 03:44:00+00:00,6951.75,6952.0,6951.5,6951.75,37,6951.75,14,MESH6
2026-01-06 03:45:00+00:00,6951.5,6951.75,6951.25,6951.25,39,6951.525,16,MESH6
2026-01-06 03:46:00+00:00,6951.25,6951.25,6951.0,6951.0,19,6951.2,14,MESH6
2026-01-06 03:47:00+00:00,6951.0,6951.5,6951.0,6951.25,20,6951.1,14,MESH6
2026-01-06 03:48:00+00:00,6951.25,6951.25,6950.75,6950.75,25,6950.9,14,MESH6
2026-01-06 03:49:00+00:00,6951.0,6951.0,6950.0,6950.5,213,6950.325,73,MESH6
2026-01-06 03:50:00+00:00,6950.5,6950.5,6950.25,6950.5,79,6950.35,26,MESH6
2026-01-06 03:51:00+00:00,6950.75,6950.75,6950.25,6950.25,68,6950.325,18,MESH6
2026-01-06 03:52:00+00:00,6950.25,6950.75,6950.25,6950.75,26,6950.525,13,MESH6
2026-01-06 03:53:00+00:00,6950.5,6950.75,6950.25,6950.75,21,6950.475,9,MESH6
2026-01-06 03:54:00+00:00,6950.5,6950.75,6950.25,6950.25,68,6950.5,22,MESH6
2026-01-06 03:55:00+00:00,6950.5,6951.0,6950.5,6951.0,25,6950.7,11,MESH6
2026-01-06 03:56:00+00:00,6951.25,6951.5,6951.0,6951.25,43,6951.25,18,MESH6
2026-01-06 03:57:00+00:00,6951.0,6951.0,6950.75,6950.75,47,6950.925,19,MESH6
2026-01-06 03:58:00+00:00,6951.0,6951.25,6951.0,6951.0,15,6951.025,8,MESH6
2026-01-06 03:59:00+00:00,6951.25,6951.25,6950.75,6951.0,23,6951.0,9,MESH6
2026-01-06 04:00:00+00:00,6951.0,6951.5,6950.75,6951.5,40,6951.075,22,MESH6
2026-01-06 04:01:00+00:00,6951.5,6951.75,6951.25,6951.5,33,6951.525,15,MESH6
2026-01-06 04:02:00+00:00,6951.75,6953.5,6951.75,6953.0,575,6952.625,151,MESH6
2026-01-06 04:03:00+00:00,6953.0,6953.5,6952.25,6952.5,135,6952.825,47,MESH6
2026-01-06 04:04:00+00:00,6952.25,6952.75,6952.0,6952.0,60,6952.3,25,MESH6
2026-01-06 04:05:00+00:00,6952.25,6952.75,6952.25,6952.75,41,6952.525,18,MESH6
2026-01-06 04:06:00+00:00,6952.75,6953.25,6952.5,6953.0,36,6952.95,16,MESH6
2026-01-06 04:07:00+00:00,6953.25,6953.25,6952.0,6952.25,93,6952.4,34,MESH6
2026-01-06 04:08:00+00:00,6952.25,6952.75,6952.25,6952.75,49,6952.575,8,MESH6
2026-01-06 04:09:00+00:00,6952.75,6953.0,6952.75,6952.75,39,6952.95,9,MESH6
2026-01-06 04:10:00+00:00,6953.0,6953.5,6953.0,6953.25,205,6953.225,45,MESH6
2026-01-06 04:11:00+00:00,6953.25,6953.5,6953.0,6953.5,91,6953.3,23,MESH6
2026-01-06 04:12:00+00:00,6953.5,6953.5,6953.0,6953.5,44,6953.275,20,MESH6
2026-01-06 04:13:00+00:00,6953.5,6953.5,6953.25,6953.5,233,6953.4,42,MESH6
2026-01-06 04:14:00+00:00,6953.5,6954.0,6953.25,6953.25,130,6953.7,36,MESH6
2026-01-06 04:15:00+00:00,6953.5,6953.5,6952.75,6953.0,65,6953.05,23,MESH6
2026-01-06 04:16:00+00:00,6953.25,6953.5,6953.0,6953.25,45,6953.275,14,MESH6
2026-01-06 04:17:00+00:00,6953.5,6953.75,6953.25,6953.25,108,6953.5,30,MESH6
2026-01-06 04:18:00+00:00,6953.5,6953.75,6953.25,6953.5,29,6953.5,14,MESH6
2026-01-06 04:19:00+00:00,6953.75,6953.75,6953.25,6953.5,21,6953.5,10,MESH6
2026-01-06 04:20:00+00:00,6953.25,6953.75,6953.25,6953.25,19,6953.35,13,MESH6
2026-01-06 04:21:00+00:00,6953.25,6953.5,6953.25,6953.25,36,6953.475,19,MESH6
2026-01-06 04:22:00+00:00,6953.25,6953.5,6953.25,6953.25,10,6953.3,8,MESH6
2026-01-06 04:23:00+00:00,6953.25,6953.5,6953.0,6953.25,26,6953.25,12,MESH6
2026-01-06 04:24:00+00:00,6953.25,6953.5,6953.25,6953.25,57,6953.275,19,MESH6
2026-01-06 04:25:00+00:00,6953.5,6953.5,6953.25,6953.25,35,6953.425,12,MESH6
2026-01-06 04:26:00+00:00,6953.25,6953.75,6953.25,6953.5,29,6953.475,12,MESH6
2026-01-06 04:27:00+00:00,6953.5,6953.75,6953.5,6953.75,9,6953.725,8,MESH6
2026-01-06 04:28:00+00:00,6953.75,6953.75,6953.25,6953.5,12,6953.675,8,MESH6
2026-01-06 04:29:00+00:00,6953.75,6954.0,6953.75,6954.0,73,6953.975,14,MESH6
2026-01-06 04:30:00+00:00,6953.75,6954.5,6953.75,6954.25,333,6954.225,67,MESH6
2026-01-06 04:31:00+00:00,6954.5,6954.5,6954.25,6954.25,52,6954.25,11,MESH6
2026-01-06 04:32:00+00:00,6954.25,6954.75,6954.25,6954.25,188,6954.525,52,MESH6
2026-01-06 04:33:00+00:00,6954.25,6954.25,6953.25,6953.25,111,6953.725,39,MESH6
2026-01-06 04:34:00+00:00,6953.25,6953.75,6953.0,6953.25,134,6953.375,35,MESH6
2026-01-06 04:35:00+00:00,6953.0,6953.5,6952.5,6952.75,138,6953.125,32,MESH6
2026-01-06 04:36:00+00:00,6952.75,6953.25,6952.75,6953.25,80,6953.05,24,MESH6
2026-01-06 04:37:00+00:00,6953.5,6953.75,6953.5,6953.5,85,6953.65,25,MESH6
2026-01-06 04:38:00+00:00,6953.25,6953.25,6953.0,6953.25,19,6953.225,12,MESH6
2026-01-06 04:39:00+00:00,6953.25,6953.75,6953.0,6953.5,55,6953.225,26,MESH6
2026-01-06 04:40:00+00:00,6953.5,6953.75,6953.25,6953.5,27,6953.6,14,MESH6
2026-01-06 04:41:00+00:00,6953.25,6953.5,6953.0,6953.0,14,6953.275,8,MESH6
2026-01-06 04:42:00+00:00,6953.0,6953.0,6952.75,6953.0,51,6952.95,14,MESH6
2026-01-06 04:43:00+00:00,6953.0,6953.25,6953.0,6953.25,25,6953.05,11,MESH6
2026-01-06 04:44:00+00:00,6953.5,6953.5,6953.25,6953.5,16,6953.475,8,MESH6
2026-01-06 04:45:00+00:00,6953.25,6953.5,6953.25,6953.25,16,6953.275,7,MESH6
2026-01-06 04:46:00+00:00,6953.25,6953.25,6952.75,6953.0,19,6953.05,11,MESH6
2026-01-06 04:47:00+00:00,6953.0,6953.0,6952.75,6953.0,16,6952.85,9,MESH6
2026-01-06 04:48:00+00:00,6953.25,6953.25,6953.25,6953.25,24,6953.25,14,MESH6
2026-01-06 04:49:00+00:00,6953.25,6953.75,6953.25,6953.75,30,6953.6,11,MESH6
2026-01-06 04:50:00+00:00,6953.5,6953.5,6952.75,6953.0,35,6953.05,12,MESH6
2026-01-06 04:51:00+00:00,6953.0,6953.0,6952.5,6953.0,18,6952.725,12,MESH6
2026-01-06 04:52:00+00:00,6953.0,6953.25,6952.75,6953.0,15,6953.025,8,MESH6
2026-01-06 04:53:00+00:00,6953.0,6953.0,6952.75,6953.0,14,6952.8,5,MESH6
2026-01-06 04:54:00+00:00,6953.0,6953.25,6952.75,6953.25,56,6953.125,15,MESH6
2026-01-06 04:55:00+00:00,6953.5,6953.5,6953.25,6953.25,21,6953.275,8,MESH6
2026-01-06 04:56:00+00:00,6953.25,6953.5,6953.25,6953.5,28,6953.35,13,MESH6
2026-01-06 04:57:00+00:00,6953.5,6953.75,6953.5,6953.75,26,6953.575,17,MESH6
2026-01-06 04:58:00+00:00,6953.5,6954.0,6953.5,6954.0,111,6953.8,22,MESH6
2026-01-06 04:59:00+00:00,6954.25,6954.25,6953.75,6954.0,73,6954.1,17,MESH6
2026-01-06 05:00:00+00:00,6954.0,6954.75,6953.75,6954.25,212,6954.475,33,MESH6
2026-01-06 05:01:00+00:00,6954.25,6954.5,6953.75,6953.75,51,6954.175,23,MESH6
2026-01-06 05:02:00+00:00,6954.0,6954.25,6953.75,6954.25,41,6954.075,13,MESH6
2026-01-06 05:03:00+00:00,6954.0,6954.25,6953.5,6953.75,77,6953.825,31,MESH6
2026-01-06 05:04:00+00:00,6953.5,6953.75,6953.5,6953.5,24,6953.55,10,MESH6
2026-01-06 05:05:00+00:00,6953.25,6953.5,6953.0,6953.0,24,6953.225,15,MESH6
2026-01-06 05:06:00+00:00,6953.25,6953.5,6953.0,6953.25,27,6953.3,15,MESH6
2026-01-06 05:07:00+00:00,6953.25,6953.25,6953.0,6953.0,35,6953.225,11,MESH6
2026-01-06 05:08:00+00:00,6953.25,6953.5,6953.25,6953.5,44,6953.45,21,MESH6
2026-01-06 05:09:00+00:00,6953.75,6953.75,6953.25,6953.25,10,6953.5,6,MESH6
2026-01-06 05:10:00+00:00,6953.5,6953.75,6953.25,6953.25,20,6953.575,13,MESH6
2026-01-06 05:11:00+00:00,6953.5,6954.25,6953.5,6954.0,69,6953.9,30,MESH6
2026-01-06 05:12:00+00:00,6954.0,6954.25,6954.0,6954.25,20,6954.2,12,MESH6
2026-01-06 05:13:00+00:00,6954.5,6954.75,6954.25,6954.5,69,6954.6,27,MESH6
2026-01-06 05:14:00+00:00,6954.75,6954.75,6954.5,6954.5,78,6954.625,20,MESH6
2026-01-06 05:15:00+00:00,6954.75,6955.0,6954.5,6954.5,173,6954.8,60,MESH6
2026-01-06 05:16:00+00:00,6954.75,6954.75,6954.25,6954.75,22,6954.5,12,MESH6
2026-01-06 05:17:00+00:00,6954.75,6955.0,6954.5,6955.0,96,6954.675,28,MESH6
2026-01-06 05:18:00+00:00,6954.75,6955.0,6954.75,6954.75,52,6954.875,22,MESH6
2026-01-06 05:19:00+00:00,6954.75,6954.75,6954.5,6954.5,29,6954.575,10,MESH6
2026-01-06 05:20:00+00:00,6954.5,6955.0,6954.5,6954.5,50,6954.625,20,MESH6
2026-01-06 05:21:00+00:00,6954.5,6954.75,6954.5,6954.75,33,6954.725,7,MESH6
2026-01-06 05:22:00+00:00,6954.75,6954.75,6954.5,6954.5,106,6954.575,15,MESH6
2026-01-06 05:23:00+00:00,6954.5,6954.75,6954.5,6954.75,9,6954.675,2,MESH6
2026-01-06 05:24:00+00:00,6954.5,6954.5,6954.25,6954.25,47,6954.475,13,MESH6
2026-01-06 05:25:00+00:00,6954.25,6954.25,6953.75,6954.0,53,6954.075,29,MESH6
2026-01-06 05:26:00+00:00,6954.0,6954.25,6954.0,6954.25,29,6954.15,9,MESH6
2026-01-06 05:27:00+00:00,6954.25,6954.25,6953.75,6954.0,43,6954.0,15,MESH6
2026-01-06 05:28:00+00:00,6953.75,6953.75,6953.25,6953.5,103,6953.6,20,MESH6
2026-01-06 05:29:00+00:00,6953.25,6954.0,6953.25,6953.75,45,6953.75,13,MESH6
2026-01-06 05:30:00+00:00,6953.75,6954.25,6953.75,6953.75,66,6954.025,15,MESH6
2026-01-06 05:31:00+00:00,6954.0,6954.25,6953.75,6954.0,58,6954.075,16,MESH6
2026-01-06 05:32:00+00:00,6954.0,6954.0,6953.75,6953.75,17,6953.95,5,MESH6
2026-01-06 05:33:00+00:00,6954.0,6954.0,6953.5,6953.5,73,6953.825,13,MESH6
2026-01-06 05:34:00+00:00,6953.75,6953.75,6953.5,6953.75,23,6953.575,13,MESH6
2026-01-06 05:35:00+00:00,6953.5,6953.75,6953.25,6953.25,41,6953.45,13,MESH6
2026-01-06 05:36:00+00:00,6953.25,6953.5,6953.25,6953.5,36,6953.475,11,MESH6
2026-01-06 05:37:00+00:00,6953.5,6953.75,6953.5,6953.5,19,6953.525,8,MESH6
2026-01-06 05:38:00+00:00,6953.5,6953.75,6953.25,6953.5,42,6953.525,15,MESH6
2026-01-06 05:39:00+00:00,6953.5,6953.75,6953.5,6953.75,67,6953.5,14,MESH6
2026-01-06 05:40:00+00:00,6953.75,6953.75,6953.5,6953.5,35,6953.7,14,MESH6
2026-01-06 05:41:00+00:00,6953.5,6953.75,6953.5,6953.5,16,6953.625,12,MESH6
2026-01-06 05:42:00+00:00,6953.5,6953.75,6953.25,6953.5,23,6953.5,10,MESH6
2026-01-06 05:43:00+00:00,6953.5,6953.75,6953.25,6953.75,8,6953.625,4,MESH6
2026-01-06 05:44:00+00:00,6953.75,6953.75,6953.0,6953.0,110,6953.175,22,MESH6
2026-01-06 05:45:00+00:00,6952.75,6953.0,6952.5,6952.75,94,6952.725,37,MESH6
2026-01-06 05:46:00+00:00,6952.75,6953.25,6952.5,6953.25,83,6952.7,33,MESH6
2026-01-06 05:47:00+00:00,6953.25,6953.25,6953.0,6953.0,16,6953.1,11,MESH6
2026-01-06 05:48:00+00:00,6953.25,6953.5,6953.0,6953.0,21,6953.2,12,MESH6
2026-01-06 05:49:00+00:00,6952.75,6953.0,6952.75,6953.0,36,6952.925,18,MESH6
2026-01-06 05:50:00+00:00,6953.0,6953.5,6952.75,6952.75,33,6953.05,15,MESH6
2026-01-06 05:51:00+00:00,6952.75,6953.0,6952.75,6953.0,9,6952.775,5,MESH6
2026-01-06 05:52:00+00:00,6953.0,6953.25,6952.75,6952.75,21,6952.95,11,MESH6
2026-01-06 05:53:00+00:00,6953.0,6953.0,6952.75,6952.75,20,6952.875,7,MESH6
2026-01-06 05:54:00+00:00,6952.75,6953.0,6952.75,6953.0,32,6952.85,11,MESH6
2026-01-06 05:55:00+00:00,6953.0,6953.25,6953.0,6953.25,79,6953.225,18,MESH6
2026-01-06 05:56:00+00:00,6953.25,6953.25,6953.0,6953.0,63,6953.125,10,MESH6
2026-01-06 05:57:00+00:00,6953.25,6953.25,6953.25,6953.25,1,6953.25,1,MESH6
2026-01-06 05:58:00+00:00,6953.25,6953.25,6952.75,6953.0,43,6953.0,20,MESH6
2026-01-06 05:59:00+00:00,6953.0,6953.0,6953.0,6953.0,36,6953.0,13,MESH6
2026-01-06 23:00:00+00:00,6989.0,6990.25,6986.75,6989.75,928,6988.575,359,MESH6
2026-01-06 23:01:00+00:00,6990.0,6991.5,6989.5,6991.0,395,6990.65,156,MESH6
2026-01-06 23:02:00+00:00,6991.25,6991.75,6990.25,6990.75,330,6990.925,114,MESH6
2026-01-06 23:03:00+00:00,6990.5,6991.0,6990.0,6990.75,109,6990.6,55,MESH6
2026-01-06 23:04:00+00:00,6990.75,6990.75,6990.0,6990.25,54,6990.25,30,MESH6
2026-01-06 23:05:00+00:00,6990.0,6990.5,6989.25,6989.5,84,6989.775,49,MESH6
2026-01-06 23:06:00+00:00,6989.5,6989.75,6988.25,6988.75,235,6988.775,90,MESH6
2026-01-06 23:07:00+00:00,6989.0,6989.0,6988.5,6989.0,62,6988.825,32,MESH6
2026-01-06 23:08:00+00:00,6988.75,6989.25,6988.5,6989.25,97,6988.825,40,MESH6
2026-01-06 23:09:00+00:00,6989.5,6990.5,6989.25,6989.75,141,6989.925,52,MESH6
2026-01-06 23:10:00+00:00,6989.75,6990.0,6989.25,6989.25,65,6989.7,37,MESH6
2026-01-06 23:11:00+00:00,6989.25,6990.5,6989.25,6990.0,73,6989.925,31,MESH6
2026-01-06 23:12:00+00:00,6989.75,6989.75,6989.25,6989.5,42,6989.5,24,MESH6
2026-01-06 23:13:00+00:00,6989.5,6989.5,6988.5,6989.0,95,6988.975,40,MESH6
2026-01-06 23:14:00+00:00,6989.0,6989.25,6988.25,6988.75,108,6988.65,42,MESH6
2026-01-06 23:15:00+00:00,6988.5,6989.0,6988.25,6989.0,35,6988.725,19,MESH6
2026-01-06 23:16:00+00:00,6988.75,6988.75,6988.25,6988.75,43,6988.475,24,MESH6
2026-01-06 23:17:00+00:00,6988.25,6989.0,6988.25,6988.5,50,6988.475,25,MESH6
2026-01-06 23:18:00+00:00,6988.5,6988.75,6988.25,6988.5,119,6988.475,74,MESH6
2026-01-06 23:19:00+00:00,6988.5,6988.75,6988.25,6988.5,24,6988.5,12,MESH6
2026-01-06 23:20:00+00:00,6988.5,6988.5,6988.25,6988.5,26,6988.425,13,MESH6
2026-01-06 23:21:00+00:00,6988.5,6988.5,6988.0,6988.25,83,6988.275,32,MESH6
2026-01-06 23:22:00+00:00,6988.25,6988.25,6987.25,6987.25,124,6987.75,54,MESH6
2026-01-06 23:23:00+00:00,6987.25,6987.75,6987.0,6987.5,127,6987.35,55,MESH6
2026-01-06 23:24:00+00:00,6987.5,6988.5,6987.5,6988.5,74,6987.975,30,MESH6
2026-01-06 23:25:00+00:00,6988.25,6988.5,6987.75,6988.0,58,6987.975,27,MESH6
2026-01-06 23:26:00+00:00,6988.0,6988.25,6987.75,6988.0,55,6988.0,26,MESH6
2026-01-06 23:27:00+00:00,6987.75,6988.0,6987.25,6987.5,81,6987.575,42,MESH6
2026-01-06 23:28:00+00:00,6987.5,6988.25,6987.5,6988.0,122,6987.875,45,MESH6
2026-01-06 23:29:00+00:00,6988.0,6988.5,6987.75,6988.25,66,6988.225,25,MESH6
2026-01-06 23:30:00+00:00,6988.0,6988.25,6987.5,6988.0,61,6987.875,28,MESH6
2026-01-06 23:31:00+00:00,6988.0,6988.0,6987.25,6987.5,68,6987.65,32,MESH6
2026-01-06 23:32:00+00:00,6987.75,6988.0,6987.5,6987.5,67,6987.75,19,MESH6
2026-01-06 23:33:00+00:00,6987.25,6987.75,6987.0,6987.5,60,6987.325,32,MESH6
2026-01-06 23:34:00+00:00,6987.5,6987.5,6986.75,6987.0,68,6987.05,26,MESH6
2026-01-06 23:35:00+00:00,6987.25,6987.5,6987.0,6987.0,69,6987.175,24,MESH6
2026-01-06 23:36:00+00:00,6987.25,6987.75,6987.0,6987.5,74,6987.475,36,MESH6
2026-01-06 23:37:00+00:00,6987.5,6987.5,6986.75,6986.75,167,6986.875,58,MESH6
2026-01-06 23:38:00+00:00,6987.0,6987.0,6986.75,6986.75,54,6986.875,19,MESH6
2026-01-06 23:39:00+00:00,6986.75,6987.0,6986.5,6986.75,143,6986.8,45,MESH6
2026-01-06 23:40:00+00:00,6986.75,6987.25,6986.75,6987.0,66,6986.925,26,MESH6
2026-01-06 23:41:00+00:00,6987.0,6987.0,6986.75,6986.75,53,6986.9,20,MESH6
2026-01-06 23:42:00+00:00,6986.75,6987.0,6986.5,6986.75,64,6986.725,29,MESH6
2026-01-06 23:43:00+00:00,6986.5,6987.0,6986.25,6986.5,85,6986.5,34,MESH6
2026-01-06 23:44:00+00:00,6986.75,6986.75,6986.25,6986.75,49,6986.5,21,MESH6
2026-01-06 23:45:00+00:00,6986.75,6987.0,6986.5,6987.0,56,6986.75,23,MESH6
2026-01-06 23:46:00+00:00,6987.0,6987.5,6986.75,6987.5,116,6987.05,47,MESH6
2026-01-06 23:47:00+00:00,6987.5,6988.5,6987.5,6987.75,226,6987.975,82,MESH6
2026-01-06 23:48:00+00:00,6988.0,6988.25,6987.25,6987.5,61,6987.8,31,MESH6
2026-01-06 23:49:00+00:00,6987.5,6987.5,6987.0,6987.0,75,6987.225,25,MESH6
2026-01-06 23:50:00+00:00,6986.75,6987.5,6986.75,6987.25,62,6987.125,25,MESH6
2026-01-06 23:51:00+00:00,6987.5,6988.0,6987.25,6987.5,54,6987.6,21,MESH6
2026-01-06 23:52:00+00:00,6987.5,6988.0,6987.5,6987.5,50,6987.575,16,MESH6
2026-01-06 23:53:00+00:00,6987.5,6988.0,6987.25,6988.0,43,6987.775,30,MESH6
2026-01-06 23:54:00+00:00,6987.75,6988.5,6987.5,6988.25,122,6988.2,53,MESH6
2026-01-06 23:55:00+00:00,6988.25,6988.5,6988.0,6988.25,93,6988.15,21,MESH6
2026-01-06 23:56:00+00:00,6988.0,6988.25,6988.0,6988.25,31,6988.1,23,MESH6
2026-01-06 23:57:00+00:00,6988.25,6988.5,6988.0,6988.25,34,6988.25,20,MESH6
2026-01-06 23:58:00+00:00,6988.25,6988.25,6987.0,6987.5,114,6987.475,41,MESH6
2026-01-06 23:59:00+00:00,6987.5,6987.75,6986.75,6986.75,176,6987.1,41,MESH6
2026-01-07 00:00:00+00:00,6987.0,6987.75,6986.25,6986.75,262,6986.775,93,MESH6
2026-01-07 00:01:00+00:00,6987.0,6989.5,6986.75,6988.25,435,6988.375,162,MESH6
2026-01-07 00:02:00+00:00,6988.25,6988.5,6987.75,6988.25,122,6988.175,44,MESH6
2026-01-07 00:03:00+00:00,6988.25,6989.75,6988.25,6989.75,277,6989.325,89,MESH6
2026-01-07 00:04:00+00:00,6989.75,6990.0,6989.0,6989.5,189,6989.625,85,MESH6
2026-01-07 00:05:00+00:00,6989.75,6990.25,6989.25,6990.0,123,6989.825,63,MESH6
2026-01-07 00:06:00+00:00,6990.0,6990.25,6989.25,6989.5,108,6989.85,56,MESH6
2026-01-07 00:07:00+00:00,6989.25,6989.5,6988.5,6988.75,105,6988.875,56,MESH6
2026-01-07 00:08:00+00:00,6988.75,6989.5,6988.75,6988.75,165,6989.1,49,MESH6
2026-01-07 00:09:00+00:00,6988.75,6989.5,6988.75,6989.5,51,6989.075,18,MESH6
2026-01-07 00:10:00+00:00,6989.5,6990.0,6987.5,6988.25,189,6988.75,62,MESH6
2026-01-07 00:11:00+00:00,6988.25,6988.5,6988.0,6988.0,34,6988.175,21,MESH6
2026-01-07 00:12:00+00:00,6988.0,6988.5,6987.25,6987.75,120,6987.8,34,MESH6
2026-01-07 00:13:00+00:00,6987.25,6988.25,6987.25,6988.25,72,6988.025,39,MESH6
2026-01-07 00:14:00+00:00,6988.25,6989.25,6988.25,6988.5,97,6988.9,34,MESH6
2026-01-07 00:15:00+00:00,6988.5,6989.5,6988.5,6988.75,63,6988.9,32,MESH6
2026-01-07 00:16:00+00:00,6988.75,6988.75,6987.75,6988.0,65,6988.2,31,MESH6
2026-01-07 00:17:00+00:00,6988.0,6988.5,6988.0,6988.5,42,6988.25,15,MESH6
2026-01-07 00:18:00+00:00,6988.75,6988.75,6988.0,6988.25,23,6988.4,8,MESH6
2026-01-07 00:19:00+00:00,6988.0,6988.5,6988.0,6988.0,29,6988.375,12,MESH6
2026-01-07 00:20:00+00:00,6988.5,6988.5,6988.0,6988.5,33,6988.35,18,MESH6
2026-01-07 00:21:00+00:00,6988.25,6988.75,6988.0,6988.75,28,6988.25,15,MESH6
2026-01-07 00:22:00+00:00,6988.75,6989.25,6988.5,6988.75,69,6988.95,19,MESH6
2026-01-07 00:23:00+00:00,6988.75,6988.75,6988.5,6988.75,8,6988.7,6,MESH6
2026-01-07 00:24:00+00:00,6989.0,6989.0,6988.5,6988.5,29,6988.6,17,MESH6
2026-01-07 00:25:00+00:00,6988.5,6989.0,6988.5,6988.75,36,6988.725,22,MESH6
2026-01-07 00:26:00+00:00,6989.0,6989.25,6988.75,6988.75,31,6988.9,11,MESH6
2026-01-07 00:27:00+00:00,6988.75,6989.5,6988.25,6989.25,125,6988.925,36,MESH6
2026-01-07 00:28:00+00:00,6989.5,6989.5,6989.0,6989.25,28,6989.2,14,MESH6
2026-01-07 00:29:00+00:00,6989.5,6989.5,6988.75,6989.25,45,6989.15,21,MESH6
2026-01-07 00:30:00+00:00,6989.0,6989.0,6987.75,6987.75,215,6988.375,84,MESH6
2026-01-07 00:31:00+00:00,6988.0,6988.5,6987.0,6987.0,165,6987.825,63,MESH6
2026-01-07 00:32:00+00:00,6987.0,6988.25,6987.0,6987.75,80,6987.65,28,MESH6
2026-01-07 00:33:00+00:00,6987.75,6988.0,6987.5,6988.0,52,6987.6,29,MESH6
2026-01-07 00:34:00+00:00,6987.75,6988.5,6987.25,6988.25,57,6987.825,30,MESH6
2026-01-07 00:35:00+00:00,6988.25,6988.5,6988.0,6988.0,50,6988.25,14,MESH6
2026-01-07 00:36:00+00:00,6987.75,6988.25,6987.75,6988.25,32,6988.125,11,MESH6
2026-01-07 00:37:00+00:00,6988.25,6988.25,6987.75,6987.75,42,6988.0,18,MESH6
2026-01-07 00:38:00+00:00,6987.75,6988.5,6987.75,6987.75,27,6988.075,13,MESH6
2026-01-07 00:39:00+00:00,6987.5,6988.0,6987.5,6987.75,22,6987.725,13,MESH6
2026-01-07 00:40:00+00:00,6988.25,6988.25,6987.5,6988.0,33,6987.95,18,MESH6
2026-01-07 00:41:00+00:00,6987.75,6987.75,6987.25,6987.5,33,6987.425,14,MESH6
2026-01-07 00:42:00+00:00,6987.75,6987.75,6987.25,6987.25,33,6987.575,18,MESH6
2026-01-07 00:43:00+00:00,6987.25,6987.5,6986.75,6987.25,81,6987.1,36,MESH6
2026-01-07 00:44:00+00:00,6987.25,6987.5,6987.0,6987.5,73,6987.275,23,MESH6
2026-01-07 00:45:00+00:00,6987.75,6989.25,6987.25,6988.75,164,6988.45,67,MESH6
2026-01-07 00:46:00+00:00,6989.0,6989.5,6988.75,6989.25,98,6989.125,35,MESH6
2026-01-07 00:47:00+00:00,6989.25,6989.5,6988.5,6988.5,88,6989.1,35,MESH6
2026-01-07 00:48:00+00:00,6988.75,6988.75,6988.0,6988.25,107,6988.575,44,MESH6
2026-01-07 00:49:00+00:00,6988.25,6988.25,6987.75,6988.0,27,6988.025,13,MESH6
2026-01-07 00:50:00+00:00,6988.5,6989.25,6988.25,6989.25,67,6988.7,18,MESH6
2026-01-07 00:51:00+00:00,6989.0,6989.5,6988.75,6988.75,131,6989.175,35,MESH6
2026-01-07 00:52:00+00:00,6988.75,6989.75,6988.75,6989.75,62,6989.4,29,MESH6
2026-01-07 00:53:00+00:00,6989.75,6990.5,6989.5,6990.0,146,6990.075,64,MESH6
2026-01-07 00:54:00+00:00,6989.75,6989.75,6989.75,6989.75,33,6989.75,17,MESH6
2026-01-07 00:55:00+00:00,6990.0,6990.0,6989.25,6989.25,67,6989.55,26,MESH6
2026-01-07 00:56:00+00:00,6989.25,6989.5,6989.25,6989.5,59,6989.45,18,MESH6
2026-01-07 00:57:00+00:00,6989.25,6989.75,6989.25,6989.25,54,6989.35,12,MESH6
2026-01-07 00:58:00+00:00,6989.25,6989.25,6989.25,6989.25,57,6989.25,24,MESH6
2026-01-07 00:59:00+00:00,6989.25,6989.75,6988.25,6988.5,94,6988.85,50,MESH6
2026-01-07 01:00:00+00:00,6988.75,6989.0,6988.25,6988.75,94,6988.6,46,MESH6
2026-01-07 01:01:00+00:00,6988.75,6989.5,6988.25,6988.75,90,6989.025,40,MESH6
2026-01-07 01:02:00+00:00,6989.0,6989.75,6988.75,6989.0,31,6989.225,23,MESH6
2026-01-07 01:03:00+00:00,6989.25,6989.25,6988.5,6988.5,63,6988.875,25,MESH6
2026-01-07 01:04:00+00:00,6988.5,6988.75,6988.0,6988.25,102,6988.325,43,MESH6
2026-01-07 01:05:00+00:00,6988.5,6989.0,6988.5,6989.0,29,6988.675,9,MESH6
2026-01-07 01:06:00+00:00,6989.0,6989.25,6988.25,6988.75,58,6988.975,24,MESH6
2026-01-07 01:07:00+00:00,6989.25,6989.25,6988.75,6988.75,21,6988.775,13,MESH6
2026-01-07 01:08:00+00:00,6989.0,6989.5,6989.0,6989.0,27,6989.275,15,MESH6
2026-01-07 01:09:00+00:00,6989.0,6989.5,6988.75,6988.75,40,6988.975,17,MESH6
2026-01-07 01:10:00+00:00,6989.0,6989.25,6988.75,6989.25,44,6988.925,17,MESH6
2026-01-07 01:11:00+00:00,6989.25,6989.25,6989.0,6989.0,23,6989.05,11,MESH6
2026-01-07 01:12:00+00:00,6989.0,6989.5,6989.0,6989.5,40,6989.35,16,MESH6
2026-01-07 01:13:00+00:00,6989.25,6989.5,6989.0,6989.0,20,6989.25,12,MESH6
2026-01-07 01:14:00+00:00,6989.0,6989.25,6988.75,6989.0,23,6989.0,11,MESH6
2026-01-07 01:15:00+00:00,6988.75,6988.75,6987.25,6987.25,193,6987.9,73,MESH6
2026-01-07 01:16:00+00:00,6987.25,6987.75,6987.0,6987.5,117,6987.325,50,MESH6
2026-01-07 01:17:00+00:00,6987.25,6987.75,6987.25,6987.25,31,6987.4,20,MESH6
2026-01-07 01:18:00+00:00,6987.75,6988.0,6986.75,6987.0,126,6987.175,39,MESH6
2026-01-07 01:19:00+00:00,6987.0,6987.5,6986.75,6987.25,80,6987.175,38,MESH6
2026-01-07 01:20:00+00:00,6987.25,6987.25,6986.0,6986.5,247,6986.425,103,MESH6
2026-01-07 01:21:00+00:00,6986.5,6987.25,6986.25,6987.0,135,6986.625,41,MESH6
2026-01-07 01:22:00+00:00,6987.0,6987.5,6986.5,6987.5,66,6986.9,22,MESH6
2026-01-07 01:23:00+00:00,6987.25,6987.25,6986.75,6987.25,52,6987.0,25,MESH6
2026-01-07 01:24:00+00:00,6987.0,6987.0,6986.75,6986.75,29,6986.85,17,MESH6
2026-01-07 01:25:00+00:00,6986.75,6988.0,6986.75,6987.75,81,6987.475,34,MESH6
2026-01-07 01:26:00+00:00,6987.75,6988.25,6987.25,6987.5,141,6987.975,48,MESH6
2026-01-07 01:27:00+00:00,6987.75,6987.75,6986.5,6987.25,75,6987.025,42,MESH6
2026-01-07 01:28:00+00:00,6987.0,6987.25,6986.75,6986.75,27,6987.0,16,MESH6
2026-01-07 01:29:00+00:00,6987.0,6987.5,6986.75,6987.25,48,6987.125,21,MESH6
2026-01-07 01:30:00+00:00,6987.25,6987.75,6987.0,6987.5,86,6987.5,35,MESH6
2026-01-07 01:31:00+00:00,6987.75,6987.75,6986.75,6987.25,104,6987.25,39,MESH6
2026-01-07 01:32:00+00:00,6987.25,6988.25,6987.25,6988.25,67,6987.675,26,MESH6
2026-01-07 01:33:00+00:00,6988.25,6988.5,6987.75,6988.25,41,6988.275,30,MESH6
2026-01-07 01:34:00+00:00,6988.25,6988.25,6987.75,6988.25,23,6987.975,14,MESH6
2026-01-07 01:35:00+00:00,6988.0,6989.0,6988.0,6989.0,65,6988.4,31,MESH6
2026-01-07 01:36:00+00:00,6989.0,6989.25,6988.0,6988.0,112,6988.95,38,MESH6
2026-01-07 01:37:00+00:00,6988.25,6988.75,6988.25,6988.25,43,6988.325,24,MESH6
2026-01-07 01:38:00+00:00,6988.5,6988.75,6988.25,6988.75,34,6988.6,12,MESH6
2026-01-07 01:39:00+00:00,6988.75,6989.0,6988.5,6988.75,37,6988.775,17,MESH6
2026-01-07 01:40:00+00:00,6988.75,6989.0,6988.75,6988.75,28,6988.95,17,MESH6
2026-01-07 01:41:00+00:00,6988.75,6989.5,6988.75,6989.25,95,6989.075,43,MESH6
2026-01-07 01:42:00+00:00,6988.75,6989.0,6988.0,6988.0,62,6988.6,31,MESH6
2026-01-07 01:43:00+00:00,6988.25,6988.5,6988.0,6988.5,50,6988.275,23,MESH6
2026-01-07 01:44:00+00:00,6988.5,6988.75,6987.75,6988.0,45,6988.175,22,MESH6
2026-01-07 01:45:00+00:00,6987.75,6988.0,6987.25,6988.0,55,6987.575,33,MESH6
2026-01-07 01:46:00+00:00,6987.5,6988.25,6987.5,6988.25,14,6987.875,13,MESH6
2026-01-07 01:47:00+00:00,6988.25,6988.25,6988.0,6988.0,20,6988.075,10,MESH6
2026-01-07 01:48:00+00:00,6988.25,6988.5,6987.75,6988.5,37,6988.175,15,MESH6
2026-01-07 01:49:00+00:00,6988.5,6988.75,6988.25,6988.25,101,6988.675,21,MESH6
2026-01-07 01:50:00+00:00,6988.25,6988.75,6988.25,6988.75,10,6988.425,6,MESH6
2026-01-07 01:51:00+00:00,6989.0,6989.0,6988.25,6988.5,50,6988.8,23,MESH6
2026-01-07 01:52:00+00:00,6988.75,6989.0,6988.25,6988.75,21,6988.7,11,MESH6
2026-01-07 01:53:00+00:00,6989.0,6989.25,6988.5,6988.5,60,6988.775,24,MESH6
2026-01-07 01:54:00+00:00,6988.5,6988.75,6988.0,6988.25,56,6988.375,16,MESH6
2026-01-07 01:55:00+00:00,6988.25,6988.25,6987.5,6987.75,25,6987.85,16,MESH6
2026-01-07 01:56:00+00:00,6987.75,6988.0,6987.25,6987.75,57,6987.825,30,MESH6
2026-01-07 01:57:00+00:00,6988.0,6988.75,6988.0,6988.75,30,6988.4,18,MESH6
2026-01-07 01:58:00+00:00,6988.5,6988.75,6988.0,6988.25,33,6988.5,13,MESH6
2026-01-07 01:59:00+00:00,6988.25,6988.25,6988.0,6988.0,15,6988.225,7,MESH6
2026-01-07 02:00:00+00:00,6988.0,6988.25,6987.5,6988.25,74,6987.925,27,MESH6
2026-01-07 02:01:00+00:00,6988.5,6988.5,6988.0,6988.25,65,6988.225,22,MESH6
2026-01-07 02:02:00+00:00,6988.25,6988.5,6988.0,6988.5,20,6988.35,12,MESH6
2026-01-07 02:03:00+00:00,6988.5,6989.0,6988.5,6988.5,57,6988.775,21,MESH6
2026-01-07 02:04:00+00:00,6988.75,6989.5,6988.75,6989.0,106,6989.1,29,MESH6
2026-01-07 02:05:00+00:00,6989.5,6991.0,6989.25,6990.0,446,6990.25,133,MESH6
2026-01-07 02:06:00+00:00,6990.25,6990.5,6989.25,6989.25,138,6989.975,42,MESH6
2026-01-07 02:07:00+00:00,6989.0,6989.5,6988.5,6988.75,62,6989.025,32,MESH6
2026-01-07 02:08:00+00:00,6988.75,6988.75,6988.25,6988.75,27,6988.575,18,MESH6
2026-01-07 02:09:00+00:00,6988.5,6989.0,6988.5,6988.75,80,6988.65,36,MESH6
2026-01-07 02:10:00+00:00,6988.75,6989.25,6988.75,6989.25,28,6988.95,12,MESH6
2026-01-07 02:11:00+00:00,6989.0,6989.0,6988.75,6988.75,15,6988.8,6,MESH6
2026-01-07 02:12:00+00:00,6988.5,6988.5,6987.75,6988.0,137,6988.15,39,MESH6
2026-01-07 02:13:00+00:00,6988.0,6988.0,6987.5,6987.75,60,6987.775,25,MESH6
2026-01-07 02:14:00+00:00,6987.75,6988.25,6987.5,6988.25,40,6987.675,20,MESH6
2026-01-07 02:15:00+00:00,6988.0,6988.5,6988.0,6988.0,32,6988.125,14,MESH6
2026-01-07 02:16:00+00:00,6988.25,6988.25,6987.75,6988.0,31,6988.05,20,MESH6
2026-01-07 02:17:00+00:00,6988.0,6989.0,6988.0,6988.5,18,6988.625,12,MESH6
2026-01-07 02:18:00+00:00,6988.5,6989.0,6988.5,6988.75,29,6988.725,16,MESH6
2026-01-07 02:19:00+00:00,6988.5,6988.5,6988.25,6988.5,18,6988.45,9,MESH6
2026-01-07 02:20:00+00:00,6988.25,6988.75,6988.25,6988.5,14,6988.525,11,MESH6
2026-01-07 02:21:00+00:00,6988.5,6988.75,6988.5,6988.75,48,6988.625,12,MESH6
2026-01-07 02:22:00+00:00,6989.0,6989.0,6988.5,6988.75,42,6988.75,17,MESH6
2026-01-07 02:23:00+00:00,6988.5,6988.75,6988.25,6988.25,26,6988.375,10,MESH6
2026-01-07 02:24:00+00:00,6988.25,6988.5,6988.0,6988.0,48,6988.325,12,MESH6
2026-01-07 02:25:00+00:00,6988.0,6988.25,6987.5,6988.0,102,6987.925,25,MESH6
2026-01-07 02:26:00+00:00,6987.75,6988.25,6987.75,6988.25,37,6987.975,17,MESH6
2026-01-07 02:27:00+00:00,6988.0,6988.0,6987.5,6987.75,14,6987.675,9,MESH6
2026-01-07 02:28:00+00:00,6987.75,6987.75,6987.5,6987.75,85,6987.75,23,MESH6
2026-01-07 02:29:00+00:00,6987.75,6987.75,6987.25,6987.25,61,6987.475,15,MESH6
2026-01-07 02:30:00+00:00,6987.0,6987.5,6987.0,6987.25,80,6987.2,32,MESH6
2026-01-07 02:31:00+00:00,6987.25,6987.25,6986.5,6986.75,195,6986.85,45,MESH6
2026-01-07 02:32:00+00:00,6987.0,6987.5,6986.5,6986.75,118,6986.775,36,MESH6
2026-01-07 02:33:00+00:00,6986.5,6987.25,6986.5,6987.0,49,6986.8,19,MESH6
2026-01-07 02:34:00+00:00,6987.25,6987.5,6987.0,6987.0,50,6987.325,22,MESH6
2026-01-07 02:35:00+00:00,6987.25,6988.0,6987.25,6988.0,56,6987.85,21,MESH6
2026-01-07 02:36:00+00:00,6988.0,6988.0,6987.5,6987.75,46,6987.7,15,MESH6
2026-01-07 02:37:00+00:00,6987.75,6988.0,6987.25,6987.75,39,6987.675,13,MESH6
2026-01-07 02:38:00+00:00,6987.75,6988.0,6987.75,6987.75,11,6987.8,7,MESH6
2026-01-07 02:39:00+00:00,6988.0,6988.25,6987.75,6988.25,55,6988.025,13,MESH6
2026-01-07 02:40:00+00:00,6988.25,6988.5,6987.75,6988.5,61,6988.225,18,MESH6
2026-01-07 02:41:00+00:00,6988.25,6988.5,6987.75,6987.75,38,6988.15,16,MESH6
2026-01-07 02:42:00+00:00,6988.25,6988.25,6988.0,6988.25,33,6988.175,14,MESH6
2026-01-07 02:43:00+00:00,6988.5,6988.75,6988.25,6988.5,54,6988.575,22,MESH6
2026-01-07 02:44:00+00:00,6988.25,6988.5,6988.25,6988.5,10,6988.4,9,MESH6
2026-01-07 02:45:00+00:00,6988.25,6988.25,6988.0,6988.25,19,6988.125,11,MESH6
2026-01-07 02:46:00+00:00,6988.25,6988.25,6988.0,6988.0,76,6988.1,19,MESH6
2026-01-07 02:47:00+00:00,6988.25,6988.25,6988.25,6988.25,2,6988.25,2,MESH6
2026-01-07 02:48:00+00:00,6988.25,6988.25,6987.75,6987.75,27,6988.075,8,MESH6
2026-01-07 02:49:00+00:00,6987.75,6987.75,6987.25,6987.75,38,6987.575,18,MESH6
2026-01-07 02:50:00+00:00,6987.25,6987.5,6987.25,6987.25,32,6987.275,12,MESH6
2026-01-07 02:51:00+00:00,6987.5,6987.5,6987.0,6987.25,24,6987.3,11,MESH6
2026-01-07 02:52:00+00:00,6987.25,6987.5,6987.0,6987.0,48,6987.05,13,MESH6
2026-01-07 02:53:00+00:00,6986.75,6986.75,6986.25,6986.75,198,6986.5,39,MESH6
2026-01-07 02:54:00+00:00,6986.25,6987.0,6986.25,6987.0,74,6986.675,23,MESH6
2026-01-07 02:55:00+00:00,6987.0,6987.5,6986.75,6987.25,58,6987.175,27,MESH6
2026-01-07 02:56:00+00:00,6987.5,6987.5,6986.75,6986.75,20,6987.3,9,MESH6
2026-01-07 02:57:00+00:00,6987.0,6987.25,6986.75,6987.0,58,6986.9,11,MESH6
2026-01-07 02:58:00+00:00,6987.25,6987.75,6987.0,6987.25,51,6987.325,18,MESH6
2026-01-07 02:59:00+00:00,6987.25,6987.25,6987.0,6987.25,17,6987.225,8,MESH6
2026-01-07 03:00:00+00:00,6987.25,6987.75,6987.0,6987.5,48,6987.425,19,MESH6
2026-01-07 03:01:00+00:00,6987.5,6987.75,6987.5,6987.75,6,6987.575,6,MESH6
2026-01-07 03:02:00+00:00,6988.0,6988.25,6988.0,6988.25,48,6988.125,25,MESH6
2026-01-07 03:03:00+00:00,6988.0,6988.25,6987.75,6987.75,24,6987.975,16,MESH6
2026-01-07 03:04:00+00:00,6987.5,6988.0,6987.5,6987.75,30,6987.675,12,MESH6
2026-01-07 03:05:00+00:00,6988.0,6988.25,6987.75,6988.0,65,6988.075,19,MESH6
2026-01-07 03:06:00+00:00,6988.25,6988.5,6987.75,6987.75,85,6988.125,24,MESH6
2026-01-07 03:07:00+00:00,6988.0,6988.0,6987.75,6988.0,11,6987.925,9,MESH6
2026-01-07 03:08:00+00:00,6988.0,6988.0,6987.75,6988.0,43,6987.9,22,MESH6
2026-01-07 03:09:00+00:00,6988.0,6988.0,6987.75,6988.0,7,6987.975,7,MESH6
2026-01-07 03:10:00+00:00,6987.75,6988.0,6987.5,6987.75,24,6987.75,13,MESH6
2026-01-07 03:11:00+00:00,6988.0,6988.25,6987.75,6987.75,14,6988.0,5,MESH6
2026-01-07 03:12:00+00:00,6987.75,6987.75,6987.5,6987.75,23,6987.6,11,MESH6
2026-01-07 03:13:00+00:00,6987.75,6987.75,6987.25,6987.75,58,6987.5,13,MESH6
2026-01-07 03:14:00+00:00,6988.0,6988.0,6987.75,6988.0,8,6987.975,5,MESH6
2026-01-07 03:15:00+00:00,6987.75,6988.25,6987.75,6988.25,48,6988.225,13,MESH6
2026-01-07 03:16:00+00:00,6988.25,6988.75,6988.0,6988.5,221,6988.275,52,MESH6
2026-01-07 03:17:00+00:00,6988.5,6988.5,6988.0,6988.0,54,6988.175,19,MESH6
2026-01-07 03:18:00+00:00,6988.25,6989.25,6988.25,6988.75,124,6989.025,41,MESH6
2026-01-07 03:19:00+00:00,6989.0,6989.0,6988.5,6988.5,14,6988.8,7,MESH6
2026-01-07 03:20:00+00:00,6988.5,6988.75,6988.5,6988.5,11,6988.55,8,MESH6
2026-01-07 03:21:00+00:00,6988.25,6988.25,6987.75,6988.0,42,6987.95,22,MESH6
2026-01-07 03:22:00+00:00,6988.0,6988.25,6987.75,6988.25,29,6988.2,9,MESH6
2026-01-07 03:23:00+00:00,6988.25,6988.25,6988.0,6988.25,50,6988.225,16,MESH6
2026-01-07 03:24:00+00:00,6988.5,6989.0,6988.5,6989.0,64,6988.7,22,MESH6
2026-01-07 03:25:00+00:00,6988.75,6989.0,6988.75,6988.75,29,6988.85,21,MESH6
2026-01-07 03:26:00+00:00,6988.75,6988.75,6988.5,6988.75,18,6988.575,11,MESH6
2026-01-07 03:27:00+00:00,6988.75,6988.75,6988.5,6988.5,24,6988.65,10,MESH6
2026-01-07 03:28:00+00:00,6988.5,6988.5,6988.25,6988.25,30,6988.475,9,MESH6
2026-01-07 03:29:00+00:00,6988.25,6988.5,6988.25,6988.25,22,6988.425,10,MESH6
2026-01-07 03:30:00+00:00,6988.25,6988.5,6988.0,6988.0,47,6988.4,12,MESH6
2026-01-07 03:31:00+00:00,6988.25,6988.5,6988.25,6988.25,22,6988.275,7,MESH6
2026-01-07 03:32:00+00:00,6988.25,6988.25,6987.75,6987.75,9,6987.85,5,MESH6
2026-01-07 03:33:00+00:00,6987.5,6987.5,6987.25,6987.25,55,6987.375,19,MESH6
2026-01-07 03:34:00+00:00,6987.5,6987.5,6987.25,6987.5,19,6987.45,9,MESH6
2026-01-07 03:35:00+00:00,6987.5,6987.75,6987.25,6987.25,36,6987.45,11,MESH6
2026-01-07 03:36:00+00:00,6987.25,6987.5,6987.25,6987.5,30,6987.45,7,MESH6
2026-01-07 03:37:00+00:00,6987.5,6987.75,6987.25,6987.5,42,6987.475,16,MESH6
2026-01-07 03:38:00+00:00,6987.5,6987.5,6987.0,6987.25,53,6987.25,14,MESH6
2026-01-07 03:39:00+00:00,6987.25,6987.5,6987.0,6987.25,40,6987.25,16,MESH6
2026-01-07 03:40:00+00:00,6987.25,6987.25,6986.75,6987.0,61,6987.0,19,MESH6
2026-01-07 03:41:00+00:00,6987.0,6987.25,6986.75,6987.25,26,6987.175,12,MESH6
2026-01-07 03:42:00+00:00,6987.25,6987.75,6987.25,6987.75,9,6987.5,7,MESH6
2026-01-07 03:43:00+00:00,6987.5,6987.75,6987.5,6987.5,18,6987.525,7,MESH6
2026-01-07 03:44:00+00:00,6987.5,6987.5,6987.5,6987.5,11,6987.5,2,MESH6
2026-01-07 03:45:00+00:00,6987.75,6988.0,6987.5,6987.5,71,6987.625,14,MESH6
2026-01-07 03:46:00+00:00,6987.5,6988.5,6987.5,6988.5,65,6988.05,12,MESH6
2026-01-07 03:47:00+00:00,6988.5,6988.5,6988.0,6988.0,18,6988.175,8,MESH6
2026-01-07 03:48:00+00:00,6988.0,6988.25,6987.75,6987.75,34,6987.9,21,MESH6
2026-01-07 03:49:00+00:00,6988.0,6988.0,6987.5,6987.75,44,6987.85,17,MESH6
2026-01-07 03:50:00+00:00,6987.75,6988.25,6987.75,6988.25,38,6988.025,6,MESH6
2026-01-07 03:51:00+00:00,6988.5,6988.5,6988.5,6988.5,7,6988.5,4,MESH6
2026-01-07 03:52:00+00:00,6988.5,6988.5,6987.5,6987.5,26,6987.975,14,MESH6
2026-01-07 03:53:00+00:00,6987.75,6988.0,6987.5,6987.75,29,6987.75,13,MESH6
2026-01-07 03:54:00+00:00,6987.75,6987.75,6987.75,6987.75,2,6987.75,1,MESH6
2026-01-07 03:55:00+00:00,6988.0,6988.0,6987.5,6987.5,16,6987.625,8,MESH6
2026-01-07 03:56:00+00:00,6987.5,6987.5,6987.0,6987.0,79,6987.2,28,MESH6
2026-01-07 03:57:00+00:00,6987.25,6987.5,6987.0,6987.25,84,6987.15,26,MESH6
2026-01-07 03:58:00+00:00,6987.25,6987.25,6986.25,6986.25,275,6986.475,65,MESH6
2026-01-07 03:59:00+00:00,6986.5,6986.5,6986.0,6986.25,247,6986.3,79,MESH6
2026-01-07 04:00:00+00:00,6986.25,6986.75,6986.25,6986.25,119,6986.475,49,MESH6
2026-01-07 04:01:00+00:00,6986.5,6986.5,6985.75,6986.0,102,6986.075,47,MESH6
2026-01-07 04:02:00+00:00,6985.75,6986.25,6985.5,6985.75,203,6985.75,77,MESH6
2026-01-07 04:03:00+00:00,6985.5,6986.25,6985.5,6986.0,80,6985.85,48,MESH6
2026-01-07 04:04:00+00:00,6986.0,6986.25,6985.25,6985.75,129,6985.725,60,MESH6
2026-01-07 04:05:00+00:00,6985.75,6986.0,6985.25,6985.25,120,6985.55,51,MESH6
2026-01-07 04:06:00+00:00,6985.25,6985.75,6985.0,6985.25,143,6985.225,62,MESH6
2026-01-07 04:07:00+00:00,6985.5,6985.75,6985.25,6985.5,35,6985.55,27,MESH6
2026-01-07 04:08:00+00:00,6985.5,6985.75,6984.25,6984.5,269,6984.65,113,MESH6
2026-01-07 04:09:00+00:00,6984.5,6984.75,6984.0,6984.5,293,6984.4,95,MESH6
2026-01-07 04:10:00+00:00,6984.5,6985.5,6984.5,6985.5,125,6984.9,43,MESH6
2026-01-07 04:11:00+00:00,6985.25,6985.75,6985.0,6985.5,81,6985.375,37,MESH6
2026-01-07 04:12:00+00:00,6985.5,6985.75,6985.25,6985.5,53,6985.5,29,MESH6
2026-01-07 04:13:00+00:00,6985.5,6985.75,6985.25,6985.5,56,6985.5,27,MESH6
2026-01-07 04:14:00+00:00,6985.5,6985.75,6985.25,6985.75,66,6985.525,29,MESH6
2026-01-07 04:15:00+00:00,6985.75,6985.75,6985.5,6985.75,27,6985.675,18,MESH6
2026-01-07 04:16:00+00:00,6985.75,6985.75,6985.25,6985.25,61,6985.525,22,MESH6
2026-01-07 04:17:00+00:00,6985.25,6985.25,6984.75,6985.0,52,6985.05,24,MESH6
2026-01-07 04:18:00+00:00,6985.25,6985.75,6985.25,6985.75,69,6985.475,22,MESH6
2026-01-07 04:19:00+00:00,6985.25,6985.5,6985.0,6985.5,39,6985.275,14,MESH6
2026-01-07 04:20:00+00:00,6985.5,6985.5,6985.0,6985.0,39,6985.15,16,MESH6
2026-01-07 04:21:00+00:00,6985.25,6985.25,6984.75,6985.0,51,6985.05,28,MESH6
2026-01-07 04:22:00+00:00,6984.75,6985.0,6984.5,6984.75,93,6984.75,23,MESH6
2026-01-07 04:23:00+00:00,6984.5,6984.75,6984.5,6984.75,19,6984.7,13,MESH6
2026-01-07 04:24:00+00:00,6984.75,6985.25,6984.5,6984.75,32,6984.875,18,MESH6
2026-01-07 04:25:00+00:00,6984.75,6985.25,6984.75,6985.0,66,6984.825,20,MESH6
2026-01-07 04:26:00+00:00,6985.0,6985.25,6984.75,6984.75,36,6984.975,17,MESH6
2026-01-07 04:27:00+00:00,6984.75,6984.75,6984.5,6984.5,20,6984.525,7,MESH6
2026-01-07 04:28:00+00:00,6984.25,6984.5,6984.0,6984.25,67,6984.25,25,MESH6
2026-01-07 04:29:00+00:00,6984.25,6984.25,6984.0,6984.0,42,6984.175,26,MESH6
2026-01-07 04:30:00+00:00,6984.0,6984.5,6984.0,6984.25,119,6984.175,42,MESH6
2026-01-07 04:31:00+00:00,6984.0,6984.75,6984.0,6984.75,61,6984.55,26,MESH6
2026-01-07 04:32:00+00:00,6984.75,6985.25,6984.75,6984.75,64,6985.0,26,MESH6
2026-01-07 04:33:00+00:00,6985.0,6985.0,6984.75,6984.75,58,6984.8,20,MESH6
2026-01-07 04:34:00+00:00,6984.75,6985.0,6984.75,6985.0,25,6984.975,9,MESH6
2026-01-07 04:35:00+00:00,6985.25,6985.5,6985.0,6985.25,69,6985.3,25,MESH6
2026-01-07 04:36:00+00:00,6985.0,6985.5,6985.0,6985.5,55,6985.375,13,MESH6
2026-01-07 04:37:00+00:00,6985.25,6985.5,6985.25,6985.25,37,6985.375,13,MESH6
2026-01-07 04:38:00+00:00,6985.75,6986.0,6985.25,6985.5,77,6985.725,32,MESH6
2026-01-07 04:39:00+00:00,6985.5,6986.0,6985.25,6985.5,21,6985.6,11,MESH6
2026-01-07 04:40:00+00:00,6985.5,6985.5,6985.0,6985.25,43,6985.3,21,MESH6
2026-01-07 04:41:00+00:00,6985.0,6985.25,6985.0,6985.0,16,6985.025,15,MESH6
2026-01-07 04:42:00+00:00,6985.0,6985.5,6985.0,6985.5,36,6985.25,14,MESH6
2026-01-07 04:43:00+00:00,6985.25,6985.5,6985.25,6985.5,19,6985.4,6,MESH6
2026-01-07 04:44:00+00:00,6985.5,6986.0,6985.5,6986.0,24,6985.875,17,MESH6
2026-01-07 04:45:00+00:00,6985.75,6986.25,6985.75,6986.25,48,6986.125,29,MESH6
2026-01-07 04:46:00+00:00,6986.0,6986.5,6986.0,6986.25,56,6986.275,29,MESH6
2026-01-07 04:47:00+00:00,6986.25,6986.25,6986.0,6986.0,41,6986.05,24,MESH6
2026-01-07 04:48:00+00:00,6986.25,6986.25,6986.0,6986.0,27,6986.175,9,MESH6
2026-01-07 04:49:00+00:00,6985.75,6985.75,6985.25,6985.5,25,6985.575,15,MESH6
2026-01-07 04:50:00+00:00,6985.75,6985.75,6985.25,6985.5,61,6985.35,17,MESH6
2026-01-07 04:51:00+00:00,6985.5,6985.5,6985.25,6985.25,14,6985.475,5,MESH6
2026-01-07 04:52:00+00:00,6985.25,6985.25,6985.25,6985.25,66,6985.25,13,MESH6
2026-01-07 04:53:00+00:00,6985.25,6985.5,6985.25,6985.25,32,6985.25,9,MESH6
2026-01-07 04:54:00+00:00,6985.5,6985.5,6985.25,6985.25,10,6985.45,7,MESH6
2026-01-07 04:55:00+00:00,6985.25,6986.0,6985.25,6985.75,39,6985.725,16,MESH6
2026-01-07 04:56:00+00:00,6985.5,6985.5,6984.75,6984.75,81,6985.25,31,MESH6
2026-01-07 04:57:00+00:00,6985.0,6985.0,6984.75,6985.0,33,6984.9,23,MESH6
2026-01-07 04:58:00+00:00,6984.75,6984.75,6984.5,6984.75,52,6984.55,19,MESH6
2026-01-07 04:59:00+00:00,6984.5,6985.0,6984.5,6985.0,63,6984.725,19,MESH6
2026-01-07 05:00:00+00:00,6985.0,6985.0,6983.75,6983.75,182,6984.175,70,MESH6
2026-01-07 05:01:00+00:00,6984.25,6984.5,6983.75,6984.25,82,6984.025,40,MESH6
2026-01-07 05:02:00+00:00,6984.0,6984.5,6984.0,6984.25,29,6984.2,20,MESH6
2026-01-07 05:03:00+00:00,6984.0,6984.25,6984.0,6984.0,36,6984.025,12,MESH6
2026-01-07 05:04:00+00:00,6984.0,6984.0,6983.75,6984.0,32,6983.85,11,MESH6
2026-01-07 05:05:00+00:00,6983.75,6984.0,6983.25,6983.75,163,6983.65,65,MESH6
2026-01-07 05:06:00+00:00,6983.5,6984.75,6983.5,6984.5,111,6984.3,31,MESH6
2026-01-07 05:07:00+00:00,6984.5,6984.75,6984.0,6984.75,55,6984.55,26,MESH6
2026-01-07 05:08:00+00:00,6984.75,6984.75,6984.25,6984.25,11,6984.425,8,MESH6
2026-01-07 05:09:00+00:00,6984.25,6984.5,6984.0,6984.5,61,6984.3,27,MESH6
2026-01-07 05:10:00+00:00,6984.75,6984.75,6984.5,6984.75,48,6984.725,20,MESH6
2026-01-07 05:11:00+00:00,6985.0,6985.0,6984.75,6984.75,28,6984.9,9,MESH6
2026-01-07 05:12:00+00:00,6985.25,6985.75,6985.0,6985.25,74,6985.4,36,MESH6
2026-01-07 05:13:00+00:00,6985.25,6985.25,6985.0,6985.25,11,6985.2,8,MESH6
2026-01-07 05:14:00+00:00,6985.25,6985.25,6985.0,6985.0,13,6985.1,6,MESH6
2026-01-07 05:15:00+00:00,6985.25,6985.25,6984.75,6985.0,30,6985.0,17,MESH6
2026-01-07 05:16:00+00:00,6985.25,6985.25,6985.25,6985.25,10,6985.25,6,MESH6
2026-01-07 05:17:00+00:00,6985.5,6985.75,6985.5,6985.5,93,6985.575,27,MESH6
2026-01-07 05:18:00+00:00,6985.5,6985.75,6985.0,6985.0,10,6985.35,8,MESH6
2026-01-07 05:19:00+00:00,6985.0,6985.25,6984.5,6984.5,24,6984.85,12,MESH6
2026-01-07 05:20:00+00:00,6984.5,6984.75,6984.5,6984.75,50,6984.725,14,MESH6
2026-01-07 05:21:00+00:00,6984.75,6985.0,6984.5,6985.0,61,6984.825,25,MESH6
2026-01-07 05:22:00+00:00,6985.0,6985.25,6985.0,6985.25,16,6985.1,6,MESH6
2026-01-07 05:23:00+00:00,6985.0,6985.0,6984.75,6984.75,19,6984.875,9,MESH6
2026-01-07 05:24:00+00:00,6984.75,6985.75,6984.75,6985.5,52,6985.35,18,MESH6
2026-01-07 05:25:00+00:00,6985.75,6986.0,6985.5,6986.0,23,6985.825,20,MESH6
2026-01-07 05:26:00+00:00,6985.75,6985.75,6985.5,6985.5,12,6985.7,8,MESH6
2026-01-07 05:27:00+00:00,6985.5,6985.75,6985.5,6985.5,27,6985.5,11,MESH6
2026-01-07 05:28:00+00:00,6985.5,6985.75,6985.25,6985.5,13,6985.5,11,MESH6
2026-01-07 05:29:00+00:00,6985.25,6985.5,6985.25,6985.5,13,6985.45,9,MESH6
2026-01-07 05:30:00+00:00,6986.0,6986.0,6985.25,6985.5,31,6985.5,13,MESH6
2026-01-07 05:31:00+00:00,6985.75,6986.0,6985.5,6986.0,30,6985.825,13,MESH6
2026-01-07 05:32:00+00:00,6986.0,6986.0,6985.75,6986.0,37,6985.95,12,MESH6
2026-01-07 05:33:00+00:00,6985.75,6985.75,6985.0,6985.25,46,6985.55,11,MESH6
2026-01-07 05:34:00+00:00,6985.25,6985.5,6985.25,6985.25,13,6985.4,8,MESH6
2026-01-07 05:35:00+00:00,6985.75,6986.25,6985.5,6986.0,116,6986.0,30,MESH6
2026-01-07 05:36:00+00:00,6986.25,6986.5,6986.0,6986.5,60,6986.3,25,MESH6
2026-01-07 05:37:00+00:00,6986.25,6987.0,6986.25,6986.75,161,6986.7,61,MESH6
2026-01-07 05:38:00+00:00,6987.0,6987.0,6986.5,6986.5,38,6986.725,16,MESH6
2026-01-07 05:39:00+00:00,6986.5,6986.75,6986.25,6986.5,13,6986.45,9,MESH6
2026-01-07 05:40:00+00:00,6986.5,6986.75,6985.0,6986.0,607,6985.925,68,MESH6
2026-01-07 05:41:00+00:00,6985.75,6985.75,6985.0,6985.5,187,6985.55,29,MESH6
2026-01-07 05:42:00+00:00,6985.75,6985.75,6984.75,6985.0,110,6985.3,28,MESH6
2026-01-07 05:43:00+00:00,6985.0,6985.25,6984.75,6985.0,44,6985.0,16,MESH6
2026-01-07 05:44:00+00:00,6984.75,6985.0,6984.75,6985.0,28,6984.875,14,MESH6
2026-01-07 05:45:00+00:00,6984.75,6985.0,6984.0,6984.0,226,6984.7,50,MESH6
2026-01-07 05:46:00+00:00,6984.0,6984.5,6984.0,6984.0,92,6984.1,23,MESH6
2026-01-07 05:47:00+00:00,6984.25,6984.5,6984.25,6984.5,24,6984.275,10,MESH6
2026-01-07 05:48:00+00:00,6984.5,6984.75,6984.0,6984.25,52,6984.4,19,MESH6
2026-01-07 05:49:00+00:00,6984.0,6984.5,6984.0,6984.0,12,6984.1,6,MESH6
2026-01-07 05:50:00+00:00,6984.0,6984.0,6983.5,6984.0,64,6983.75,22,MESH6
2026-01-07 05:51:00+00:00,6983.75,6984.0,6983.5,6983.5,28,6983.75,19,MESH6
2026-01-07 05:52:00+00:00,6983.75,6984.0,6983.5,6984.0,31,6983.65,16,MESH6
2026-01-07 05:53:00+00:00,6983.75,6984.25,6983.75,6984.0,39,6983.975,22,MESH6
2026-01-07 05:54:00+00:00,6983.75,6984.25,6983.5,6984.0,35,6983.875,13,MESH6
2026-01-07 05:55:00+00:00,6983.75,6984.0,6983.5,6983.5,29,6983.775,13,MESH6
2026-01-07 05:56:00+00:00,6983.75,6984.25,6983.5,6984.25,34,6983.9,23,MESH6
2026-01-07 05:57:00+00:00,6984.0,6984.5,6984.0,6984.25,53,6984.3,25,MESH6
2026-01-07 05:58:00+00:00,6984.25,6984.75,6984.25,6984.25,54,6984.3,13,MESH6
2026-01-07 05:59:00+00:00,6984.25,6984.25,6983.75,6983.75,15,6984.05,8,MESH6
2026-01-07 23:00:00+00:00,6967.25,6969.75,6967.25,6968.25,984,6968.65,382,MESH6
2026-01-07 23:01:00+00:00,6968.5,6968.75,6967.5,6968.25,231,6968.2,117,MESH6
2026-01-07 23:02:00+00:00,6968.0,6968.5,6966.75,6967.5,330,6967.5,121,MESH6
2026-01-07 23:03:00+00:00,6967.0,6967.25,6966.25,6966.5,316,6966.675,163,MESH6
2026-01-07 23:04:00+00:00,6966.75,6967.5,6966.5,6967.25,228,6967.075,67,MESH6
2026-01-07 23:05:00+00:00,6967.0,6968.5,6967.0,6967.75,264,6967.8,107,MESH6
2026-01-07 23:06:00+00:00,6967.75,6969.0,6967.75,6968.75,329,6968.625,104,MESH6
2026-01-07 23:07:00+00:00,6969.0,6969.0,6966.5,6966.75,309,6967.5,100,MESH6
2026-01-07 23:08:00+00:00,6966.75,6967.0,6965.75,6966.0,297,6966.325,99,MESH6
2026-01-07 23:09:00+00:00,6965.75,6967.0,6965.5,6965.5,348,6965.925,93,MESH6
2026-01-07 23:10:00+00:00,6965.5,6965.75,6965.25,6965.75,159,6965.475,50,MESH6
2026-01-07 23:11:00+00:00,6965.75,6966.5,6965.5,6966.0,83,6965.925,32,MESH6
2026-01-07 23:12:00+00:00,6966.25,6966.5,6965.5,6966.0,118,6966.0,39,MESH6
2026-01-07 23:13:00+00:00,6965.75,6966.0,6965.0,6965.0,127,6965.2,46,MESH6
2026-01-07 23:14:00+00:00,6965.0,6965.5,6964.75,6964.75,128,6965.125,59,MESH6
2026-01-07 23:15:00+00:00,6965.0,6966.0,6965.0,6966.0,158,6965.525,63,MESH6
2026-01-07 23:16:00+00:00,6966.0,6966.0,6965.25,6965.25,116,6965.55,52,MESH6
2026-01-07 23:17:00+00:00,6965.25,6967.0,6965.25,6966.75,153,6966.475,63,MESH6
2026-01-07 23:18:00+00:00,6966.75,6966.75,6964.75,6965.0,282,6965.45,48,MESH6
2026-01-07 23:19:00+00:00,6965.0,6965.0,6964.25,6964.75,244,6964.725,74,MESH6
2026-01-07 23:20:00+00:00,6965.0,6965.5,6964.5,6965.5,142,6965.1,57,MESH6
2026-01-07 23:21:00+00:00,6965.25,6965.5,6965.0,6965.25,98,6965.375,33,MESH6
2026-01-07 23:22:00+00:00,6965.25,6966.5,6965.25,6966.5,158,6965.775,50,MESH6
2026-01-07 23:23:00+00:00,6966.5,6966.5,6966.0,6966.0,103,6966.225,40,MESH6
2026-01-07 23:24:00+00:00,6966.0,6966.0,6964.5,6965.0,113,6965.2,40,MESH6
2026-01-07 23:25:00+00:00,6965.25,6965.75,6965.0,6965.0,123,6965.225,32,MESH6
2026-01-07 23:26:00+00:00,6965.0,6965.0,6964.5,6964.75,41,6964.725,22,MESH6
2026-01-07 23:27:00+00:00,6964.75,6964.75,6964.25,6964.5,46,6964.5,23,MESH6
2026-01-07 23:28:00+00:00,6964.25,6965.0,6964.25,6965.0,42,6964.5,26,MESH6
2026-01-07 23:29:00+00:00,6964.75,6965.5,6964.5,6965.25,95,6965.0,31,MESH6
2026-01-07 23:30:00+00:00,6965.25,6965.5,6965.0,6965.5,101,6965.35,35,MESH6
2026-01-07 23:31:00+00:00,6965.5,6965.5,6964.5,6965.25,73,6965.025,22,MESH6
2026-01-07 23:32:00+00:00,6965.0,6965.25,6964.75,6965.25,76,6965.025,20,MESH6
2026-01-07 23:33:00+00:00,6965.5,6965.5,6964.75,6965.25,53,6965.05,19,MESH6
2026-01-07 23:34:00+00:00,6965.25,6965.5,6965.25,6965.25,53,6965.425,24,MESH6
2026-01-07 23:35:00+00:00,6965.5,6965.5,6965.0,6965.0,96,6965.2,23,MESH6
2026-01-07 23:36:00+00:00,6964.75,6965.0,6964.75,6964.75,43,6964.775,18,MESH6
2026-01-07 23:37:00+00:00,6964.75,6965.25,6964.75,6965.0,42,6964.925,16,MESH6
2026-01-07 23:38:00+00:00,6965.0,6966.25,6965.0,6965.75,125,6965.775,35,MESH6
2026-01-07 23:39:00+00:00,6966.0,6966.25,6965.75,6966.0,91,6965.95,23,MESH6
2026-01-07 23:40:00+00:00,6966.0,6966.25,6965.75,6966.25,71,6966.05,20,MESH6
2026-01-07 23:41:00+00:00,6966.0,6966.5,6966.0,6966.5,133,6966.325,42,MESH6
2026-01-07 23:42:00+00:00,6966.25,6966.5,6965.25,6965.5,147,6965.925,33,MESH6
2026-01-07 23:43:00+00:00,6965.5,6966.0,6965.25,6966.0,59,6965.575,20,MESH6
2026-01-07 23:44:00+00:00,6965.5,6966.25,6965.5,6966.0,33,6965.8,16,MESH6
2026-01-07 23:45:00+00:00,6966.0,6966.25,6965.75,6966.25,125,6966.025,24,MESH6
2026-01-07 23:46:00+00:00,6966.0,6966.25,6965.75,6965.75,112,6965.875,31,MESH6
2026-01-07 23:47:00+00:00,6965.5,6965.75,6965.5,6965.75,27,6965.675,10,MESH6
2026-01-07 23:48:00+00:00,6965.75,6965.75,6965.0,6965.25,142,6965.35,44,MESH6
2026-01-07 23:49:00+00:00,6965.0,6965.5,6964.75,6965.25,83,6965.1,32,MESH6
2026-01-07 23:50:00+00:00,6965.25,6965.5,6964.75,6964.75,166,6965.1,37,MESH6
2026-01-07 23:51:00+00:00,6964.75,6965.0,6964.25,6965.0,177,6964.4,52,MESH6
2026-01-07 23:52:00+00:00,6964.5,6964.5,6964.0,6964.25,125,6964.175,49,MESH6
2026-01-07 23:53:00+00:00,6964.0,6964.5,6964.0,6964.25,80,6964.1,28,MESH6
2026-01-07 23:54:00+00:00,6964.0,6964.75,6964.0,6964.5,45,6964.4,19,MESH6
2026-01-07 23:55:00+00:00,6964.5,6964.75,6964.0,6964.0,34,6964.2,19,MESH6
2026-01-07 23:56:00+00:00,6964.0,6964.25,6963.75,6964.0,79,6964.05,27,MESH6
2026-01-07 23:57:00+00:00,6963.75,6964.25,6963.5,6964.0,126,6963.7,59,MESH6
2026-01-07 23:58:00+00:00,6963.75,6964.5,6963.75,6964.25,41,6964.125,21,MESH6
2026-01-07 23:59:00+00:00,6964.5,6964.75,6964.25,6964.75,73,6964.475,28,MESH6
2026-01-08 00:00:00+00:00,6964.5,6965.25,6964.25,6964.75,225,6964.775,64,MESH6
2026-01-08 00:01:00+00:00,6965.0,6965.0,6964.0,6964.75,114,6964.35,40,MESH6
2026-01-08 00:02:00+00:00,6965.0,6965.75,6965.0,6965.25,133,6965.3,51,MESH6
2026-01-08 00:03:00+00:00,6965.25,6965.75,6965.0,6965.25,97,6965.275,28,MESH6
2026-01-08 00:04:00+00:00,6965.0,6965.75,6964.75,6964.75,71,6965.3,25,MESH6
2026-01-08 00:05:00+00:00,6965.0,6965.25,6964.75,6965.25,43,6965.175,22,MESH6
2026-01-08 00:06:00+00:00,6965.25,6965.5,6965.0,6965.25,23,6965.225,15,MESH6
2026-01-08 00:07:00+00:00,6965.5,6965.75,6965.25,6965.5,67,6965.475,27,MESH6
2026-01-08 00:08:00+00:00,6965.25,6965.75,6965.0,6965.0,15,6965.425,11,MESH6
2026-01-08 00:09:00+00:00,6965.25,6965.5,6964.5,6964.75,56,6964.8,22,MESH6
2026-01-08 00:10:00+00:00,6964.75,6964.75,6964.25,6964.25,136,6964.525,51,MESH6
2026-01-08 00:11:00+00:00,6964.0,6964.5,6963.5,6964.5,137,6963.975,60,MESH6
2026-01-08 00:12:00+00:00,6964.25,6965.0,6964.25,6965.0,88,6964.7,28,MESH6
2026-01-08 00:13:00+00:00,6964.75,6965.0,6964.5,6964.75,41,6964.9,18,MESH6
2026-01-08 00:14:00+00:00,6964.5,6965.25,6964.5,6965.25,32,6964.925,16,MESH6
2026-01-08 00:15:00+00:00,6965.25,6965.75,6965.0,6965.25,73,6965.375,34,MESH6
2026-01-08 00:16:00+00:00,6965.25,6965.25,6964.75,6965.25,99,6965.025,28,MESH6
2026-01-08 00:17:00+00:00,6965.0,6965.5,6965.0,6965.25,133,6965.2,39,MESH6
2026-01-08 00:18:00+00:00,6965.5,6965.5,6965.0,6965.25,36,6965.225,14,MESH6
2026-01-08 00:19:00+00:00,6965.5,6965.5,6965.0,6965.0,60,6965.275,24,MESH6
2026-01-08 00:20:00+00:00,6965.0,6965.0,6964.75,6965.0,83,6964.925,17,MESH6
2026-01-08 00:21:00+00:00,6965.25,6965.25,6964.75,6965.25,43,6965.025,14,MESH6
2026-01-08 00:22:00+00:00,6965.25,6965.25,6964.75,6964.75,73,6964.95,28,MESH6
2026-01-08 00:23:00+00:00,6964.75,6964.75,6964.0,6964.5,140,6964.425,40,MESH6
2026-01-08 00:24:00+00:00,6964.25,6964.5,6964.0,6964.5,71,6964.225,29,MESH6
2026-01-08 00:25:00+00:00,6964.25,6964.5,6963.75,6964.0,107,6964.1,35,MESH6
2026-01-08 00:26:00+00:00,6964.0,6964.0,6963.0,6963.0,235,6963.55,80,MESH6
2026-01-08 00:27:00+00:00,6963.25,6963.5,6962.25,6962.5,333,6962.825,116,MESH6
2026-01-08 00:28:00+00:00,6962.75,6963.5,6962.5,6963.5,75,6962.95,36,MESH6
2026-01-08 00:29:00+00:00,6963.25,6963.25,6962.75,6963.25,90,6963.0,43,MESH6
2026-01-08 00:30:00+00:00,6963.0,6964.0,6963.0,6964.0,175,6963.45,56,MESH6
2026-01-08 00:31:00+00:00,6964.0,6964.5,6963.5,6964.25,225,6963.85,53,MESH6
2026-01-08 00:32:00+00:00,6964.25,6964.75,6964.0,6964.5,127,6964.375,46,MESH6
2026-01-08 00:33:00+00:00,6964.5,6964.5,6963.5,6963.75,86,6964.0,37,MESH6
2026-01-08 00:34:00+00:00,6963.75,6964.25,6963.75,6964.25,46,6963.975,10,MESH6
2026-01-08 00:35:00+00:00,6964.5,6964.75,6964.0,6964.5,75,6964.375,30,MESH6
2026-01-08 00:36:00+00:00,6964.75,6965.0,6964.25,6964.75,100,6964.725,50,MESH6
2026-01-08 00:37:00+00:00,6965.0,6966.75,6965.0,6966.75,252,6966.0,106,MESH6
2026-01-08 00:38:00+00:00,6966.75,6967.25,6966.0,6967.0,196,6966.775,65,MESH6
2026-01-08 00:39:00+00:00,6967.0,6967.25,6966.5,6966.5,163,6966.825,42,MESH6
2026-01-08 00:40:00+00:00,6966.25,6966.5,6965.75,6966.5,135,6966.1,60,MESH6
2026-01-08 00:41:00+00:00,6966.5,6967.25,6966.25,6967.0,112,6966.725,50,MESH6
2026-01-08 00:42:00+00:00,6967.0,6967.25,6966.5,6967.0,57,6966.85,20,MESH6
2026-01-08 00:43:00+00:00,6966.75,6967.25,6966.75,6967.25,88,6967.025,37,MESH6
2026-01-08 00:44:00+00:00,6967.25,6967.25,6967.0,6967.0,49,6967.05,24,MESH6
2026-01-08 00:45:00+00:00,6967.0,6968.0,6967.0,6967.5,206,6967.575,81,MESH6
2026-01-08 00:46:00+00:00,6967.25,6967.5,6966.75,6967.25,107,6967.1,43,MESH6
2026-01-08 00:47:00+00:00,6967.25,6967.75,6967.25,6967.5,43,6967.425,27,MESH6
2026-01-08 00:48:00+00:00,6967.5,6967.75,6967.5,6967.75,43,6967.625,24,MESH6
2026-01-08 00:49:00+00:00,6967.75,6968.5,6967.75,6968.25,133,6968.125,43,MESH6
2026-01-08 00:50:00+00:00,6968.25,6968.25,6967.5,6968.0,129,6968.0,43,MESH6
2026-01-08 00:51:00+00:00,6968.0,6968.25,6967.5,6968.0,93,6967.825,42,MESH6
2026-01-08 00:52:00+00:00,6967.5,6968.0,6967.5,6967.5,75,6967.625,26,MESH6
2026-01-08 00:53:00+00:00,6967.5,6967.75,6967.0,6967.5,97,6967.375,35,MESH6
2026-01-08 00:54:00+00:00,6967.5,6967.75,6967.25,6967.75,52,6967.5,22,MESH6
2026-01-08 00:55:00+00:00,6967.5,6968.0,6967.25,6967.25,67,6967.575,29,MESH6
2026-01-08 00:56:00+00:00,6967.25,6967.75,6967.25,6967.75,87,6967.275,28,MESH6
2026-01-08 00:57:00+00:00,6967.75,6968.25,6967.5,6968.25,84,6967.775,20,MESH6
2026-01-08 00:58:00+00:00,6968.0,6968.25,6967.75,6968.0,77,6967.975,40,MESH6
2026-01-08 00:59:00+00:00,6968.0,6968.75,6967.75,6968.25,156,6968.35,59,MESH6
2026-01-08 01:00:00+00:00,6968.5,6968.75,6967.5,6968.0,268,6968.2,72,MESH6
2026-01-08 01:01:00+00:00,6967.75,6968.0,6967.5,6967.75,114,6967.775,45,MESH6
2026-01-08 01:02:00+00:00,6967.75,6968.0,6967.5,6967.5,47,6967.75,28,MESH6
2026-01-08 01:03:00+00:00,6967.25,6967.25,6966.5,6967.0,221,6966.975,65,MESH6
2026-01-08 01:04:00+00:00,6967.0,6967.0,6965.75,6966.0,185,6966.25,81,MESH6
2026-01-08 01:05:00+00:00,6966.0,6966.0,6965.5,6966.0,161,6965.75,70,MESH6
2026-01-08 01:06:00+00:00,6965.75,6966.0,6965.25,6965.5,129,6965.6,54,MESH6
2026-01-08 01:07:00+00:00,6965.5,6965.5,6964.0,6965.25,379,6964.625,137,MESH6
2026-01-08 01:08:00+00:00,6965.0,6965.75,6964.75,6965.75,128,6965.3,56,MESH6
2026-01-08 01:09:00+00:00,6965.5,6965.5,6964.5,6965.0,96,6965.0,44,MESH6
2026-01-08 01:10:00+00:00,6965.25,6965.25,6964.5,6964.5,70,6964.775,25,MESH6
2026-01-08 01:11:00+00:00,6964.5,6965.0,6964.0,6964.25,242,6964.5,87,MESH6
2026-01-08 01:12:00+00:00,6964.25,6964.75,6964.0,6964.5,91,6964.475,34,MESH6
2026-01-08 01:13:00+00:00,6964.0,6964.5,6964.0,6964.25,81,6964.125,25,MESH6
2026-01-08 01:14:00+00:00,6964.5,6964.75,6964.0,6964.25,42,6964.325,24,MESH6
2026-01-08 01:15:00+00:00,6964.5,6965.0,6964.25,6964.75,67,6964.625,30,MESH6
2026-01-08 01:16:00+00:00,6964.75,6965.5,6964.5,6964.5,114,6965.0,45,MESH6
2026-01-08 01:17:00+00:00,6964.5,6964.75,6964.25,6964.75,32,6964.575,9,MESH6
2026-01-08 01:18:00+00:00,6964.75,6965.25,6964.5,6965.25,33,6964.975,19,MESH6
2026-01-08 01:19:00+00:00,6965.25,6965.25,6964.75,6964.75,30,6965.025,12,MESH6
2026-01-08 01:20:00+00:00,6965.0,6966.25,6965.0,6965.5,109,6965.725,45,MESH6
2026-01-08 01:21:00+00:00,6965.5,6966.0,6965.25,6965.75,25,6965.725,19,MESH6
2026-01-08 01:22:00+00:00,6965.75,6966.25,6965.5,6966.25,46,6966.0,22,MESH6
2026-01-08 01:23:00+00:00,6966.25,6966.5,6966.0,6966.5,81,6966.35,31,MESH6
2026-01-08 01:24:00+00:00,6966.5,6966.75,6966.25,6966.75,65,6966.525,29,MESH6
2026-01-08 01:25:00+00:00,6966.75,6967.25,6966.5,6966.75,203,6966.825,41,MESH6
2026-01-08 01:26:00+00:00,6966.75,6967.25,6966.5,6967.0,75,6966.875,30,MESH6
2026-01-08 01:27:00+00:00,6967.25,6967.25,6966.75,6967.0,78,6967.075,24,MESH6
2026-01-08 01:28:00+00:00,6967.0,6967.5,6966.25,6966.75,83,6966.95,34,MESH6
2026-01-08 01:29:00+00:00,6966.75,6967.5,6966.75,6967.25,75,6967.025,29,MESH6
2026-01-08 01:30:00+00:00,6967.25,6967.25,6965.5,6965.5,155,6966.35,55,MESH6
2026-01-08 01:31:00+00:00,6965.5,6965.5,6964.5,6964.75,169,6964.925,67,MESH6
2026-01-08 01:32:00+00:00,6965.0,6965.25,6964.75,6965.25,48,6965.075,24,MESH6
2026-01-08 01:33:00+00:00,6964.75,6965.0,6964.25,6965.0,53,6964.7,25,MESH6
2026-01-08 01:34:00+00:00,6965.25,6965.25,6964.5,6964.75,40,6964.85,16,MESH6
2026-01-08 01:35:00+00:00,6965.0,6965.75,6964.75,6965.25,61,6965.375,28,MESH6
2026-01-08 01:36:00+00:00,6965.5,6966.25,6965.5,6965.75,74,6965.8,25,MESH6
2026-01-08 01:37:00+00:00,6965.75,6965.75,6964.75,6965.25,49,6965.125,21,MESH6
2026-01-08 01:38:00+00:00,6965.25,6965.75,6965.0,6965.5,38,6965.3,17,MESH6
2026-01-08 01:39:00+00:00,6965.75,6966.25,6965.75,6966.0,49,6966.05,20,MESH6
2026-01-08 01:40:00+00:00,6966.25,6966.5,6965.75,6966.0,61,6966.275,17,MESH6
2026-01-08 01:41:00+00:00,6966.0,6966.5,6965.75,6966.25,43,6966.1,18,MESH6
2026-01-08 01:42:00+00:00,6966.5,6967.25,6966.25,6967.25,90,6966.875,32,MESH6
2026-01-08 01:43:00+00:00,6967.25,6967.5,6967.0,6967.0,54,6967.25,26,MESH6
2026-01-08 01:44:00+00:00,6967.25,6967.5,6967.0,6967.0,69,6967.15,28,MESH6
2026-01-08 01:45:00+00:00,6967.0,6967.5,6967.0,6967.25,52,6967.275,20,MESH6
2026-01-08 01:46:00+00:00,6966.75,6967.0,6966.25,6966.5,68,6966.675,37,MESH6
2026-01-08 01:47:00+00:00,6966.5,6967.0,6966.5,6967.0,35,6966.75,13,MESH6
2026-01-08 01:48:00+00:00,6967.0,6968.0,6967.0,6967.75,168,6967.725,48,MESH6
2026-01-08 01:49:00+00:00,6967.5,6968.0,6967.5,6968.0,40,6967.825,19,MESH6
2026-01-08 01:50:00+00:00,6968.0,6968.0,6967.5,6968.0,94,6967.775,26,MESH6
2026-01-08 01:51:00+00:00,6968.0,6968.25,6967.75,6967.75,50,6968.0,28,MESH6
2026-01-08 01:52:00+00:00,6968.0,6968.25,6967.0,6967.0,211,6967.4,54,MESH6
2026-01-08 01:53:00+00:00,6967.25,6967.75,6967.25,6967.5,63,6967.425,26,MESH6
2026-01-08 01:54:00+00:00,6967.5,6967.5,6966.75,6967.0,51,6967.025,18,MESH6
2026-01-08 01:55:00+00:00,6967.5,6968.25,6967.5,6967.5,70,6967.825,28,MESH6
2026-01-08 01:56:00+00:00,6967.5,6967.75,6967.25,6967.25,46,6967.5,12,MESH6
2026-01-08 01:57:00+00:00,6967.25,6968.0,6967.25,6967.75,56,6967.775,15,MESH6
2026-01-08 01:58:00+00:00,6967.75,6968.0,6967.75,6967.75,26,6967.8,13,MESH6
2026-01-08 01:59:00+00:00,6968.0,6968.25,6967.75,6968.0,66,6968.125,31,MESH6
2026-01-08 02:00:00+00:00,6967.75,6968.0,6966.5,6967.5,230,6967.225,68,MESH6
2026-01-08 02:01:00+00:00,6967.25,6968.25,6967.25,6968.0,77,6967.7,28,MESH6
2026-01-08 02:02:00+00:00,6968.25,6968.75,6968.0,6968.25,95,6968.4,32,MESH6
2026-01-08 02:03:00+00:00,6968.25,6968.5,6967.25,6967.5,68,6967.85,31,MESH6
2026-01-08 02:04:00+00:00,6967.25,6967.75,6967.0,6967.75,55,6967.35,23,MESH6
2026-01-08 02:05:00+00:00,6967.75,6968.25,6967.75,6968.0,64,6967.975,23,MESH6
2026-01-08 02:06:00+00:00,6968.0,6968.75,6968.0,6968.5,114,6968.5,39,MESH6
2026-01-08 02:07:00+00:00,6968.5,6968.5,6967.5,6967.5,156,6968.0,51,MESH6
2026-01-08 02:08:00+00:00,6967.5,6968.25,6967.5,6967.75,48,6968.025,19,MESH6
2026-01-08 02:09:00+00:00,6968.25,6968.5,6968.0,6968.0,29,6968.2,12,MESH6
2026-01-08 02:10:00+00:00,6968.25,6968.5,6967.75,6967.75,108,6968.2,37,MESH6
2026-01-08 02:11:00+00:00,6967.75,6967.75,6966.5,6966.75,91,6967.25,47,MESH6
2026-01-08 02:12:00+00:00,6966.5,6966.75,6966.25,6966.75,66,6966.475,29,MESH6
2026-01-08 02:13:00+00:00,6966.5,6966.75,6966.5,6966.5,45,6966.55,13,MESH6
2026-01-08 02:14:00+00:00,6966.25,6966.25,6965.5,6965.75,197,6965.925,74,MESH6
2026-01-08 02:15:00+00:00,6966.0,6966.0,6965.25,6965.75,99,6965.675,36,MESH6
2026-01-08 02:16:00+00:00,6966.0,6966.75,6966.0,6966.5,92,6966.5,41,MESH6
2026-01-08 02:17:00+00:00,6966.75,6966.75,6966.25,6966.5,45,6966.55,16,MESH6
2026-01-08 02:18:00+00:00,6966.5,6966.5,6965.75,6966.0,31,6966.025,18,MESH6
2026-01-08 02:19:00+00:00,6965.75,6966.0,6965.5,6965.5,94,6965.75,32,MESH6
2026-01-08 02:20:00+00:00,6965.25,6965.5,6965.0,6965.0,115,6965.125,39,MESH6
2026-01-08 02:21:00+00:00,6965.0,6965.25,6964.5,6964.75,85,6964.8,39,MESH6
2026-01-08 02:22:00+00:00,6964.75,6964.75,6964.25,6964.5,127,6964.5,40,MESH6
2026-01-08 02:23:00+00:00,6964.5,6964.5,6963.75,6964.0,172,6964.025,52,MESH6
2026-01-08 02:24:00+00:00,6964.0,6964.5,6963.75,6964.25,103,6964.1,34,MESH6
2026-01-08 02:25:00+00:00,6964.25,6964.75,6964.0,6964.5,55,6964.45,28,MESH6
2026-01-08 02:26:00+00:00,6964.5,6965.0,6964.5,6965.0,40,6964.85,17,MESH6
2026-01-08 02:27:00+00:00,6965.0,6965.25,6964.25,6964.25,55,6964.8,34,MESH6
2026-01-08 02:28:00+00:00,6964.5,6964.75,6964.0,6964.0,50,6964.425,15,MESH6
2026-01-08 02:29:00+00:00,6964.25,6964.75,6964.0,6964.5,22,6964.425,14,MESH6
2026-01-08 02:30:00+00:00,6964.5,6964.75,6964.25,6964.25,36,6964.6,12,MESH6
2026-01-08 02:31:00+00:00,6964.75,6964.75,6964.0,6964.0,28,6964.275,11,MESH6
2026-01-08 02:32:00+00:00,6964.0,6964.0,6963.75,6963.75,55,6963.875,19,MESH6
2026-01-08 02:33:00+00:00,6963.75,6964.0,6963.25,6963.25,87,6963.525,43,MESH6
2026-01-08 02:34:00+00:00,6963.5,6963.75,6963.0,6963.0,113,6963.275,39,MESH6
2026-01-08 02:35:00+00:00,6963.0,6963.5,6962.5,6963.25,179,6962.9,65,MESH6
2026-01-08 02:36:00+00:00,6963.5,6963.75,6963.25,6963.75,119,6963.575,36,MESH6
2026-01-08 02:37:00+00:00,6963.5,6963.75,6963.0,6963.0,110,6963.375,52,MESH6
2026-01-08 02:38:00+00:00,6963.0,6963.0,6961.25,6961.5,406,6961.95,164,MESH6
2026-01-08 02:39:00+00:00,6961.5,6961.75,6961.0,6961.5,144,6961.275,76,MESH6
2026-01-08 02:40:00+00:00,6961.5,6961.5,6960.0,6960.5,329,6960.575,109,MESH6
2026-01-08 02:41:00+00:00,6960.75,6961.5,6960.0,6960.0,239,6960.55,77,MESH6
2026-01-08 02:42:00+00:00,6960.25,6960.25,6959.5,6960.25,236,6959.9,101,MESH6
2026-01-08 02:43:00+00:00,6960.25,6960.75,6959.75,6960.5,176,6960.325,82,MESH6
2026-01-08 02:44:00+00:00,6960.5,6961.0,6960.0,6960.5,153,6960.45,70,MESH6
2026-01-08 02:45:00+00:00,6960.5,6960.75,6959.5,6959.75,162,6960.1,60,MESH6
2026-01-08 02:46:00+00:00,6960.0,6960.5,6959.5,6960.0,125,6959.925,43,MESH6
2026-01-08 02:47:00+00:00,6960.25,6960.25,6958.75,6958.75,242,6959.2,94,MESH6
2026-01-08 02:48:00+00:00,6958.75,6958.75,6955.25,6957.0,1197,6956.85,504,MESH6
2026-01-08 02:49:00+00:00,6957.0,6958.25,6956.75,6958.0,218,6957.525,125,MESH6
2026-01-08 02:50:00+00:00,6958.0,6958.5,6957.0,6958.0,187,6957.675,96,MESH6
2026-01-08 02:51:00+00:00,6958.0,6959.0,6957.5,6958.5,165,6958.3,84,MESH6
2026-01-08 02:52:00+00:00,6958.75,6958.75,6957.25,6957.5,204,6957.975,63,MESH6
2026-01-08 02:53:00+00:00,6957.75,6958.25,6957.25,6957.5,154,6957.625,51,MESH6
2026-01-08 02:54:00+00:00,6957.5,6957.75,6957.0,6957.25,80,6957.525,39,MESH6
2026-01-08 02:55:00+00:00,6957.25,6958.5,6957.25,6958.5,86,6957.75,57,MESH6
2026-01-08 02:56:00+00:00,6958.25,6958.25,6956.75,6956.75,93,6957.475,48,MESH6
2026-01-08 02:57:00+00:00,6957.0,6957.5,6956.75,6957.0,72,6957.2,41,MESH6
2026-01-08 02:58:00+00:00,6957.25,6958.0,6957.0,6958.0,57,6957.675,26,MESH6
2026-01-08 02:59:00+00:00,6958.25,6958.25,6957.25,6957.75,61,6957.875,34,MESH6
2026-01-08 03:00:00+00:00,6957.5,6958.5,6956.5,6956.5,238,6957.725,65,MESH6
2026-01-08 03:01:00+00:00,6956.75,6957.25,6956.25,6957.0,143,6956.7,57,MESH6
2026-01-08 03:02:00+00:00,6957.25,6957.75,6957.0,6957.0,73,6957.45,41,MESH6
2026-01-08 03:03:00+00:00,6957.0,6957.5,6957.0,6957.25,73,6957.3,22,MESH6
2026-01-08 03:04:00+00:00,6957.25,6957.5,6956.5,6956.75,95,6957.0,36,MESH6
2026-01-08 03:05:00+00:00,6957.0,6957.25,6956.5,6956.5,76,6956.725,41,MESH6
2026-01-08 03:06:00+00:00,6956.5,6957.0,6956.25,6956.75,38,6956.575,26,MESH6
2026-01-08 03:07:00+00:00,6956.75,6956.75,6955.75,6956.75,128,6956.275,60,MESH6
2026-01-08 03:08:00+00:00,6956.75,6957.5,6956.5,6957.25,97,6957.0,38,MESH6
2026-01-08 03:09:00+00:00,6957.25,6957.25,6956.75,6957.0,89,6957.125,29,MESH6
2026-01-08 03:10:00+00:00,6957.25,6958.5,6957.25,6957.75,159,6957.9,68,MESH6
2026-01-08 03:11:00+00:00,6958.0,6958.0,6957.25,6957.5,103,6957.575,40,MESH6
2026-01-08 03:12:00+00:00,6957.5,6957.5,6956.5,6957.0,69,6957.175,35,MESH6
2026-01-08 03:13:00+00:00,6956.75,6957.25,6956.75,6957.0,45,6957.05,23,MESH6
2026-01-08 03:14:00+00:00,6957.25,6957.5,6956.75,6957.25,61,6957.125,26,MESH6
2026-01-08 03:15:00+00:00,6957.5,6958.25,6957.25,6958.0,144,6957.675,42,MESH6
2026-01-08 03:16:00+00:00,6958.0,6958.25,6957.25,6957.25,106,6957.775,42,MESH6
2026-01-08 03:17:00+00:00,6957.25,6957.5,6957.0,6957.0,60,6957.15,19,MESH6
2026-01-08 03:18:00+00:00,6957.0,6957.25,6956.75,6956.75,36,6956.975,21,MESH6
2026-01-08 03:19:00+00:00,6957.0,6957.0,6956.5,6956.75,23,6956.825,12,MESH6
2026-01-08 03:20:00+00:00,6956.75,6956.75,6956.0,6956.25,86,6956.3,51,MESH6
2026-01-08 03:21:00+00:00,6956.25,6956.75,6956.25,6956.5,85,6956.5,43,MESH6
2026-01-08 03:22:00+00:00,6956.5,6956.75,6956.0,6956.25,41,6956.35,23,MESH6
2026-01-08 03:23:00+00:00,6956.25,6956.25,6955.75,6956.0,85,6955.95,35,MESH6
2026-01-08 03:24:00+00:00,6956.0,6956.25,6955.75,6956.0,74,6956.0,38,MESH6
2026-01-08 03:25:00+00:00,6956.0,6956.75,6956.0,6956.25,82,6956.5,36,MESH6
2026-01-08 03:26:00+00:00,6956.5,6956.5,6955.75,6955.75,68,6956.225,34,MESH6
2026-01-08 03:27:00+00:00,6955.75,6955.75,6955.25,6955.5,87,6955.55,46,MESH6
2026-01-08 03:28:00+00:00,6955.5,6955.75,6954.5,6955.25,346,6955.0,136,MESH6
2026-01-08 03:29:00+00:00,6955.25,6956.25,6955.0,6956.25,251,6955.65,74,MESH6
2026-01-08 03:30:00+00:00,6956.25,6957.25,6956.25,6956.75,235,6956.7,83,MESH6
2026-01-08 03:31:00+00:00,6956.75,6957.5,6956.5,6957.5,176,6957.25,52,MESH6
2026-01-08 03:32:00+00:00,6957.25,6957.5,6956.75,6957.0,102,6957.1,44,MESH6
2026-01-08 03:33:00+00:00,6957.0,6957.25,6956.5,6957.25,80,6956.95,35,MESH6
2026-01-08 03:34:00+00:00,6957.25,6957.25,6955.75,6956.25,224,6956.3,78,MESH6
2026-01-08 03:35:00+00:00,6956.25,6956.5,6955.5,6956.0,76,6955.95,40,MESH6
2026-01-08 03:36:00+00:00,6955.5,6955.75,6954.75,6955.0,112,6955.125,41,MESH6
2026-01-08 03:37:00+00:00,6955.0,6955.75,6955.0,6955.75,59,6955.45,24,MESH6
2026-01-08 03:38:00+00:00,6955.75,6955.75,6955.25,6955.25,35,6955.55,13,MESH6
2026-01-08 03:39:00+00:00,6955.0,6955.25,6954.75,6954.75,73,6955.0,27,MESH6
2026-01-08 03:40:00+00:00,6954.75,6955.25,6954.75,6955.0,61,6954.95,30,MESH6
2026-01-08 03:41:00+00:00,6955.0,6955.75,6954.75,6954.75,76,6955.125,24,MESH6
2026-01-08 03:42:00+00:00,6954.75,6955.5,6954.25,6955.5,148,6954.725,52,MESH6
2026-01-08 03:43:00+00:00,6955.5,6955.75,6955.0,6955.25,39,6955.45,19,MESH6
2026-01-08 03:44:00+00:00,6955.0,6955.25,6954.25,6954.5,88,6954.55,35,MESH6
2026-01-08 03:45:00+00:00,6954.5,6954.5,6953.75,6954.0,214,6954.025,99,MESH6
2026-01-08 03:46:00+00:00,6954.25,6954.25,6953.75,6953.75,68,6953.9,30,MESH6
2026-01-08 03:47:00+00:00,6953.75,6954.25,6953.5,6954.25,85,6953.85,40,MESH6
2026-01-08 03:48:00+00:00,6954.25,6954.75,6954.0,6954.5,78,6954.425,40,MESH6
2026-01-08 03:49:00+00:00,6954.5,6955.25,6954.5,6954.75,131,6954.9,52,MESH6
2026-01-08 03:50:00+00:00,6954.75,6955.0,6954.25,6955.0,26,6954.45,24,MESH6
2026-01-08 03:51:00+00:00,6955.0,6955.0,6954.5,6954.75,27,6954.775,17,MESH6
2026-01-08 03:52:00+00:00,6955.0,6955.25,6954.75,6955.0,27,6955.0,21,MESH6
2026-01-08 03:53:00+00:00,6954.75,6954.75,6954.5,6954.5,29,6954.65,14,MESH6
2026-01-08 03:54:00+00:00,6954.75,6955.0,6954.75,6955.0,39,6954.925,19,MESH6
2026-01-08 03:55:00+00:00,6955.25,6955.75,6955.0,6955.75,75,6955.525,38,MESH6
2026-01-08 03:56:00+00:00,6955.5,6955.5,6954.75,6955.25,32,6955.25,19,MESH6
2026-01-08 03:57:00+00:00,6955.0,6955.0,6954.5,6954.5,30,6954.825,12,MESH6
2026-01-08 03:58:00+00:00,6954.5,6954.75,6954.5,6954.5,99,6954.525,22,MESH6
2026-01-08 03:59:00+00:00,6954.75,6955.0,6954.75,6954.75,34,6954.9,18,MESH6
2026-01-08 04:00:00+00:00,6954.75,6955.0,6954.0,6955.0,236,6954.525,42,MESH6
2026-01-08 04:01:00+00:00,6955.25,6955.75,6955.25,6955.25,56,6955.5,31,MESH6
2026-01-08 04:02:00+00:00,6955.25,6955.25,6954.5,6955.0,53,6955.025,20,MESH6
2026-01-08 04:03:00+00:00,6954.75,6955.25,6954.5,6955.0,47,6955.0,18,MESH6
2026-01-08 04:04:00+00:00,6954.75,6955.0,6954.5,6954.5,30,6954.875,19,MESH6
2026-01-08 04:05:00+00:00,6954.75,6954.75,6954.5,6954.5,47,6954.65,16,MESH6
2026-01-08 04:06:00+00:00,6954.75,6955.0,6954.75,6955.0,9,6954.8,6,MESH6
2026-01-08 04:07:00+00:00,6955.0,6955.0,6954.75,6954.75,16,6954.975,8,MESH6
2026-01-08 04:08:00+00:00,6955.0,6955.25,6954.5,6954.5,34,6954.825,10,MESH6
2026-01-08 04:09:00+00:00,6954.25,6954.75,6954.25,6954.5,28,6954.35,15,MESH6
2026-01-08 04:10:00+00:00,6955.0,6955.25,6954.5,6955.0,46,6954.8,15,MESH6
2026-01-08 04:11:00+00:00,6955.0,6955.5,6954.75,6954.75,161,6955.275,41,MESH6
2026-01-08 04:12:00+00:00,6955.25,6955.25,6954.75,6954.75,17,6955.15,13,MESH6
2026-01-08 04:13:00+00:00,6954.5,6955.0,6954.5,6954.75,12,6954.85,8,MESH6
2026-01-08 04:14:00+00:00,6955.25,6955.75,6955.0,6955.0,53,6955.475,35,MESH6
2026-01-08 04:15:00+00:00,6955.0,6955.75,6955.0,6955.5,56,6955.55,27,MESH6
2026-01-08 04:16:00+00:00,6955.25,6955.25,6954.75,6955.0,70,6955.025,25,MESH6
2026-01-08 04:17:00+00:00,6955.0,6955.25,6954.25,6954.75,128,6954.65,29,MESH6
2026-01-08 04:18:00+00:00,6954.5,6954.5,6953.5,6953.5,158,6954.1,58,MESH6
2026-01-08 04:19:00+00:00,6953.5,6954.25,6953.5,6954.25,59,6953.875,37,MESH6
2026-01-08 04:20:00+00:00,6954.25,6954.25,6953.75,6954.0,73,6954.125,22,MESH6
2026-01-08 04:21:00+00:00,6954.25,6954.25,6953.75,6954.0,22,6953.9,16,MESH6
2026-01-08 04:22:00+00:00,6954.0,6954.0,6953.25,6953.25,87,6953.475,41,MESH6
2026-01-08 04:23:00+00:00,6953.5,6954.5,6953.5,6954.5,53,6953.825,31,MESH6
2026-01-08 04:24:00+00:00,6954.5,6955.25,6954.25,6955.25,44,6954.9,25,MESH6
2026-01-08 04:25:00+00:00,6955.5,6956.25,6955.25,6956.0,145,6955.925,67,MESH6
2026-01-08 04:26:00+00:00,6956.0,6957.0,6955.75,6956.5,151,6956.65,89,MESH6
2026-01-08 04:27:00+00:00,6956.5,6956.5,6955.5,6955.75,58,6956.05,30,MESH6
2026-01-08 04:28:00+00:00,6955.75,6956.0,6955.25,6955.25,60,6955.55,23,MESH6
2026-01-08 04:29:00+00:00,6955.5,6955.75,6955.25,6955.25,99,6955.425,25,MESH6
2026-01-08 04:30:00+00:00,6955.25,6955.5,6955.0,6955.25,102,6955.3,25,MESH6
2026-01-08 04:31:00+00:00,6955.25,6955.75,6955.0,6955.5,51,6955.425,20,MESH6
2026-01-08 04:32:00+00:00,6955.25,6955.5,6955.0,6955.5,35,6955.325,23,MESH6
2026-01-08 04:33:00+00:00,6955.5,6955.5,6955.0,6955.0,42,6955.25,17,MESH6
2026-01-08 04:34:00+00:00,6955.25,6955.25,6954.5,6954.75,48,6954.725,26,MESH6
2026-01-08 04:35:00+00:00,6955.0,6955.25,6954.75,6955.0,32,6955.025,21,MESH6
2026-01-08 04:36:00+00:00,6955.0,6955.0,6953.75,6954.25,165,6954.225,46,MESH6
2026-01-08 04:37:00+00:00,6954.25,6954.75,6954.25,6954.25,29,6954.4,21,MESH6
2026-01-08 04:38:00+00:00,6954.5,6954.75,6954.25,6954.25,33,6954.425,22,MESH6
2026-01-08 04:39:00+00:00,6954.5,6955.0,6954.25,6955.0,27,6954.8,11,MESH6
2026-01-08 04:40:00+00:00,6955.25,6955.25,6954.5,6954.75,26,6954.8,18,MESH6
2026-01-08 04:41:00+00:00,6954.75,6955.0,6954.5,6955.0,45,6954.725,14,MESH6
2026-01-08 04:42:00+00:00,6954.75,6954.75,6954.25,6954.25,15,6954.525,11,MESH6
2026-01-08 04:43:00+00:00,6954.5,6954.5,6953.75,6954.0,35,6954.05,25,MESH6
2026-01-08 04:44:00+00:00,6954.0,6954.5,6954.0,6954.25,32,6954.2,15,MESH6
2026-01-08 04:45:00+00:00,6954.25,6954.75,6954.25,6954.75,15,6954.475,14,MESH6
2026-01-08 04:46:00+00:00,6955.0,6955.0,6954.75,6954.75,34,6954.975,6,MESH6
2026-01-08 04:47:00+00:00,6955.0,6955.0,6954.75,6954.75,29,6954.875,13,MESH6
2026-01-08 04:48:00+00:00,6954.5,6954.5,6954.25,6954.5,14,6954.4,7,MESH6
2026-01-08 04:49:00+00:00,6954.5,6954.75,6954.25,6954.25,5,6954.5,5,MESH6
2026-01-08 04:50:00+00:00,6954.75,6954.75,6954.5,6954.75,18,6954.7,9,MESH6
2026-01-08 04:51:00+00:00,6955.0,6955.0,6954.5,6954.75,40,6954.95,14,MESH6
2026-01-08 04:52:00+00:00,6954.75,6954.75,6954.0,6954.25,41,6954.2,10,MESH6
2026-01-08 04:53:00+00:00,6954.0,6954.5,6954.0,6954.0,19,6954.2,11,MESH6
2026-01-08 04:54:00+00:00,6954.0,6954.25,6954.0,6954.0,20,6954.15,8,MESH6
2026-01-08 04:55:00+00:00,6954.25,6954.5,6954.25,6954.5,14,6954.425,8,MESH6
2026-01-08 04:56:00+00:00,6954.25,6954.75,6954.25,6954.25,82,6954.375,27,MESH6
2026-01-08 04:57:00+00:00,6954.25,6954.5,6954.25,6954.25,17,6954.275,9,MESH6
2026-01-08 04:58:00+00:00,6954.5,6954.5,6954.5,6954.5,19,6954.5,8,MESH6
2026-01-08 04:59:00+00:00,6954.75,6954.75,6954.25,6954.5,30,6954.525,14,MESH6
2026-01-08 05:00:00+00:00,6954.75,6955.25,6954.5,6955.25,72,6954.875,37,MESH6
2026-01-08 05:01:00+00:00,6955.25,6955.25,6954.75,6954.75,54,6954.9,17,MESH6
2026-01-08 05:02:00+00:00,6954.75,6955.0,6954.5,6954.5,22,6954.775,17,MESH6
2026-01-08 05:03:00+00:00,6954.5,6954.75,6954.5,6954.5,11,6954.675,8,MESH6
2026-01-08 05:04:00+00:00,6955.0,6955.5,6954.75,6955.5,26,6955.25,18,MESH6
2026-01-08 05:05:00+00:00,6955.5,6955.5,6955.25,6955.25,88,6955.325,29,MESH6
2026-01-08 05:06:00+00:00,6955.5,6955.5,6954.5,6954.75,71,6954.775,19,MESH6
2026-01-08 05:07:00+00:00,6954.75,6954.75,6953.25,6953.5,148,6953.8,55,MESH6
2026-01-08 05:08:00+00:00,6953.75,6954.0,6953.5,6954.0,37,6953.65,21,MESH6
2026-01-08 05:09:00+00:00,6954.0,6954.5,6954.0,6954.5,37,6954.275,13,MESH6
2026-01-08 05:10:00+00:00,6954.5,6954.5,6953.25,6953.25,28,6953.6,13,MESH6
2026-01-08 05:11:00+00:00,6953.25,6953.75,6953.25,6953.75,53,6953.4,23,MESH6
2026-01-08 05:12:00+00:00,6953.5,6953.75,6952.0,6952.25,547,6952.475,203,MESH6
2026-01-08 05:13:00+00:00,6952.5,6953.0,6952.0,6952.5,213,6952.325,94,MESH6
2026-01-08 05:14:00+00:00,6952.75,6952.75,6951.0,6951.0,330,6951.65,148,MESH6
2026-01-08 05:15:00+00:00,6951.0,6952.0,6951.0,6951.75,105,6951.425,45,MESH6
2026-01-08 05:16:00+00:00,6951.5,6952.0,6951.25,6951.5,50,6951.575,23,MESH6
2026-01-08 05:17:00+00:00,6951.5,6952.0,6951.5,6952.0,46,6951.675,21,MESH6
2026-01-08 05:18:00+00:00,6952.0,6952.25,6951.75,6951.75,61,6952.0,26,MESH6
2026-01-08 05:19:00+00:00,6952.0,6952.0,6951.5,6951.75,44,6951.725,21,MESH6
2026-01-08 05:20:00+00:00,6951.5,6952.5,6951.5,6952.25,33,6952.125,20,MESH6
2026-01-08 05:21:00+00:00,6952.25,6953.0,6952.25,6952.75,83,6952.725,32,MESH6
2026-01-08 05:22:00+00:00,6952.5,6953.25,6951.75,6953.0,85,6952.45,31,MESH6
2026-01-08 05:23:00+00:00,6953.0,6953.0,6952.5,6952.75,54,6952.875,21,MESH6
2026-01-08 05:24:00+00:00,6952.75,6953.0,6952.25,6952.75,53,6952.625,20,MESH6
2026-01-08 05:25:00+00:00,6953.0,6953.0,6952.25,6952.25,44,6952.65,19,MESH6
2026-01-08 05:26:00+00:00,6952.25,6952.5,6952.25,6952.25,41,6952.375,14,MESH6
2026-01-08 05:27:00+00:00,6952.25,6952.5,6952.25,6952.5,39,6952.35,13,MESH6
2026-01-08 05:28:00+00:00,6952.75,6952.75,6952.0,6952.0,26,6952.325,15,MESH6
2026-01-08 05:29:00+00:00,6952.0,6952.25,6951.75,6951.75,37,6952.175,13,MESH6
2026-01-08 05:30:00+00:00,6951.75,6951.75,6950.5,6950.5,252,6950.85,97,MESH6
2026-01-08 05:31:00+00:00,6950.75,6950.75,6949.75,6950.5,605,6950.125,193,MESH6
2026-01-08 05:32:00+00:00,6950.25,6950.25,6948.75,6949.0,463,6949.2,177,MESH6
2026-01-08 05:33:00+00:00,6949.25,6949.5,6948.75,6949.0,159,6949.075,58,MESH6
2026-01-08 05:34:00+00:00,6949.0,6949.0,6948.5,6948.75,97,6948.7,46,MESH6
2026-01-08 05:35:00+00:00,6948.5,6949.75,6948.5,6949.25,131,6949.3,53,MESH6
2026-01-08 05:36:00+00:00,6949.25,6949.5,6948.75,6949.25,93,6949.15,46,MESH6
2026-01-08 05:37:00+00:00,6949.5,6950.25,6949.25,6949.25,136,6949.775,40,MESH6
2026-01-08 05:38:00+00:00,6949.25,6949.25,6948.5,6949.0,32,6948.975,16,MESH6
2026-01-08 05:39:00+00:00,6949.0,6949.5,6948.75,6949.5,84,6949.15,31,MESH6
2026-01-08 05:40:00+00:00,6949.25,6949.5,6948.75,6949.0,45,6949.0,19,MESH6
2026-01-08 05:41:00+00:00,6948.75,6949.0,6947.75,6948.25,283,6948.15,103,MESH6
2026-01-08 05:42:00+00:00,6948.25,6948.75,6947.25,6948.75,217,6948.0,72,MESH6
2026-01-08 05:43:00+00:00,6948.25,6948.5,6948.0,6948.0,56,6948.175,22,MESH6
2026-01-08 05:44:00+00:00,6947.75,6948.0,6947.25,6948.0,75,6947.725,46,MESH6
2026-01-08 05:45:00+00:00,6948.0,6948.5,6947.75,6948.25,128,6948.15,43,MESH6
2026-01-08 05:46:00+00:00,6948.25,6948.25,6947.5,6948.25,58,6947.8,26,MESH6
2026-01-08 05:47:00+00:00,6948.0,6948.5,6948.0,6948.5,81,6948.45,35,MESH6
2026-01-08 05:48:00+00:00,6948.5,6948.75,6948.25,6948.25,75,6948.6,32,MESH6
2026-01-08 05:49:00+00:00,6948.5,6948.5,6948.0,6948.0,46,6948.3,17,MESH6
2026-01-08 05:50:00+00:00,6948.0,6948.25,6948.0,6948.25,42,6948.2,16,MESH6
2026-01-08 05:51:00+00:00,6948.25,6948.25,6947.5,6947.75,29,6947.9,20,MESH6
2026-01-08 05:52:00+00:00,6947.5,6947.75,6947.0,6947.25,133,6947.225,47,MESH6
2026-01-08 05:53:00+00:00,6947.0,6947.5,6946.75,6947.0,72,6947.025,38,MESH6
2026-01-08 05:54:00+00:00,6947.0,6947.25,6946.75,6947.25,79,6946.95,38,MESH6
2026-01-08 05:55:00+00:00,6947.5,6947.75,6947.0,6947.25,106,6947.525,33,MESH6
2026-01-08 05:56:00+00:00,6947.25,6947.75,6947.0,6947.5,63,6947.275,29,MESH6
2026-01-08 05:57:00+00:00,6947.75,6947.75,6947.25,6947.5,42,6947.425,27,MESH6
2026-01-08 05:58:00+00:00,6947.25,6947.5,6947.0,6947.0,32,6947.15,15,MESH6
2026-01-08 05:59:00+00:00,6947.0,6947.0,6946.0,6946.25,358,6946.35,83,MESH6
2026-01-08 23:00:00+00:00,6972.5,6973.75,6971.5,6972.5,805,6972.7,348,MESH6
2026-01-08 23:01:00+00:00,6972.75,6974.0,6972.25,6972.5,229,6973.0,91,MESH6
2026-01-08 23:02:00+00:00,6972.5,6972.75,6971.75,6971.75,121,6972.25,62,MESH6
2026-01-08 23:03:00+00:00,6971.75,6972.5,6971.75,6972.5,64,6972.2,40,MESH6
2026-01-08 23:04:00+00:00,6972.5,6972.75,6971.25,6971.5,79,6971.825,38,MESH6
2026-01-08 23:05:00+00:00,6971.5,6971.75,6970.75,6971.5,202,6971.2,77,MESH6
2026-01-08 23:06:00+00:00,6971.75,6972.5,6971.25,6972.5,85,6971.625,29,MESH6
2026-01-08 23:07:00+00:00,6972.25,6972.75,6972.0,6972.25,81,6972.375,33,MESH6
2026-01-08 23:08:00+00:00,6972.25,6972.5,6972.0,6972.25,39,6972.175,16,MESH6
2026-01-08 23:09:00+00:00,6972.25,6972.75,6972.0,6972.25,141,6972.375,46,MESH6
2026-01-08 23:10:00+00:00,6972.0,6972.0,6970.75,6971.5,139,6971.2,53,MESH6
2026-01-08 23:11:00+00:00,6971.5,6971.5,6970.75,6971.0,96,6971.025,39,MESH6
2026-01-08 23:12:00+00:00,6971.0,6971.25,6970.5,6970.5,84,6970.8,32,MESH6
2026-01-08 23:13:00+00:00,6970.25,6970.75,6969.75,6970.0,261,6970.075,81,MESH6
2026-01-08 23:14:00+00:00,6970.0,6970.25,6969.5,6969.75,143,6969.775,51,MESH6
2026-01-08 23:15:00+00:00,6969.5,6969.75,6969.0,6969.5,152,6969.35,53,MESH6
2026-01-08 23:16:00+00:00,6969.25,6970.0,6969.0,6970.0,93,6969.5,35,MESH6
2026-01-08 23:17:00+00:00,6970.0,6970.0,6969.5,6969.5,70,6969.775,33,MESH6
2026-01-08 23:18:00+00:00,6969.5,6970.25,6969.5,6970.25,79,6969.85,26,MESH6
2026-01-08 23:19:00+00:00,6970.25,6970.5,6969.75,6970.0,85,6970.05,29,MESH6
2026-01-08 23:20:00+00:00,6970.0,6970.25,6969.5,6970.0,135,6969.925,35,MESH6
2026-01-08 23:21:00+00:00,6970.0,6970.0,6969.25,6969.5,53,6969.825,18,MESH6
2026-01-08 23:22:00+00:00,6969.25,6969.5,6968.75,6969.25,152,6969.15,53,MESH6
2026-01-08 23:23:00+00:00,6969.25,6969.75,6969.0,6969.0,70,6969.45,22,MESH6
2026-01-08 23:24:00+00:00,6969.0,6969.0,6968.0,6968.0,166,6968.45,60,MESH6
2026-01-08 23:25:00+00:00,6968.0,6968.75,6967.5,6968.0,187,6967.925,79,MESH6
2026-01-08 23:26:00+00:00,6968.0,6968.25,6967.75,6967.75,126,6968.025,42,MESH6
2026-01-08 23:27:00+00:00,6968.0,6968.5,6967.75,6968.25,111,6968.2,25,MESH6
2026-01-08 23:28:00+00:00,6968.5,6968.5,6967.75,6967.75,141,6968.2,41,MESH6
2026-01-08 23:29:00+00:00,6967.75,6968.0,6967.0,6967.25,175,6967.425,67,MESH6
2026-01-08 23:30:00+00:00,6967.5,6968.0,6967.25,6967.5,139,6967.5,39,MESH6
2026-01-08 23:31:00+00:00,6967.75,6967.75,6967.5,6967.75,40,6967.65,21,MESH6
2026-01-08 23:32:00+00:00,6967.75,6968.0,6967.5,6967.75,124,6967.725,35,MESH6
2026-01-08 23:33:00+00:00,6967.5,6967.75,6967.25,6967.25,41,6967.375,13,MESH6
2026-01-08 23:34:00+00:00,6967.25,6967.75,6966.0,6966.0,294,6966.8,76,MESH6
2026-01-08 23:35:00+00:00,6966.25,6966.75,6966.0,6966.25,164,6966.325,59,MESH6
2026-01-08 23:36:00+00:00,6966.25,6967.0,6966.0,6966.5,116,6966.575,47,MESH6
2026-01-08 23:37:00+00:00,6966.5,6966.5,6965.5,6966.0,223,6965.925,65,MESH6
2026-01-08 23:38:00+00:00,6966.0,6966.25,6965.75,6965.75,97,6965.95,39,MESH6
2026-01-08 23:39:00+00:00,6965.75,6966.0,6965.0,6966.0,170,6965.4,63,MESH6
2026-01-08 23:40:00+00:00,6965.75,6966.0,6965.5,6965.5,91,6965.625,29,MESH6
2026-01-08 23:41:00+00:00,6965.5,6966.0,6965.0,6966.0,90,6965.55,41,MESH6
2026-01-08 23:42:00+00:00,6965.75,6966.5,6965.5,6966.0,128,6966.075,59,MESH6
2026-01-08 23:43:00+00:00,6966.25,6966.25,6965.25,6966.0,92,6965.9,36,MESH6
2026-01-08 23:44:00+00:00,6965.75,6965.75,6965.25,6965.5,107,6965.4,29,MESH6
2026-01-08 23:45:00+00:00,6965.5,6965.5,6964.75,6965.25,174,6965.05,45,MESH6
2026-01-08 23:46:00+00:00,6965.25,6965.75,6965.0,6965.25,87,6965.25,47,MESH6
2026-01-08 23:47:00+00:00,6965.5,6965.75,6965.25,6965.75,149,6965.625,45,MESH6
2026-01-08 23:48:00+00:00,6965.75,6966.75,6965.75,6966.75,222,6966.4,86,MESH6
2026-01-08 23:49:00+00:00,6966.75,6966.75,6965.5,6965.75,91,6966.3,50,MESH6
2026-01-08 23:50:00+00:00,6965.5,6965.5,6964.5,6964.75,156,6964.95,77,MESH6
2026-01-08 23:51:00+00:00,6964.75,6965.25,6964.5,6964.75,75,6964.8,32,MESH6
2026-01-08 23:52:00+00:00,6964.75,6965.0,6963.5,6964.0,308,6964.075,106,MESH6
2026-01-08 23:53:00+00:00,6964.25,6964.5,6963.75,6964.0,48,6964.175,29,MESH6
2026-01-08 23:54:00+00:00,6963.75,6964.5,6963.25,6964.25,128,6963.6,54,MESH6
2026-01-08 23:55:00+00:00,6964.5,6964.5,6963.75,6964.0,94,6964.05,33,MESH6
2026-01-08 23:56:00+00:00,6964.0,6964.25,6963.5,6964.0,61,6963.9,27,MESH6
2026-01-08 23:57:00+00:00,6963.75,6964.0,6963.5,6964.0,69,6963.825,38,MESH6
2026-01-08 23:58:00+00:00,6964.0,6964.0,6963.0,6963.75,80,6963.35,46,MESH6
2026-01-08 23:59:00+00:00,6963.75,6964.25,6963.25,6964.0,71,6963.7,36,MESH6
2026-01-09 00:00:00+00:00,6964.0,6965.5,6963.25,6965.5,409,6964.075,153,MESH6
