strategy,total_return,cagr,sharpe,sortino,max_drawdown,avg_drawdown,profit_factor,calmar_ratio,volatility,total_trades,winning_trades,losing_trades,win_rate,avg_win,avg_loss,largest_win,largest_loss,avg_trade,expectancy,avg_holding_hours,final_equity
RSI_MACD_Sentiment,-0.017747999999997544,-0.0023710199625167627,-1.0827530272387706,-0.247638226758355,-0.01851599999999687,-0.017626716842102822,0.18183623025178638,0.12805249311499048,0.0021913318466970006,20,0.0,10.0,0.0,0.0,-162.59999999997945,-15.00000000005457,-346.4999999999236,-162.59999999997945,-162.59999999997945,0.04333333333333333,98225.20000000024
Momentum_Reversal,0.0,0.0,0.0,0.0,0.0,0.0,inf,0.0,0.0,0,,,,,,,,,,,100000.0
Combined_Baseline,-0.017747999999997544,-0.0023710199625167627,-1.0827530272387706,-0.247638226758355,-0.01851599999999687,-0.017626716842102822,0.18183623025178638,0.12805249311499048,0.0021913318466970006,20,0.0,10.0,0.0,0.0,-162.59999999997945,-15.00000000005457,-346.4999999999236,-162.59999999997945,-162.59999999997945,0.04333333333333333,98225.20000000024
Enhanced_Regime,-0.02113899999999791,-0.0028282592473514168,-1.1710809646511093,-0.3088644259367916,-0.021573421400896686,-0.021136770892386282,0.30276783608929775,0.13109924451917773,0.0024172698574170173,8,0.0,4.0,0.0,0.0,-512.8749999999513,-416.9999999999618,-687.99999999992,-512.8749999999513,-512.8749999999513,0.22916666666666669,97886.10000000021
