2026-03-29 21:30:15 CST | INFO     | shree.execution.ib_executor:get_active_order_count:2428 - 🔍 Sync: 0 active orders (0 PendingSubmit, lock=idle)

2026-03-29 21:30:15 CST | INFO     | shree.execution.components.signal_processor:process_trading_cycle:1438 - Skipping trade (HOLD)

2026-03-29 21:31:46 CST | INFO     | shree.execution.components.trading_session_manager:start:267 - 💓 Heartbeat: waiting for 15m bar | bars=69 | price=6384.75

2026-03-29 21:36:47 CST | INFO     | shree.execution.components.trading_session_manager:start:267 - 💓 Heartbeat: waiting for 15m bar | bars=69 | price=6384.75

2026-03-29 21:41:48 CST | INFO     | shree.execution.components.trading_session_manager:start:267 - 💓 Heartbeat: waiting for 15m bar | bars=69 | price=6384.75

2026-03-29 21:45:19 CST | INFO     | shree.execution.ib_executor:get_active_order_count:2428 - 🔍 Sync: 0 active orders (0 PendingSubmit, lock=idle)

2026-03-29 21:45:19 CST | INFO     | shree.execution.components.signal_processor:process_trading_cycle:1222 - 🕐 New candle close at 21:45:00 CST

2026-03-29 21:45:19 CST | INFO     | shree.utils.structured_logging:log_structured_event:83 - Cycle start

2026-03-29 21:45:19 CST | INFO     | shree.strategies.es_fifteen_min:generate:478 - 🔁 OR reconstruction check: et_time=22:45:00 or_end=00:30:00 or_computed=False opening_bars=0

2026-03-29 21:45:19 CST | INFO     | shree.strategies.es_fifteen_min:generate:484 - 🔁 Enriched index range: 2026-03-27 03:30:00-05:00 -> 2026-03-29 21:45:00-05:00

2026-03-29 21:45:19 CST | WARNING  | shree.strategies.es_fifteen_min:_reconstruct_or_from_history:2057 - ⚠️ No OR bars found in history for 2026-03-29 (window 00:00:00-00:30:00 ET). DataFrame range: 2026-03-27 03:30:00-05:00 to 2026-03-29 21:45:00-05:00

2026-03-29 21:45:19 CST | INFO     | shree.strategies.es_fifteen_min:generate:993 - 🔍 NO_SIGNAL diag: A:ema21(6386.6)<=ema50(6413.5) | B:no_OR(computed=False,h=0.0) | C:stack(e9=6383,e21=6387,e50=6413) | D:close(6392.0)>=ema21(6386.6) | E:no_OR(computed=False,l=0.0) | F:stack(e9=6383,e21=6387,e50=6413) | G:outside_london(21:45:00)

2026-03-29 21:45:19 CST | INFO     | shree.execution.components.signal_processor:_generate_strategy_first_signal:438 - 📊 Strategy Signal: HOLD (conf=0.00, meta=NO_SIGNAL)

2026-03-29 21:45:19 CST | INFO     | shree.execution.ib_executor:get_active_order_count:2428 - 🔍 Sync: 0 active orders (0 PendingSubmit, lock=idle)

2026-03-29 21:45:19 CST | INFO     | shree.execution.components.signal_processor:process_trading_cycle:1438 - Skipping trade (HOLD)

2026-03-29 21:46:49 CST | INFO     | shree.execution.components.trading_session_manager:start:267 - 💓 Heartbeat: waiting for 15m bar | bars=70 | price=6392.0

2026-03-29 21:51:50 CST | INFO     | shree.execution.components.trading_session_manager:start:267 - 💓 Heartbeat: waiting for 15m bar | bars=70 | price=6392.0

2026-03-29 21:56:51 CST | INFO     | shree.execution.components.trading_session_manager:start:267 - 💓 Heartbeat: waiting for 15m bar | bars=70 | price=6392.0

2026-03-29 22:00:22 CST | INFO     | shree.execution.ib_executor:get_active_order_count:2428 - 🔍 Sync: 0 active orders (0 PendingSubmit, lock=idle)

2026-03-29 22:00:22 CST | INFO     | shree.execution.components.signal_processor:process_trading_cycle:1222 - 🕐 New candle close at 22:00:00 CST

2026-03-29 22:00:22 CST | INFO     | shree.utils.structured_logging:log_structured_event:83 - Cycle start

2026-03-29 22:00:22 CST | INFO     | shree.strategies.es_fifteen_min:generate:478 - 🔁 OR reconstruction check: et_time=23:00:00 or_end=00:30:00 or_computed=False opening_bars=0

2026-03-29 22:00:22 CST | INFO     | shree.strategies.es_fifteen_min:generate:484 - 🔁 Enriched index range: 2026-03-27 03:30:00-05:00 -> 2026-03-29 22:00:00-05:00

2026-03-29 22:00:22 CST | WARNING  | shree.strategies.es_fifteen_min:_reconstruct_or_from_history:2057 - ⚠️ No OR bars found in history for 2026-03-29 (window 00:00:00-00:30:00 ET). DataFrame range: 2026-03-27 03:30:00-05:00 to 2026-03-29 22:00:00-05:00

2026-03-29 22:00:22 CST | INFO     | shree.strategies.es_fifteen_min:generate:993 - 🔍 NO_SIGNAL diag: A:ema21(6387.6)<=ema50(6412.9) | B:no_OR(computed=False,h=0.0) | C:stack(e9=6386,e21=6388,e50=6413) | D:close(6397.2)>=ema21(6387.6) | E:no_OR(computed=False,l=0.0) | F:stack(e9=6386,e21=6388,e50=6413) | G:outside_london(22:00:00)

2026-03-29 22:00:22 CST | INFO     | shree.execution.components.signal_processor:_generate_strategy_first_signal:438 - 📊 Strategy Signal: HOLD (conf=0.00, meta=NO_SIGNAL)

2026-03-29 22:00:22 CST | INFO     | shree.execution.ib_executor:get_active_order_count:2428 - 🔍 Sync: 0 active orders (0 PendingSubmit, lock=idle)

2026-03-29 22:00:22 CST | INFO     | shree.execution.components.signal_processor:process_trading_cycle:1438 - Skipping trade (HOLD)

2026-03-29 22:01:52 CST | INFO     | shree.execution.components.trading_session_manager:start:267 - 💓 Heartbeat: waiting for 15m bar | bars=71 | price=6397.25

2026-03-29 22:06:54 CST | INFO     | shree.execution.components.trading_session_manager:start:267 - 💓 Heartbeat: waiting for 15m bar | bars=71 | price=6397.25

2026-03-29 22:11:55 CST | INFO     | shree.execution.components.trading_session_manager:start:267 - 💓 Heartbeat: waiting for 15m bar | bars=71 | price=6397.25

2026-03-29 22:15:25 CST | INFO     | shree.execution.ib_executor:get_active_order_count:2428 - 🔍 Sync: 0 active orders (0 PendingSubmit, lock=idle)

2026-03-29 22:15:25 CST | INFO     | shree.execution.components.signal_processor:process_trading_cycle:1222 - 🕐 New candle close at 22:15:00 CST

2026-03-29 22:15:25 CST | INFO     | shree.utils.structured_logging:log_structured_event:83 - Cycle start

2026-03-29 22:15:25 CST | INFO     | shree.strategies.es_fifteen_min:generate:478 - 🔁 OR reconstruction check: et_time=23:15:00 or_end=00:30:00 or_computed=False opening_bars=0

2026-03-29 22:15:25 CST | INFO     | shree.strategies.es_fifteen_min:generate:484 - 🔁 Enriched index range: 2026-03-27 03:30:00-05:00 -> 2026-03-29 22:15:00-05:00

2026-03-29 22:15:25 CST | WARNING  | shree.strategies.es_fifteen_min:_reconstruct_or_from_history:2057 - ⚠️ No OR bars found in history for 2026-03-29 (window 00:00:00-00:30:00 ET). DataFrame range: 2026-03-27 03:30:00-05:00 to 2026-03-29 22:15:00-05:00

2026-03-29 22:15:25 CST | INFO     | shree.strategies.es_fifteen_min:generate:993 - 🔍 NO_SIGNAL diag: A:ema21(6389.1)<=ema50(6412.5) | B:no_OR(computed=False,h=0.0) | C:stack(e9=6390,e21=6389,e50=6413) | D:close(6404.8)>=ema21(6389.1) | E:no_OR(computed=False,l=0.0) | F:stack(e9=6390,e21=6389,e50=6413) | G:outside_london(22:15:00)

2026-03-29 22:15:25 CST | INFO     | shree.execution.components.signal_processor:_generate_strategy_first_signal:438 - 📊 Strategy Signal: HOLD (conf=0.00, meta=NO_SIGNAL)

2026-03-29 22:15:25 CST | INFO     | shree.execution.ib_executor:get_active_order_count:2428 - 🔍 Sync: 0 active orders (0 PendingSubmit, lock=idle)

2026-03-29 22:15:25 CST | INFO     | shree.execution.components.signal_processor:process_trading_cycle:1438 - Skipping trade (HOLD)

2026-03-29 22:16:56 CST | INFO     | shree.execution.components.trading_session_manager:start:267 - 💓 Heartbeat: waiting for 15m bar | bars=72 | price=6404.75

2026-03-29 22:21:57 CST | INFO     | shree.execution.components.trading_session_manager:start:267 - 💓 Heartbeat: waiting for 15m bar | bars=72 | price=6404.75

2026-03-29 22:26:58 CST | INFO     | shree.execution.components.trading_session_manager:start:267 - 💓 Heartbeat: waiting for 15m bar | bars=72 | price=6404.75

2026-03-29 22:30:29 CST | INFO     | shree.execution.ib_executor:get_active_order_count:2428 - 🔍 Sync: 0 active orders (0 PendingSubmit, lock=idle)

2026-03-29 22:30:29 CST | INFO     | shree.execution.components.signal_processor:process_trading_cycle:1222 - 🕐 New candle close at 22:30:00 CST

2026-03-29 22:30:29 CST | INFO     | shree.utils.structured_logging:log_structured_event:83 - Cycle start

2026-03-29 22:30:29 CST | INFO     | shree.strategies.es_fifteen_min:generate:478 - 🔁 OR reconstruction check: et_time=23:30:00 or_end=00:30:00 or_computed=False opening_bars=0

2026-03-29 22:30:29 CST | INFO     | shree.strategies.es_fifteen_min:generate:484 - 🔁 Enriched index range: 2026-03-27 03:30:00-05:00 -> 2026-03-29 22:30:00-05:00

2026-03-29 22:30:29 CST | WARNING  | shree.strategies.es_fifteen_min:_reconstruct_or_from_history:2057 - ⚠️ No OR bars found in history for 2026-03-29 (window 00:00:00-00:30:00 ET). DataFrame range: 2026-03-27 03:30:00-05:00 to 2026-03-29 22:30:00-05:00

2026-03-29 22:30:29 CST | INFO     | shree.strategies.es_fifteen_min:generate:993 - 🔍 NO_SIGNAL diag: A:ema21(6390.7)<=ema50(6412.3) | B:no_OR(computed=False,h=0.0) | C:stack(e9=6393,e21=6391,e50=6412) | D:close(6406.5)>=ema21(6390.7) | E:no_OR(computed=False,l=0.0) | F:stack(e9=6393,e21=6391,e50=6412) | G:outside_london(22:30:00)

2026-03-29 22:30:29 CST | INFO     | shree.execution.components.signal_processor:_generate_strategy_first_signal:438 - 📊 Strategy Signal: HOLD (conf=0.00, meta=NO_SIGNAL)

2026-03-29 22:30:29 CST | INFO     | shree.execution.ib_executor:get_active_order_count:2428 - 🔍 Sync: 0 active orders (0 PendingSubmit, lock=idle)

2026-03-29 22:30:29 CST | INFO     | shree.execution.components.signal_processor:process_trading_cycle:1438 - Skipping trade (HOLD)

2026-03-29 22:32:00 CST | INFO     | shree.execution.components.trading_session_manager:start:267 - 💓 Heartbeat: waiting for 15m bar | bars=73 | price=6406.5

2026-03-29 22:37:01 CST | INFO     | shree.execution.components.trading_session_manager:start:267 - 💓 Heartbeat: waiting for 15m bar | bars=73 | price=6406.5

2026-03-29 22:42:03 CST | INFO     | shree.execution.components.trading_session_manager:start:267 - 💓 Heartbeat: waiting for 15m bar | bars=73 | price=6406.5

2026-03-29 22:45:34 CST | INFO     | shree.execution.ib_executor:get_active_order_count:2428 - 🔍 Sync: 0 active orders (0 PendingSubmit, lock=idle)

2026-03-29 22:45:34 CST | INFO     | shree.execution.components.signal_processor:process_trading_cycle:1222 - 🕐 New candle close at 22:45:00 CST

2026-03-29 22:45:34 CST | INFO     | shree.utils.structured_logging:log_structured_event:83 - Cycle start

2026-03-29 22:45:34 CST | INFO     | shree.strategies.es_fifteen_min:generate:478 - 🔁 OR reconstruction check: et_time=23:45:00 or_end=00:30:00 or_computed=False opening_bars=0

2026-03-29 22:45:34 CST | INFO     | shree.strategies.es_fifteen_min:generate:484 - 🔁 Enriched index range: 2026-03-27 03:30:00-05:00 -> 2026-03-29 22:45:00-05:00

2026-03-29 22:45:34 CST | WARNING  | shree.strategies.es_fifteen_min:_reconstruct_or_from_history:2057 - ⚠️ No OR bars found in history for 2026-03-29 (window 00:00:00-00:30:00 ET). DataFrame range: 2026-03-27 03:30:00-05:00 to 2026-03-29 22:45:00-05:00

2026-03-29 22:45:34 CST | INFO     | shree.strategies.es_fifteen_min:generate:993 - 🔍 NO_SIGNAL diag: A:ema21(6392.2)<=ema50(6412.1) | B:no_OR(computed=False,h=0.0) | C:stack(e9=6396,e21=6392,e50=6412) | D:close(6406.5)>=ema21(6392.2) | E:no_OR(computed=False,l=0.0) | F:stack(e9=6396,e21=6392,e50=6412) | G:outside_london(22:45:00)

2026-03-29 22:45:34 CST | INFO     | shree.execution.components.signal_processor:_generate_strategy_first_signal:438 - 📊 Strategy Signal: HOLD (conf=0.00, meta=NO_SIGNAL)

2026-03-29 22:45:34 CST | INFO     | shree.execution.ib_executor:get_active_order_count:2428 - 🔍 Sync: 0 active orders (0 PendingSubmit, lock=idle)

2026-03-29 22:45:34 CST | INFO     | shree.execution.components.signal_processor:process_trading_cycle:1438 - Skipping trade (HOLD)

2026-03-29 22:47:04 CST | INFO     | shree.execution.components.trading_session_manager:start:267 - 💓 Heartbeat: waiting for 15m bar | bars=74 | price=6406.5

2026-03-29 22:52:05 CST | INFO     | shree.execution.components.trading_session_manager:start:267 - 💓 Heartbeat: waiting for 15m bar | bars=74 | price=6406.5

2026-03-29 22:57:07 CST | INFO     | shree.execution.components.trading_session_manager:start:267 - 💓 Heartbeat: waiting for 15m bar | bars=74 | price=6406.5

2026-03-29 23:00:08 CST | INFO     | shree.execution.ib_executor:get_active_order_count:2428 - 🔍 Sync: 0 active orders (0 PendingSubmit, lock=idle)

2026-03-29 23:00:08 CST | INFO     | shree.execution.components.signal_processor:process_trading_cycle:1222 - 🕐 New candle close at 23:00:00 CST

2026-03-29 23:00:08 CST | INFO     | shree.utils.structured_logging:log_structured_event:83 - Cycle start

2026-03-29 23:00:08 CST | INFO     | shree.strategies.es_fifteen_min:generate:494 - 🔍 OR collecting: bars=1 H=6408.75 L=6408.00

2026-03-29 23:00:08 CST | INFO     | shree.execution.components.signal_processor:_generate_strategy_first_signal:438 - 📊 Strategy Signal: HOLD (conf=0.00, meta=OPENING_RANGE_FORMING)

2026-03-29 23:00:08 CST | INFO     | shree.execution.ib_executor:get_active_order_count:2428 - 🔍 Sync: 0 active orders (0 PendingSubmit, lock=idle)

2026-03-29 23:00:08 CST | INFO     | shree.execution.components.signal_processor:process_trading_cycle:1438 - Skipping trade (HOLD)

2026-03-29 23:02:08 CST | INFO     | shree.execution.components.trading_session_manager:start:267 - 💓 Heartbeat: waiting for 15m bar | bars=75 | price=6408.75

2026-03-29 23:07:11 CST | INFO     | shree.execution.components.trading_session_manager:start:267 - 💓 Heartbeat: waiting for 15m bar | bars=75 | price=6408.75

2026-03-29 23:12:12 CST | INFO     | shree.execution.components.trading_session_manager:start:267 - 💓 Heartbeat: waiting for 15m bar | bars=75 | price=6408.75

2026-03-29 23:15:13 CST | INFO     | shree.execution.ib_executor:get_active_order_count:2428 - 🔍 Sync: 0 active orders (0 PendingSubmit, lock=idle)

2026-03-29 23:15:13 CST | INFO     | shree.execution.components.signal_processor:process_trading_cycle:1222 - 🕐 New candle close at 23:15:00 CST

2026-03-29 23:15:13 CST | INFO     | shree.utils.structured_logging:log_structured_event:83 - Cycle start

2026-03-29 23:15:13 CST | INFO     | shree.strategies.es_fifteen_min:generate:494 - 🔍 OR collecting: bars=2 H=6410.50 L=6408.00

2026-03-29 23:15:13 CST | INFO     | shree.execution.components.signal_processor:_generate_strategy_first_signal:438 - 📊 Strategy Signal: HOLD (conf=0.00, meta=OPENING_RANGE_FORMING)

2026-03-29 23:15:13 CST | INFO     | shree.execution.ib_executor:get_active_order_count:2428 - 🔍 Sync: 0 active orders (0 PendingSubmit, lock=idle)

2026-03-29 23:15:13 CST | INFO     | shree.execution.components.signal_processor:process_trading_cycle:1438 - Skipping trade (HOLD)

2026-03-29 23:17:13 CST | INFO     | shree.execution.components.trading_session_manager:start:267 - 💓 Heartbeat: waiting for 15m bar | bars=76 | price=6410.5

2026-03-29 23:22:15 CST | INFO     | shree.execution.components.trading_session_manager:start:267 - 💓 Heartbeat: waiting for 15m bar | bars=76 | price=6410.5

2026-03-29 23:27:16 CST | INFO     | shree.execution.components.trading_session_manager:start:267 - 💓 Heartbeat: waiting for 15m bar | bars=76 | price=6410.5

2026-03-29 23:30:17 CST | INFO     | shree.execution.ib_executor:get_active_order_count:2428 - 🔍 Sync: 0 active orders (0 PendingSubmit, lock=idle)

2026-03-29 23:30:17 CST | INFO     | shree.execution.components.signal_processor:process_trading_cycle:1222 - 🕐 New candle close at 23:30:00 CST

2026-03-29 23:30:17 CST | INFO     | shree.utils.structured_logging:log_structured_event:83 - Cycle start

2026-03-29 23:30:17 CST | INFO     | shree.strategies.es_fifteen_min:_compute_opening_range:1985 - 📊 OR computed: HIGH=6410.50 LOW=6408.00 (2 bars)

2026-03-29 23:30:17 CST | INFO     | shree.strategies.es_fifteen_min:_compute_opening_range:1996 - 💾 OR persisted to data/or_2026-03-30.json

2026-03-29 23:30:17 CST | INFO     | shree.strategies.es_fifteen_min:_check_or_breakout:1278 - OR_BREAK_LONG blocked: RSI=64.7 > 60 (overbought)

2026-03-29 23:30:17 CST | INFO     | shree.strategies.es_fifteen_min:generate:993 - 🔍 NO_SIGNAL diag: A:ema21(6396.9)<=ema50(6412.0) | C:stack(e9=6403,e21=6397,e50=6412) | D:close(6414.2)>=ema21(6396.9) | E:no_cross(c=6414.2,prev=6410.5,OR_L=6408.0) | F:stack(e9=6403,e21=6397,e50=6412) | G:outside_london(23:30:00)

2026-03-29 23:30:17 CST | INFO     | shree.execution.components.signal_processor:_generate_strategy_first_signal:438 - 📊 Strategy Signal: HOLD (conf=0.00, meta=NO_SIGNAL)

2026-03-29 23:30:17 CST | INFO     | shree.execution.ib_executor:get_active_order_count:2428 - 🔍 Sync: 0 active orders (0 PendingSubmit, lock=idle)

2026-03-29 23:30:17 CST | INFO     | shree.execution.components.signal_processor:process_trading_cycle:1438 - Skipping trade (HOLD)

2026-03-29 23:32:18 CST | INFO     | shree.execution.components.trading_session_manager:start:267 - 💓 Heartbeat: waiting for 15m bar | bars=77 | price=6414.25

2026-03-29 23:37:20 CST | INFO     | shree.execution.components.trading_session_manager:start:267 - 💓 Heartbeat: waiting for 15m bar | bars=77 | price=6414.25

2026-03-29 23:42:21 CST | INFO     | shree.execution.components.trading_session_manager:start:267 - 💓 Heartbeat: waiting for 15m bar | bars=77 | price=6414.25

2026-03-29 23:45:22 CST | INFO     | shree.execution.ib_executor:get_active_order_count:2428 - 🔍 Sync: 0 active orders (0 PendingSubmit, lock=idle)

2026-03-29 23:45:22 CST | INFO     | shree.execution.components.signal_processor:process_trading_cycle:1222 - 🕐 New candle close at 23:45:00 CST

2026-03-29 23:45:22 CST | INFO     | shree.utils.structured_logging:log_structured_event:83 - Cycle start

2026-03-29 23:45:22 CST | INFO     | shree.strategies.es_fifteen_min:generate:993 - 🔍 NO_SIGNAL diag: A:ema21(6398.3)<=ema50(6412.0) | B:no_cross(c=6412.5,prev=6414.2,OR_H=6410.5) | C:stack(e9=6405,e21=6398,e50=6412) | D:close(6412.5)>=ema21(6398.3) | E:no_cross(c=6412.5,prev=6414.2,OR_L=6408.0) | F:stack(e9=6405,e21=6398,e50=6412) | G:outside_london(23:45:00)

2026-03-29 23:45:22 CST | INFO     | shree.execution.components.signal_processor:_generate_strategy_first_signal:438 - 📊 Strategy Signal: HOLD (conf=0.00, meta=NO_SIGNAL)

2026-03-29 23:45:22 CST | INFO     | shree.execution.ib_executor:get_active_order_count:2428 - 🔍 Sync: 0 active orders (0 PendingSubmit, lock=idle)

2026-03-29 23:45:22 CST | INFO     | shree.execution.components.signal_processor:process_trading_cycle:1438 - Skipping trade (HOLD)

2026-03-29 23:47:23 CST | INFO     | shree.execution.components.trading_session_manager:start:267 - 💓 Heartbeat: waiting for 15m bar | bars=78 | price=6412.5

2026-03-29 23:52:24 CST | INFO     | shree.execution.components.trading_session_manager:start:267 - 💓 Heartbeat: waiting for 15m bar | bars=78 | price=6412.5

2026-03-29 23:57:25 CST | INFO     | shree.execution.components.trading_session_manager:start:267 - 💓 Heartbeat: waiting for 15m bar | bars=78 | price=6412.5

2026-03-30 00:00:26 CST | INFO     | shree.execution.ib_executor:get_active_order_count:2428 - 🔍 Sync: 0 active orders (0 PendingSubmit, lock=idle)

2026-03-30 00:00:26 CST | INFO     | shree.execution.components.signal_processor:process_trading_cycle:1222 - 🕐 New candle close at 00:00:00 CST

2026-03-30 00:00:26 CST | INFO     | shree.utils.structured_logging:log_structured_event:83 - Cycle start

2026-03-30 00:00:26 CST | INFO     | shree.strategies.es_fifteen_min:generate:993 - 🔍 NO_SIGNAL diag: A:ema21(6399.5)<=ema50(6412.0) | B:no_cross(c=6411.5,prev=6412.5,OR_H=6410.5) | C:stack(e9=6407,e21=6400,e50=6412) | D:close(6411.5)>=ema21(6399.5) | E:no_cross(c=6411.5,prev=6412.5,OR_L=6408.0) | F:stack(e9=6407,e21=6400,e50=6412) | G:outside_london(00:00:00)

2026-03-30 00:00:26 CST | INFO     | shree.execution.components.signal_processor:_generate_strategy_first_signal:438 - 📊 Strategy Signal: HOLD (conf=0.00, meta=NO_SIGNAL)

2026-03-30 00:00:26 CST | INFO     | shree.execution.ib_executor:get_active_order_count:2428 - 🔍 Sync: 0 active orders (0 PendingSubmit, lock=idle)

2026-03-30 00:00:26 CST | INFO     | shree.execution.components.signal_processor:process_trading_cycle:1438 - Skipping trade (HOLD)

2026-03-30 00:02:27 CST | INFO     | shree.execution.components.trading_session_manager:start:267 - 💓 Heartbeat: waiting for 15m bar | bars=79 | price=6411.5

2026-03-30 00:07:28 CST | INFO     | shree.execution.components.trading_session_manager:start:267 - 💓 Heartbeat: waiting for 15m bar | bars=79 | price=6411.5

2026-03-30 00:12:30 CST | INFO     | shree.execution.components.trading_session_manager:start:267 - 💓 Heartbeat: waiting for 15m bar | bars=79 | price=6411.5

2026-03-30 00:15:30 CST | INFO     | shree.execution.ib_executor:get_active_order_count:2428 - 🔍 Sync: 0 active orders (0 PendingSubmit, lock=idle)

2026-03-30 00:15:30 CST | INFO     | shree.execution.components.signal_processor:process_trading_cycle:1222 - 🕐 New candle close at 00:15:00 CST

2026-03-30 00:15:30 CST | INFO     | shree.utils.structured_logging:log_structured_event:83 - Cycle start

2026-03-30 00:15:30 CST | INFO     | shree.strategies.es_fifteen_min:generate:993 - 🔍 NO_SIGNAL diag: A:ema21(6401.0)<=ema50(6412.1) | B:no_cross(c=6415.8,prev=6411.5,OR_H=6410.5) | C:stack(e9=6408,e21=6401,e50=6412) | D:close(6415.8)>=ema21(6401.0) | E:no_cross(c=6415.8,prev=6411.5,OR_L=6408.0) | F:stack(e9=6408,e21=6401,e50=6412) | G:outside_london(00:15:00)

2026-03-30 00:15:30 CST | INFO     | shree.execution.components.signal_processor:_generate_strategy_first_signal:438 - 📊 Strategy Signal: HOLD (conf=0.00, meta=NO_SIGNAL)

2026-03-30 00:15:30 CST | INFO     | shree.execution.ib_executor:get_active_order_count:2428 - 🔍 Sync: 0 active orders (0 PendingSubmit, lock=idle)

2026-03-30 00:15:30 CST | INFO     | shree.execution.components.signal_processor:process_trading_cycle:1438 - Skipping trade (HOLD)

2026-03-30 00:17:31 CST | INFO     | shree.execution.components.trading_session_manager:start:267 - 💓 Heartbeat: waiting for 15m bar | bars=80 | price=6415.75

2026-03-30 00:22:32 CST | INFO     | shree.execution.components.trading_session_manager:start:267 - 💓 Heartbeat: waiting for 15m bar | bars=80 | price=6415.75

2026-03-30 00:27:33 CST | INFO     | shree.execution.components.trading_session_manager:start:267 - 💓 Heartbeat: waiting for 15m bar | bars=80 | price=6415.75

2026-03-30 00:30:34 CST | INFO     | shree.execution.ib_executor:get_active_order_count:2428 - 🔍 Sync: 0 active orders (0 PendingSubmit, lock=idle)

2026-03-30 00:30:34 CST | INFO     | shree.execution.components.signal_processor:process_trading_cycle:1222 - 🕐 New candle close at 00:30:00 CST

2026-03-30 00:30:34 CST | INFO     | shree.utils.structured_logging:log_structured_event:83 - Cycle start

2026-03-30 00:30:34 CST | INFO     | shree.strategies.es_fifteen_min:generate:993 - 🔍 NO_SIGNAL diag: A:ema21(6402.4)<=ema50(6412.3) | B:no_cross(c=6416.8,prev=6415.8,OR_H=6410.5) | C:stack(e9=6410,e21=6402,e50=6412) | D:close(6416.8)>=ema21(6402.4) | E:no_cross(c=6416.8,prev=6415.8,OR_L=6408.0) | F:stack(e9=6410,e21=6402,e50=6412) | G:outside_london(00:30:00)

2026-03-30 00:30:34 CST | INFO     | shree.execution.components.signal_processor:_generate_strategy_first_signal:438 - 📊 Strategy Signal: HOLD (conf=0.00, meta=NO_SIGNAL)

2026-03-30 00:30:34 CST | INFO     | shree.execution.ib_executor:get_active_order_count:2428 - 🔍 Sync: 0 active orders (0 PendingSubmit, lock=idle)

2026-03-30 00:30:34 CST | INFO     | shree.execution.components.signal_processor:process_trading_cycle:1438 - Skipping trade (HOLD)

2026-03-30 00:32:35 CST | INFO     | shree.execution.components.trading_session_manager:start:267 - 💓 Heartbeat: waiting for 15m bar | bars=81 | price=6416.75

2026-03-30 00:37:36 CST | INFO     | shree.execution.components.trading_session_manager:start:267 - 💓 Heartbeat: waiting for 15m bar | bars=81 | price=6416.75

2026-03-30 00:42:38 CST | INFO     | shree.execution.components.trading_session_manager:start:267 - 💓 Heartbeat: waiting for 15m bar | bars=81 | price=6416.75

2026-03-30 00:45:08 CST | INFO     | shree.execution.ib_executor:get_active_order_count:2428 - 🔍 Sync: 0 active orders (0 PendingSubmit, lock=idle)

2026-03-30 00:45:08 CST | INFO     | shree.execution.components.signal_processor:process_trading_cycle:1222 - 🕐 New candle close at 00:45:00 CST

2026-03-30 00:45:09 CST | INFO     | shree.utils.structured_logging:log_structured_event:83 - Cycle start

2026-03-30 00:45:09 CST | INFO     | shree.strategies.es_fifteen_min:generate:993 - 🔍 NO_SIGNAL diag: A:ema21(6403.6)<=ema50(6412.4) | B:no_cross(c=6414.8,prev=6416.8,OR_H=6410.5) | C:stack(e9=6411,e21=6404,e50=6412) | D:close(6414.8)>=ema21(6403.6) | E:no_cross(c=6414.8,prev=6416.8,OR_L=6408.0) | F:stack(e9=6411,e21=6404,e50=6412) | G:outside_london(00:45:00)

2026-03-30 00:45:09 CST | INFO     | shree.execution.components.signal_processor:_generate_strategy_first_signal:438 - 📊 Strategy Signal: HOLD (conf=0.00, meta=NO_SIGNAL)

2026-03-30 00:45:09 CST | INFO     | shree.execution.ib_executor:get_active_order_count:2428 - 🔍 Sync: 0 active orders (0 PendingSubmit, lock=idle)

2026-03-30 00:45:09 CST | INFO     | shree.execution.components.signal_processor:process_trading_cycle:1438 - Skipping trade (HOLD)

2026-03-30 00:47:39 CST | INFO     | shree.execution.components.trading_session_manager:start:267 - 💓 Heartbeat: waiting for 15m bar | bars=82 | price=6414.75

2026-03-30 00:52:41 CST | INFO     | shree.execution.components.trading_session_manager:start:267 - 💓 Heartbeat: waiting for 15m bar | bars=82 | price=6414.75

2026-03-30 00:57:42 CST | INFO     | shree.execution.components.trading_session_manager:start:267 - 💓 Heartbeat: waiting for 15m bar | bars=82 | price=6414.75

2026-03-30 01:00:13 CST | INFO     | shree.execution.ib_executor:get_active_order_count:2428 - 🔍 Sync: 0 active orders (0 PendingSubmit, lock=idle)

2026-03-30 01:00:13 CST | INFO     | shree.execution.components.signal_processor:process_trading_cycle:1222 - 🕐 New candle close at 01:00:00 CST

2026-03-30 01:00:13 CST | INFO     | shree.utils.structured_logging:log_structured_event:83 - Cycle start

2026-03-30 01:00:13 CST | INFO     | shree.strategies.es_fifteen_min:generate:993 - 🔍 NO_SIGNAL diag: A:ema21(6404.8)<=ema50(6412.6) | B:no_cross(c=6416.8,prev=6414.8,OR_H=6410.5) | C:stack(e9=6412,e21=6405,e50=6413) | D:close(6416.8)>=ema21(6404.8) | E:no_cross(c=6416.8,prev=6414.8,OR_L=6408.0) | F:stack(e9=6412,e21=6405,e50=6413) | G:outside_london(01:00:00)

2026-03-30 01:00:13 CST | INFO     | shree.execution.components.signal_processor:_generate_strategy_first_signal:438 - 📊 Strategy Signal: HOLD (conf=0.00, meta=NO_SIGNAL)

2026-03-30 01:00:13 CST | INFO     | shree.execution.ib_executor:get_active_order_count:2428 - 🔍 Sync: 0 active orders (0 PendingSubmit, lock=idle)

2026-03-30 01:00:13 CST | INFO     | shree.execution.components.signal_processor:process_trading_cycle:1438 - Skipping trade (HOLD)

2026-03-30 01:02:43 CST | INFO     | shree.execution.components.trading_session_manager:start:267 - 💓 Heartbeat: waiting for 15m bar | bars=83 | price=6416.75

2026-03-30 01:07:45 CST | INFO     | shree.execution.components.trading_session_manager:start:267 - 💓 Heartbeat: waiting for 15m bar | bars=83 | price=6416.75

2026-03-30 01:12:46 CST | INFO     | shree.execution.components.trading_session_manager:start:267 - 💓 Heartbeat: waiting for 15m bar | bars=83 | price=6416.75

2026-03-30 01:15:17 CST | INFO     | shree.execution.ib_executor:get_active_order_count:2428 - 🔍 Sync: 0 active orders (0 PendingSubmit, lock=idle)

2026-03-30 01:15:17 CST | INFO     | shree.execution.components.signal_processor:process_trading_cycle:1222 - 🕐 New candle close at 01:15:00 CST

2026-03-30 01:15:17 CST | INFO     | shree.utils.structured_logging:log_structured_event:83 - Cycle start

2026-03-30 01:15:17 CST | INFO     | shree.strategies.es_fifteen_min:generate:993 - 🔍 NO_SIGNAL diag: A:ema21(6406.2)<=ema50(6412.9) | B:no_cross(c=6420.2,prev=6416.8,OR_H=6410.5) | C:stack(e9=6414,e21=6406,e50=6413) | D:close(6420.2)>=ema21(6406.2) | E:no_cross(c=6420.2,prev=6416.8,OR_L=6408.0) | F:stack(e9=6414,e21=6406,e50=6413) | G:outside_london(01:15:00)

2026-03-30 01:15:17 CST | INFO     | shree.execution.components.signal_processor:_generate_strategy_first_signal:438 - 📊 Strategy Signal: HOLD (conf=0.00, meta=NO_SIGNAL)

2026-03-30 01:15:17 CST | INFO     | shree.execution.ib_executor:get_active_order_count:2428 - 🔍 Sync: 0 active orders (0 PendingSubmit, lock=idle)

2026-03-30 01:15:17 CST | INFO     | shree.execution.components.signal_processor:process_trading_cycle:1438 - Skipping trade (HOLD)

2026-03-30 01:17:48 CST | INFO     | shree.execution.components.trading_session_manager:start:267 - 💓 Heartbeat: waiting for 15m bar | bars=84 | price=6420.25

2026-03-30 01:22:49 CST | INFO     | shree.execution.components.trading_session_manager:start:267 - 💓 Heartbeat: waiting for 15m bar | bars=84 | price=6420.25

2026-03-30 01:27:50 CST | INFO     | shree.execution.components.trading_session_manager:start:267 - 💓 Heartbeat: waiting for 15m bar | bars=84 | price=6420.25

2026-03-30 01:30:21 CST | INFO     | shree.execution.ib_executor:get_active_order_count:2428 - 🔍 Sync: 0 active orders (0 PendingSubmit, lock=idle)

2026-03-30 01:30:21 CST | INFO     | shree.execution.components.signal_processor:process_trading_cycle:1222 - 🕐 New candle close at 01:30:00 CST

2026-03-30 01:30:21 CST | INFO     | shree.utils.structured_logging:log_structured_event:83 - Cycle start

2026-03-30 01:30:21 CST | INFO     | shree.strategies.es_fifteen_min:generate:993 - 🔍 NO_SIGNAL diag: A:ema21(6407.8)<=ema50(6413.3) | B:no_cross(c=6424.2,prev=6420.2,OR_H=6410.5) | C:stack(e9=6416,e21=6408,e50=6413) | D:close(6424.2)>=ema21(6407.8) | E:no_cross(c=6424.2,prev=6420.2,OR_L=6408.0) | F:stack(e9=6416,e21=6408,e50=6413) | G:outside_london(01:30:00)

2026-03-30 01:30:21 CST | INFO     | shree.execution.components.signal_processor:_generate_strategy_first_signal:438 - 📊 Strategy Signal: HOLD (conf=0.00, meta=NO_SIGNAL)

2026-03-30 01:30:21 CST | INFO     | shree.execution.ib_executor:get_active_order_count:2428 - 🔍 Sync: 0 active orders (0 PendingSubmit, lock=idle)

2026-03-30 01:30:21 CST | INFO     | shree.execution.components.signal_processor:process_trading_cycle:1438 - Skipping trade (HOLD)

2026-03-30 01:32:52 CST | INFO     | shree.execution.components.trading_session_manager:start:267 - 💓 Heartbeat: waiting for 15m bar | bars=85 | price=6424.25

2026-03-30 01:37:53 CST | INFO     | shree.execution.components.trading_session_manager:start:267 - 💓 Heartbeat: waiting for 15m bar | bars=85 | price=6424.25

2026-03-30 01:42:55 CST | INFO     | shree.execution.components.trading_session_manager:start:267 - 💓 Heartbeat: waiting for 15m bar | bars=85 | price=6424.25

2026-03-30 01:45:25 CST | INFO     | shree.execution.ib_executor:get_active_order_count:2428 - 🔍 Sync: 0 active orders (0 PendingSubmit, lock=idle)

2026-03-30 01:45:25 CST | INFO     | shree.execution.components.signal_processor:process_trading_cycle:1222 - 🕐 New candle close at 01:45:00 CST

2026-03-30 01:45:25 CST | INFO     | shree.utils.structured_logging:log_structured_event:83 - Cycle start

2026-03-30 01:45:25 CST | INFO     | shree.strategies.es_fifteen_min:generate:993 - 🔍 NO_SIGNAL diag: A:ema21(6409.8)<=ema50(6414.0) | B:no_cross(c=6429.5,prev=6424.2,OR_H=6410.5) | C:stack(e9=6419,e21=6410,e50=6414) | D:close(6429.5)>=ema21(6409.8) | E:no_cross(c=6429.5,prev=6424.2,OR_L=6408.0) | F:stack(e9=6419,e21=6410,e50=6414) | G:outside_london(01:45:00)

2026-03-30 01:45:25 CST | INFO     | shree.execution.components.signal_processor:_generate_strategy_first_signal:438 - 📊 Strategy Signal: HOLD (conf=0.00, meta=NO_SIGNAL)

2026-03-30 01:45:25 CST | INFO     | shree.execution.ib_executor:get_active_order_count:2428 - 🔍 Sync: 0 active orders (0 PendingSubmit, lock=idle)

2026-03-30 01:45:25 CST | INFO     | shree.execution.components.signal_processor:process_trading_cycle:1438 - Skipping trade (HOLD)

2026-03-30 01:47:56 CST | INFO     | shree.execution.components.trading_session_manager:start:267 - 💓 Heartbeat: waiting for 15m bar | bars=86 | price=6429.5

2026-03-30 01:52:57 CST | INFO     | shree.execution.components.trading_session_manager:start:267 - 💓 Heartbeat: waiting for 15m bar | bars=86 | price=6429.5

2026-03-30 01:57:58 CST | INFO     | shree.execution.components.trading_session_manager:start:267 - 💓 Heartbeat: waiting for 15m bar | bars=86 | price=6429.5

2026-03-30 02:00:29 CST | INFO     | shree.execution.ib_executor:get_active_order_count:2428 - 🔍 Sync: 0 active orders (0 PendingSubmit, lock=idle)

2026-03-30 02:00:29 CST | INFO     | shree.execution.components.signal_processor:process_trading_cycle:1222 - 🕐 New candle close at 02:00:00 CST

2026-03-30 02:00:29 CST | INFO     | shree.utils.structured_logging:log_structured_event:83 - Cycle start

2026-03-30 02:00:29 CST | INFO     | shree.strategies.es_fifteen_min:generate:993 - 🔍 NO_SIGNAL diag: A:ema21(6411.3)<=ema50(6414.5) | B:no_cross(c=6427.0,prev=6429.5,OR_H=6410.5) | C:stack(e9=6420,e21=6411,e50=6414) | D:close(6427.0)>=ema21(6411.3) | E:no_cross(c=6427.0,prev=6429.5,OR_L=6408.0) | F:stack(e9=6420,e21=6411,e50=6414) | G:no_cross(e9=6420.3,e21=6411.3,pe9=6418.6,pe21=6409.8)

2026-03-30 02:00:29 CST | INFO     | shree.execution.components.signal_processor:_generate_strategy_first_signal:438 - 📊 Strategy Signal: HOLD (conf=0.00, meta=NO_SIGNAL)

2026-03-30 02:00:29 CST | INFO     | shree.execution.ib_executor:get_active_order_count:2428 - 🔍 Sync: 0 active orders (0 PendingSubmit, lock=idle)

2026-03-30 02:00:29 CST | INFO     | shree.execution.components.signal_processor:process_trading_cycle:1438 - Skipping trade (HOLD)

2026-03-30 02:03:00 CST | INFO     | shree.execution.components.trading_session_manager:start:267 - 💓 Heartbeat: waiting for 15m bar | bars=87 | price=6427.0

2026-03-30 02:08:01 CST | INFO     | shree.execution.components.trading_session_manager:start:267 - 💓 Heartbeat: waiting for 15m bar | bars=87 | price=6427.0

2026-03-30 02:13:02 CST | INFO     | shree.execution.components.trading_session_manager:start:267 - 💓 Heartbeat: waiting for 15m bar | bars=87 | price=6427.0

2026-03-30 02:15:32 CST | INFO     | shree.execution.ib_executor:get_active_order_count:2428 - 🔍 Sync: 0 active orders (0 PendingSubmit, lock=idle)

2026-03-30 02:15:32 CST | INFO     | shree.execution.components.signal_processor:process_trading_cycle:1222 - 🕐 New candle close at 02:15:00 CST

2026-03-30 02:15:32 CST | INFO     | shree.utils.structured_logging:log_structured_event:83 - Cycle start

2026-03-30 02:15:32 CST | INFO     | shree.strategies.es_fifteen_min:generate:993 - 🔍 NO_SIGNAL diag: A:ema21(6413.0)<=ema50(6415.1) | B:no_cross(c=6430.0,prev=6427.0,OR_H=6410.5) | C:stack(e9=6422,e21=6413,e50=6415) | D:close(6430.0)>=ema21(6413.0) | E:no_cross(c=6430.0,prev=6427.0,OR_L=6408.0) | F:stack(e9=6422,e21=6413,e50=6415) | G:no_cross(e9=6422.2,e21=6413.0,pe9=6420.3,pe21=6411.3)

2026-03-30 02:15:32 CST | INFO     | shree.execution.components.signal_processor:_generate_strategy_first_signal:438 - 📊 Strategy Signal: HOLD (conf=0.00, meta=NO_SIGNAL)

2026-03-30 02:15:32 CST | INFO     | shree.execution.ib_executor:get_active_order_count:2428 - 🔍 Sync: 0 active orders (0 PendingSubmit, lock=idle)

2026-03-30 02:15:32 CST | INFO     | shree.execution.components.signal_processor:process_trading_cycle:1438 - Skipping trade (HOLD)

2026-03-30 02:18:03 CST | INFO     | shree.execution.components.trading_session_manager:start:267 - 💓 Heartbeat: waiting for 15m bar | bars=88 | price=6430.0

2026-03-30 02:23:04 CST | INFO     | shree.execution.components.trading_session_manager:start:267 - 💓 Heartbeat: waiting for 15m bar | bars=88 | price=6430.0

2026-03-30 02:28:05 CST | INFO     | shree.execution.components.trading_session_manager:start:267 - 💓 Heartbeat: waiting for 15m bar | bars=88 | price=6430.0

2026-03-30 02:30:06 CST | INFO     | shree.execution.ib_executor:get_active_order_count:2428 - 🔍 Sync: 0 active orders (0 PendingSubmit, lock=idle)

2026-03-30 02:30:06 CST | INFO     | shree.execution.components.signal_processor:process_trading_cycle:1222 - 🕐 New candle close at 02:30:00 CST

2026-03-30 02:30:06 CST | INFO     | shree.utils.structured_logging:log_structured_event:83 - Cycle start

2026-03-30 02:30:06 CST | INFO     | shree.strategies.es_fifteen_min:generate:993 - 🔍 NO_SIGNAL diag: A:ema21(6414.4)<=ema50(6415.6) | B:no_cross(c=6428.5,prev=6430.0,OR_H=6410.5) | C:stack(e9=6423,e21=6414,e50=6416) | D:close(6428.5)>=ema21(6414.4) | E:no_cross(c=6428.5,prev=6430.0,OR_L=6408.0) | F:stack(e9=6423,e21=6414,e50=6416) | G:no_cross(e9=6423.5,e21=6414.4,pe9=6422.2,pe21=6413.0)

2026-03-30 02:30:06 CST | INFO     | shree.execution.components.signal_processor:_generate_strategy_first_signal:438 - 📊 Strategy Signal: HOLD (conf=0.00, meta=NO_SIGNAL)

2026-03-30 02:30:06 CST | INFO     | shree.execution.ib_executor:get_active_order_count:2428 - 🔍 Sync: 0 active orders (0 PendingSubmit, lock=idle)

2026-03-30 02:30:06 CST | INFO     | shree.execution.components.signal_processor:process_trading_cycle:1438 - Skipping trade (HOLD)

2026-03-30 02:33:06 CST | INFO     | shree.execution.components.trading_session_manager:start:267 - 💓 Heartbeat: waiting for 15m bar | bars=89 | price=6428.5

2026-03-30 02:38:07 CST | INFO     | shree.execution.components.trading_session_manager:start:267 - 💓 Heartbeat: waiting for 15m bar | bars=89 | price=6428.5

2026-03-30 02:43:09 CST | INFO     | shree.execution.components.trading_session_manager:start:267 - 💓 Heartbeat: waiting for 15m bar | bars=89 | price=6428.5

2026-03-30 02:45:09 CST | INFO     | shree.execution.ib_executor:get_active_order_count:2428 - 🔍 Sync: 0 active orders (0 PendingSubmit, lock=idle)

2026-03-30 02:45:09 CST | INFO     | shree.execution.components.signal_processor:process_trading_cycle:1222 - 🕐 New candle close at 02:45:00 CST

2026-03-30 02:45:09 CST | INFO     | shree.utils.structured_logging:log_structured_event:83 - Cycle start

2026-03-30 02:45:09 CST | INFO     | shree.strategies.es_fifteen_min:generate:993 - 🔍 NO_SIGNAL diag: A:ema21(6416.0)<=ema50(6416.2) | B:no_cross(c=6431.0,prev=6428.5,OR_H=6410.5) | C:stack(e9=6425,e21=6416,e50=6416) | D:close(6431.0)>=ema21(6416.0) | E:no_cross(c=6431.0,prev=6428.5,OR_L=6408.0) | F:stack(e9=6425,e21=6416,e50=6416) | G:no_cross(e9=6425.0,e21=6416.0,pe9=6423.5,pe21=6414.4)

2026-03-30 02:45:09 CST | INFO     | shree.execution.components.signal_processor:_generate_strategy_first_signal:438 - 📊 Strategy Signal: HOLD (conf=0.00, meta=NO_SIGNAL)

2026-03-30 02:45:09 CST | INFO     | shree.execution.ib_executor:get_active_order_count:2428 - 🔍 Sync: 0 active orders (0 PendingSubmit, lock=idle)

2026-03-30 02:45:09 CST | INFO     | shree.execution.components.signal_processor:process_trading_cycle:1438 - Skipping trade (HOLD)

2026-03-30 02:48:10 CST | INFO     | shree.execution.components.trading_session_manager:start:267 - 💓 Heartbeat: waiting for 15m bar | bars=90 | price=6431.0

2026-03-30 02:53:11 CST | INFO     | shree.execution.components.trading_session_manager:start:267 - 💓 Heartbeat: waiting for 15m bar | bars=90 | price=6431.0

2026-03-30 02:58:12 CST | INFO     | shree.execution.components.trading_session_manager:start:267 - 💓 Heartbeat: waiting for 15m bar | bars=90 | price=6431.0

2026-03-30 03:00:12 CST | INFO     | shree.execution.ib_executor:get_active_order_count:2428 - 🔍 Sync: 0 active orders (0 PendingSubmit, lock=idle)

2026-03-30 03:00:12 CST | INFO     | shree.execution.components.signal_processor:process_trading_cycle:1222 - 🕐 New candle close at 03:00:00 CST

2026-03-30 03:00:12 CST | INFO     | shree.utils.structured_logging:log_structured_event:83 - Cycle start

2026-03-30 03:00:12 CST | INFO     | shree.strategies.es_fifteen_min:generate:993 - 🔍 NO_SIGNAL diag: A:low(6432.2)>touch(6423.9) | B:no_cross(c=6432.5,prev=6431.0,OR_H=6410.5) | C:bearish(c=6432.5,o=6434.5) | D:ema21(6417.5)>=ema50(6416.8) | E:no_cross(c=6432.5,prev=6431.0,OR_L=6408.0) | F:bearish(c=6432.5,o=6434.5) | G:no_cross(e9=6426.5,e21=6417.5,pe9=6425.0,pe21=6416.0)

2026-03-30 03:00:12 CST | INFO     | shree.execution.components.signal_processor:_generate_strategy_first_signal:438 - 📊 Strategy Signal: HOLD (conf=0.00, meta=NO_SIGNAL)

2026-03-30 03:00:12 CST | INFO     | shree.execution.ib_executor:get_active_order_count:2428 - 🔍 Sync: 0 active orders (0 PendingSubmit, lock=idle)

2026-03-30 03:00:12 CST | INFO     | shree.execution.components.signal_processor:process_trading_cycle:1438 - Skipping trade (HOLD)

2026-03-30 03:03:13 CST | INFO     | shree.execution.components.trading_session_manager:start:267 - 💓 Heartbeat: waiting for 15m bar | bars=91 | price=6432.5

2026-03-30 03:08:14 CST | INFO     | shree.execution.components.trading_session_manager:start:267 - 💓 Heartbeat: waiting for 15m bar | bars=91 | price=6432.5

2026-03-30 03:13:15 CST | INFO     | shree.execution.components.trading_session_manager:start:267 - 💓 Heartbeat: waiting for 15m bar | bars=91 | price=6432.5

2026-03-30 03:15:16 CST | INFO     | shree.execution.ib_executor:get_active_order_count:2428 - 🔍 Sync: 0 active orders (0 PendingSubmit, lock=idle)

2026-03-30 03:15:16 CST | INFO     | shree.execution.components.signal_processor:process_trading_cycle:1222 - 🕐 New candle close at 03:15:00 CST

2026-03-30 03:15:16 CST | INFO     | shree.utils.structured_logging:log_structured_event:83 - Cycle start

2026-03-30 03:15:16 CST | INFO     | shree.strategies.es_fifteen_min:generate:993 - 🔍 NO_SIGNAL diag: A:low(6440.0)>touch(6426.0) | B:no_cross(c=6440.5,prev=6432.5,OR_H=6410.5) | C:low(6440.0)>touch(6438.9) | D:ema21(6419.6)>=ema50(6417.8) | E:no_cross(c=6440.5,prev=6432.5,OR_L=6408.0) | F:bearish(c=6440.5,o=6440.5) | G:no_cross(e9=6429.3,e21=6419.6,pe9=6426.5,pe21=6417.5)

2026-03-30 03:15:16 CST | INFO     | shree.execution.components.signal_processor:_generate_strategy_first_signal:438 - 📊 Strategy Signal: HOLD (conf=0.00, meta=NO_SIGNAL)

2026-03-30 03:15:16 CST | INFO     | shree.execution.ib_executor:get_active_order_count:2428 - 🔍 Sync: 0 active orders (0 PendingSubmit, lock=idle)

2026-03-30 03:15:16 CST | INFO     | shree.execution.components.signal_processor:process_trading_cycle:1438 - Skipping trade (HOLD)

2026-03-30 03:18:17 CST | INFO     | shree.execution.components.trading_session_manager:start:267 - 💓 Heartbeat: waiting for 15m bar | bars=92 | price=6440.5

2026-03-30 03:23:18 CST | INFO     | shree.execution.components.trading_session_manager:start:267 - 💓 Heartbeat: waiting for 15m bar | bars=92 | price=6440.5

2026-03-30 03:28:19 CST | INFO     | shree.execution.components.trading_session_manager:start:267 - 💓 Heartbeat: waiting for 15m bar | bars=92 | price=6440.5

2026-03-30 03:30:19 CST | INFO     | shree.execution.ib_executor:get_active_order_count:2428 - 🔍 Sync: 0 active orders (0 PendingSubmit, lock=idle)

2026-03-30 03:30:19 CST | INFO     | shree.execution.components.signal_processor:process_trading_cycle:1222 - 🕐 New candle close at 03:30:00 CST

2026-03-30 03:30:19 CST | INFO     | shree.utils.structured_logging:log_structured_event:83 - Cycle start

2026-03-30 03:30:19 CST | INFO     | shree.strategies.es_fifteen_min:generate:993 - 🔍 NO_SIGNAL diag: A:low(6441.2)>touch(6428.0) | B:no_cross(c=6441.5,prev=6440.5,OR_H=6410.5) | C:bearish(c=6441.5,o=6442.0) | D:ema21(6421.5)>=ema50(6418.7) | E:no_cross(c=6441.5,prev=6440.5,OR_L=6408.0) | F:bearish(c=6441.5,o=6442.0) | G:no_cross(e9=6431.7,e21=6421.5,pe9=6429.3,pe21=6419.6)

2026-03-30 03:30:19 CST | INFO     | shree.execution.components.signal_processor:_generate_strategy_first_signal:438 - 📊 Strategy Signal: HOLD (conf=0.00, meta=NO_SIGNAL)

2026-03-30 03:30:19 CST | INFO     | shree.execution.ib_executor:get_active_order_count:2428 - 🔍 Sync: 0 active orders (0 PendingSubmit, lock=idle)

2026-03-30 03:30:19 CST | INFO     | shree.execution.components.signal_processor:process_trading_cycle:1438 - Skipping trade (HOLD)

2026-03-30 03:33:20 CST | INFO     | shree.execution.components.trading_session_manager:start:267 - 💓 Heartbeat: waiting for 15m bar | bars=93 | price=6441.5

2026-03-30 03:38:21 CST | INFO     | shree.execution.components.trading_session_manager:start:267 - 💓 Heartbeat: waiting for 15m bar | bars=93 | price=6441.5

2026-03-30 03:43:22 CST | INFO     | shree.execution.components.trading_session_manager:start:267 - 💓 Heartbeat: waiting for 15m bar | bars=93 | price=6441.5

2026-03-30 03:45:23 CST | INFO     | shree.execution.ib_executor:get_active_order_count:2428 - 🔍 Sync: 0 active orders (0 PendingSubmit, lock=idle)

2026-03-30 03:45:23 CST | INFO     | shree.execution.components.signal_processor:process_trading_cycle:1222 - 🕐 New candle close at 03:45:00 CST

2026-03-30 03:45:23 CST | INFO     | shree.utils.structured_logging:log_structured_event:83 - Cycle start

2026-03-30 03:45:23 CST | INFO     | shree.strategies.es_fifteen_min:generate:714 - 🚫 ON_RSI_EXTREME: blocking TREND_CONT_LONG overnight (RSI=76.8 > 65) | overbought exhaustion trap

2026-03-30 03:45:23 CST | INFO     | shree.strategies.es_fifteen_min:generate:993 - 🔍 NO_SIGNAL diag: A:low(6441.5)>touch(6429.8) | B:no_cross(c=6442.0,prev=6441.5,OR_H=6410.5) | C:rsi(77)out[40-70] | D:ema21(6423.4)>=ema50(6419.6) | E:no_cross(c=6442.0,prev=6441.5,OR_L=6408.0) | F:asc(6442.0,6441.5,6440.5) | G:no_cross(e9=6433.8,e21=6423.4,pe9=6431.7,pe21=6421.5)

2026-03-30 03:45:23 CST | INFO     | shree.execution.components.signal_processor:_generate_strategy_first_signal:438 - 📊 Strategy Signal: HOLD (conf=0.00, meta=NO_SIGNAL)

2026-03-30 03:45:23 CST | INFO     | shree.execution.ib_executor:get_active_order_count:2428 - 🔍 Sync: 0 active orders (0 PendingSubmit, lock=idle)

2026-03-30 03:45:23 CST | INFO     | shree.execution.components.signal_processor:process_trading_cycle:1438 - Skipping trade (HOLD)

2026-03-30 03:48:23 CST | INFO     | shree.execution.components.trading_session_manager:start:267 - 💓 Heartbeat: waiting for 15m bar | bars=94 | price=6442.0

2026-03-30 03:53:24 CST | INFO     | shree.execution.components.trading_session_manager:start:267 - 💓 Heartbeat: waiting for 15m bar | bars=94 | price=6442.0

2026-03-30 03:58:25 CST | INFO     | shree.execution.components.trading_session_manager:start:267 - 💓 Heartbeat: waiting for 15m bar | bars=94 | price=6442.0

2026-03-30 04:00:26 CST | INFO     | shree.execution.ib_executor:get_active_order_count:2428 - 🔍 Sync: 0 active orders (0 PendingSubmit, lock=idle)

2026-03-30 04:00:26 CST | INFO     | shree.execution.components.signal_processor:process_trading_cycle:1222 - 🕐 New candle close at 04:00:00 CST

2026-03-30 04:00:26 CST | INFO     | shree.utils.structured_logging:log_structured_event:83 - Cycle start

2026-03-30 04:00:26 CST | INFO     | shree.strategies.es_fifteen_min:generate:619 - 🚫 EXHAUSTION_COOLDOWN: LONG exhaustion detected | move=+37.2pts (8.2×ATR) — blocking BUY signals for 4 bars

2026-03-30 04:00:26 CST | INFO     | shree.strategies.es_fifteen_min:_check_trend_continuation_long:1780 - TREND_EXHAUSTION_LONG: move=+37.2pts (8.2×ATR) > 8.0×ATR threshold — blocking TREND_CONT_LONG

2026-03-30 04:00:26 CST | INFO     | shree.strategies.es_fifteen_min:_check_trend_continuation_short:1898 - TREND_EXHAUSTION_SHORT: move=-37.2pts (8.2×ATR) > 8.0×ATR threshold — blocking TREND_CONT_SHORT

2026-03-30 04:00:26 CST | INFO     | shree.strategies.es_fifteen_min:generate:993 - 🔍 NO_SIGNAL diag: A:low(6446.0)>touch(6431.9) | B:no_cross(c=6446.5,prev=6442.0,OR_H=6410.5) | C:low(6446.0)>touch(6446.0) | D:ema21(6425.5)>=ema50(6420.7) | E:no_cross(c=6446.5,prev=6442.0,OR_L=6408.0) | F:rsi(79)out[45-78] | G:no_cross(e9=6436.3,e21=6425.5,pe9=6433.8,pe21=6423.4)

2026-03-30 04:00:26 CST | INFO     | shree.execution.components.signal_processor:_generate_strategy_first_signal:438 - 📊 Strategy Signal: HOLD (conf=0.00, meta=NO_SIGNAL)

2026-03-30 04:00:26 CST | INFO     | shree.execution.ib_executor:get_active_order_count:2428 - 🔍 Sync: 0 active orders (0 PendingSubmit, lock=idle)

2026-03-30 04:00:26 CST | INFO     | shree.execution.components.signal_processor:process_trading_cycle:1438 - Skipping trade (HOLD)

2026-03-30 04:03:27 CST | INFO     | shree.execution.components.trading_session_manager:start:267 - 💓 Heartbeat: waiting for 15m bar | bars=95 | price=6446.5

2026-03-30 04:08:28 CST | INFO     | shree.execution.components.trading_session_manager:start:267 - 💓 Heartbeat: waiting for 15m bar | bars=95 | price=6446.5

2026-03-30 04:13:29 CST | INFO     | shree.execution.components.trading_session_manager:start:267 - 💓 Heartbeat: waiting for 15m bar | bars=95 | price=6446.5

2026-03-30 04:15:29 CST | INFO     | shree.execution.ib_executor:get_active_order_count:2428 - 🔍 Sync: 0 active orders (0 PendingSubmit, lock=idle)

2026-03-30 04:15:29 CST | INFO     | shree.execution.components.signal_processor:process_trading_cycle:1222 - 🕐 New candle close at 04:15:00 CST

2026-03-30 04:15:29 CST | INFO     | shree.utils.structured_logging:log_structured_event:83 - Cycle start

2026-03-30 04:15:29 CST | INFO     | shree.strategies.es_fifteen_min:generate:993 - 🔍 NO_SIGNAL diag: A:low(6438.5)>touch(6433.1) | B:no_cross(c=6438.8,prev=6446.5,OR_H=6410.5) | C:bearish(c=6438.8,o=6440.2) | D:ema21(6426.7)>=ema50(6421.4) | E:no_cross(c=6438.8,prev=6446.5,OR_L=6408.0) | F:bearish(c=6438.8,o=6440.2) | G:no_cross(e9=6436.8,e21=6426.7,pe9=6436.3,pe21=6425.5)

2026-03-30 04:15:29 CST | INFO     | shree.execution.components.signal_processor:_generate_strategy_first_signal:438 - 📊 Strategy Signal: HOLD (conf=0.00, meta=NO_SIGNAL)

2026-03-30 04:15:29 CST | INFO     | shree.execution.ib_executor:get_active_order_count:2428 - 🔍 Sync: 0 active orders (0 PendingSubmit, lock=idle)

2026-03-30 04:15:29 CST | INFO     | shree.execution.components.signal_processor:process_trading_cycle:1438 - Skipping trade (HOLD)

2026-03-30 04:18:30 CST | INFO     | shree.execution.components.trading_session_manager:start:267 - 💓 Heartbeat: waiting for 15m bar | bars=96 | price=6438.75

2026-03-30 04:23:31 CST | INFO     | shree.execution.components.trading_session_manager:start:267 - 💓 Heartbeat: waiting for 15m bar | bars=96 | price=6438.75

2026-03-30 04:28:32 CST | INFO     | shree.execution.components.trading_session_manager:start:267 - 💓 Heartbeat: waiting for 15m bar | bars=96 | price=6438.75

2026-03-30 04:30:33 CST | INFO     | shree.execution.ib_executor:get_active_order_count:2428 - 🔍 Sync: 0 active orders (0 PendingSubmit, lock=idle)

2026-03-30 04:30:33 CST | INFO     | shree.execution.components.signal_processor:process_trading_cycle:1222 - 🕐 New candle close at 04:30:00 CST

2026-03-30 04:30:33 CST | INFO     | shree.utils.structured_logging:log_structured_event:83 - Cycle start

2026-03-30 04:30:33 CST | INFO     | shree.strategies.es_fifteen_min:generate:993 - 🔍 NO_SIGNAL diag: A:low(6436.5)>touch(6434.1) | B:no_cross(c=6437.0,prev=6438.8,OR_H=6410.5) | C:ema21_overlap(low=6436.5<=touch21=6437.3) | D:ema21(6427.6)>=ema50(6422.0) | E:no_cross(c=6437.0,prev=6438.8,OR_L=6408.0) | F:asc(6437.0,6438.8,6446.5) | G:no_cross(e9=6436.8,e21=6427.6,pe9=6436.8,pe21=6426.7)

2026-03-30 04:30:33 CST | INFO     | shree.execution.components.signal_processor:_generate_strategy_first_signal:438 - 📊 Strategy Signal: HOLD (conf=0.00, meta=NO_SIGNAL)

2026-03-30 04:30:33 CST | INFO     | shree.execution.ib_executor:get_active_order_count:2428 - 🔍 Sync: 0 active orders (0 PendingSubmit, lock=idle)

2026-03-30 04:30:33 CST | INFO     | shree.execution.components.signal_processor:process_trading_cycle:1438 - Skipping trade (HOLD)

2026-03-30 04:33:33 CST | INFO     | shree.execution.components.trading_session_manager:start:267 - 💓 Heartbeat: waiting for 15m bar | bars=97 | price=6437.0

2026-03-30 04:38:34 CST | INFO     | shree.execution.components.trading_session_manager:start:267 - 💓 Heartbeat: waiting for 15m bar | bars=97 | price=6437.0

2026-03-30 04:43:36 CST | INFO     | shree.execution.components.trading_session_manager:start:267 - 💓 Heartbeat: waiting for 15m bar | bars=97 | price=6437.0

2026-03-30 04:45:06 CST | INFO     | shree.execution.ib_executor:get_active_order_count:2428 - 🔍 Sync: 0 active orders (0 PendingSubmit, lock=idle)

2026-03-30 04:45:06 CST | INFO     | shree.execution.components.signal_processor:process_trading_cycle:1222 - 🕐 New candle close at 04:45:00 CST

2026-03-30 04:45:06 CST | INFO     | shree.utils.structured_logging:log_structured_event:83 - Cycle start

2026-03-30 04:45:06 CST | INFO     | shree.strategies.es_fifteen_min:generate:993 - 🔍 NO_SIGNAL diag: A:low(6435.5)>touch(6434.9) | B:no_cross(c=6436.2,prev=6437.0,OR_H=6410.5) | C:close(6436.2)<=ema9(6436.7) | D:ema21(6428.4)>=ema50(6422.6) | E:no_cross(c=6436.2,prev=6437.0,OR_L=6408.0) | F:close(6436.2)<=ema9(6436.7) | G:no_cross(e9=6436.7,e21=6428.4,pe9=6436.8,pe21=6427.6)

2026-03-30 04:45:06 CST | INFO     | shree.execution.components.signal_processor:_generate_strategy_first_signal:438 - 📊 Strategy Signal: HOLD (conf=0.00, meta=NO_SIGNAL)

2026-03-30 04:45:06 CST | INFO     | shree.execution.ib_executor:get_active_order_count:2428 - 🔍 Sync: 0 active orders (0 PendingSubmit, lock=idle)

2026-03-30 04:45:06 CST | INFO     | shree.execution.components.signal_processor:process_trading_cycle:1438 - Skipping trade (HOLD)

2026-03-30 04:48:37 CST | INFO     | shree.execution.components.trading_session_manager:start:267 - 💓 Heartbeat: waiting for 15m bar | bars=98 | price=6436.25

2026-03-30 04:53:38 CST | INFO     | shree.execution.components.trading_session_manager:start:267 - 💓 Heartbeat: waiting for 15m bar | bars=98 | price=6436.25

2026-03-30 04:58:39 CST | INFO     | shree.execution.components.trading_session_manager:start:267 - 💓 Heartbeat: waiting for 15m bar | bars=98 | price=6436.25

2026-03-30 05:00:09 CST | INFO     | shree.execution.ib_executor:get_active_order_count:2428 - 🔍 Sync: 0 active orders (0 PendingSubmit, lock=idle)

2026-03-30 05:00:09 CST | INFO     | shree.execution.components.signal_processor:process_trading_cycle:1222 - 🕐 New candle close at 05:00:00 CST

2026-03-30 05:00:09 CST | INFO     | shree.utils.structured_logging:log_structured_event:83 - Cycle start

2026-03-30 05:00:09 CST | INFO     | shree.strategies.es_fifteen_min:generate:993 - 🔍 NO_SIGNAL diag: A:low(6436.5)>touch(6435.6) | B:no_cross(c=6437.0,prev=6436.2,OR_H=6410.5) | C:bearish(c=6437.0,o=6437.5) | D:ema21(6429.2)>=ema50(6423.1) | E:no_cross(c=6437.0,prev=6436.2,OR_L=6408.0) | F:bearish(c=6437.0,o=6437.5) | G:outside_london(05:00:00)

2026-03-30 05:00:09 CST | INFO     | shree.execution.components.signal_processor:_generate_strategy_first_signal:438 - 📊 Strategy Signal: HOLD (conf=0.00, meta=NO_SIGNAL)

2026-03-30 05:00:09 CST | INFO     | shree.execution.ib_executor:get_active_order_count:2428 - 🔍 Sync: 0 active orders (0 PendingSubmit, lock=idle)

2026-03-30 05:00:09 CST | INFO     | shree.execution.components.signal_processor:process_trading_cycle:1438 - Skipping trade (HOLD)

2026-03-30 05:03:40 CST | INFO     | shree.execution.components.trading_session_manager:start:267 - 💓 Heartbeat: waiting for 15m bar | bars=99 | price=6437.0

2026-03-30 05:08:41 CST | INFO     | shree.execution.components.trading_session_manager:start:267 - 💓 Heartbeat: waiting for 15m bar | bars=99 | price=6437.0

2026-03-30 05:13:42 CST | INFO     | shree.execution.components.trading_session_manager:start:267 - 💓 Heartbeat: waiting for 15m bar | bars=99 | price=6437.0

2026-03-30 05:15:13 CST | INFO     | shree.execution.ib_executor:get_active_order_count:2428 - 🔍 Sync: 0 active orders (0 PendingSubmit, lock=idle)

2026-03-30 05:15:13 CST | INFO     | shree.execution.components.signal_processor:process_trading_cycle:1222 - 🕐 New candle close at 05:15:00 CST

2026-03-30 05:15:13 CST | INFO     | shree.utils.structured_logging:log_structured_event:83 - Cycle start

2026-03-30 05:15:13 CST | INFO     | shree.strategies.es_fifteen_min:generate:993 - 🔍 NO_SIGNAL diag: A:macd_div(-0.77)<-0.5 | B:no_cross(c=6437.2,prev=6437.0,OR_H=6410.5) | C:ema21_overlap(low=6436.2<=touch21=6439.6) | D:ema21(6429.9)>=ema50(6423.7) | E:no_cross(c=6437.2,prev=6437.0,OR_L=6408.0) | F:macd(-0.77)<=0 | G:outside_london(05:15:00)

2026-03-30 05:15:13 CST | INFO     | shree.execution.components.signal_processor:_generate_strategy_first_signal:438 - 📊 Strategy Signal: HOLD (conf=0.00, meta=NO_SIGNAL)

2026-03-30 05:15:13 CST | INFO     | shree.execution.ib_executor:get_active_order_count:2428 - 🔍 Sync: 0 active orders (0 PendingSubmit, lock=idle)

2026-03-30 05:15:13 CST | INFO     | shree.execution.components.signal_processor:process_trading_cycle:1438 - Skipping trade (HOLD)

2026-03-30 05:18:44 CST | INFO     | shree.execution.components.trading_session_manager:start:267 - 💓 Heartbeat: waiting for 15m bar | bars=100 | price=6437.25

2026-03-30 05:23:45 CST | INFO     | shree.execution.components.trading_session_manager:start:267 - 💓 Heartbeat: waiting for 15m bar | bars=100 | price=6437.25

2026-03-30 05:28:46 CST | INFO     | shree.execution.components.trading_session_manager:start:267 - 💓 Heartbeat: waiting for 15m bar | bars=100 | price=6437.25

2026-03-30 05:30:16 CST | INFO     | shree.execution.ib_executor:get_active_order_count:2428 - 🔍 Sync: 0 active orders (0 PendingSubmit, lock=idle)

2026-03-30 05:30:16 CST | INFO     | shree.execution.components.signal_processor:process_trading_cycle:1222 - 🕐 New candle close at 05:30:00 CST

2026-03-30 05:30:16 CST | INFO     | shree.utils.structured_logging:log_structured_event:83 - Cycle start

2026-03-30 05:30:16 CST | INFO     | shree.strategies.es_fifteen_min:generate:993 - 🔍 NO_SIGNAL diag: A:low(6438.8)>touch(6437.2) | B:no_cross(c=6439.0,prev=6437.2,OR_H=6410.5) | C:bearish(c=6439.0,o=6439.2) | D:ema21(6430.8)>=ema50(6424.3) | E:no_cross(c=6439.0,prev=6437.2,OR_L=6408.0) | F:bearish(c=6439.0,o=6439.2) | G:outside_london(05:30:00)

2026-03-30 05:30:16 CST | INFO     | shree.execution.components.signal_processor:_generate_strategy_first_signal:438 - 📊 Strategy Signal: HOLD (conf=0.00, meta=NO_SIGNAL)

2026-03-30 05:30:16 CST | INFO     | shree.execution.ib_executor:get_active_order_count:2428 - 🔍 Sync: 0 active orders (0 PendingSubmit, lock=idle)

2026-03-30 05:30:16 CST | INFO     | shree.execution.components.signal_processor:process_trading_cycle:1438 - Skipping trade (HOLD)

2026-03-30 05:33:47 CST | INFO     | shree.execution.components.trading_session_manager:start:267 - 💓 Heartbeat: waiting for 15m bar | bars=101 | price=6439.0

2026-03-30 05:38:48 CST | INFO     | shree.execution.components.trading_session_manager:start:267 - 💓 Heartbeat: waiting for 15m bar | bars=101 | price=6439.0

2026-03-30 05:43:49 CST | INFO     | shree.execution.components.trading_session_manager:start:267 - 💓 Heartbeat: waiting for 15m bar | bars=101 | price=6439.0

2026-03-30 05:45:20 CST | INFO     | shree.execution.ib_executor:get_active_order_count:2428 - 🔍 Sync: 0 active orders (0 PendingSubmit, lock=idle)

2026-03-30 05:45:20 CST | INFO     | shree.execution.components.signal_processor:process_trading_cycle:1222 - 🕐 New candle close at 05:45:00 CST

2026-03-30 05:45:20 CST | INFO     | shree.utils.structured_logging:log_structured_event:83 - Cycle start

2026-03-30 05:45:20 CST | INFO     | shree.strategies.es_fifteen_min:generate:993 - 🔍 NO_SIGNAL diag: A:bearish(c=6434.8,o=6435.0) | B:no_cross(c=6434.8,prev=6439.0,OR_H=6410.5) | C:close(6434.8)<=ema9(6436.8) | D:ema21(6431.1)>=ema50(6424.7) | E:no_cross(c=6434.8,prev=6439.0,OR_L=6408.0) | F:close(6434.8)<=ema9(6436.8) | G:outside_london(05:45:00)

2026-03-30 05:45:20 CST | INFO     | shree.execution.components.signal_processor:_generate_strategy_first_signal:438 - 📊 Strategy Signal: HOLD (conf=0.00, meta=NO_SIGNAL)

2026-03-30 05:45:20 CST | INFO     | shree.execution.ib_executor:get_active_order_count:2428 - 🔍 Sync: 0 active orders (0 PendingSubmit, lock=idle)

2026-03-30 05:45:20 CST | INFO     | shree.execution.components.signal_processor:process_trading_cycle:1438 - Skipping trade (HOLD)

2026-03-30 05:48:50 CST | INFO     | shree.execution.components.trading_session_manager:start:267 - 💓 Heartbeat: waiting for 15m bar | bars=102 | price=6434.75

2026-03-30 05:53:52 CST | INFO     | shree.execution.components.trading_session_manager:start:267 - 💓 Heartbeat: waiting for 15m bar | bars=102 | price=6434.75

2026-03-30 05:58:53 CST | INFO     | shree.execution.components.trading_session_manager:start:267 - 💓 Heartbeat: waiting for 15m bar | bars=102 | price=6434.75

2026-03-30 06:00:23 CST | INFO     | shree.execution.ib_executor:get_active_order_count:2428 - 🔍 Sync: 0 active orders (0 PendingSubmit, lock=idle)

2026-03-30 06:00:23 CST | INFO     | shree.execution.components.signal_processor:process_trading_cycle:1222 - 🕐 New candle close at 06:00:00 CST

2026-03-30 06:00:23 CST | INFO     | shree.utils.structured_logging:log_structured_event:83 - Cycle start

2026-03-30 06:00:23 CST | INFO     | shree.strategies.es_fifteen_min:generate:619 - 🚫 EXHAUSTION_COOLDOWN: LONG exhaustion detected | move=+35.0pts (8.2×ATR) — blocking BUY signals for 4 bars

2026-03-30 06:00:23 CST | INFO     | shree.strategies.es_fifteen_min:_check_trend_continuation_long:1780 - TREND_EXHAUSTION_LONG: move=+35.0pts (8.2×ATR) > 8.0×ATR threshold — blocking TREND_CONT_LONG

2026-03-30 06:00:23 CST | INFO     | shree.strategies.es_fifteen_min:_check_trend_continuation_short:1898 - TREND_EXHAUSTION_SHORT: move=-35.0pts (8.2×ATR) > 8.0×ATR threshold — blocking TREND_CONT_SHORT

2026-03-30 06:00:23 CST | INFO     | shree.strategies.es_fifteen_min:generate:993 - 🔍 NO_SIGNAL diag: A:low(6441.8)>touch(6438.8) | B:no_cross(c=6444.2,prev=6434.8,OR_H=6410.5) | C:ema21_overlap(low=6441.8<=touch21=6442.0) | D:ema21(6432.3)>=ema50(6425.5) | E:no_cross(c=6444.2,prev=6434.8,OR_L=6408.0) | F:macd(-0.89)<=0 | G:outside_london(06:00:00)

2026-03-30 06:00:23 CST | INFO     | shree.execution.components.signal_processor:_generate_strategy_first_signal:438 - 📊 Strategy Signal: HOLD (conf=0.00, meta=NO_SIGNAL)

2026-03-30 06:00:23 CST | INFO     | shree.execution.ib_executor:get_active_order_count:2428 - 🔍 Sync: 0 active orders (0 PendingSubmit, lock=idle)

2026-03-30 06:00:23 CST | INFO     | shree.execution.components.signal_processor:process_trading_cycle:1438 - Skipping trade (HOLD)

2026-03-30 06:03:54 CST | INFO     | shree.execution.components.trading_session_manager:start:267 - 💓 Heartbeat: waiting for 15m bar | bars=103 | price=6444.25

2026-03-30 06:08:55 CST | INFO     | shree.execution.components.trading_session_manager:start:267 - 💓 Heartbeat: waiting for 15m bar | bars=103 | price=6444.25

2026-03-30 06:13:56 CST | INFO     | shree.execution.components.trading_session_manager:start:267 - 💓 Heartbeat: waiting for 15m bar | bars=103 | price=6444.25

2026-03-30 06:15:27 CST | INFO     | shree.execution.ib_executor:get_active_order_count:2428 - 🔍 Sync: 0 active orders (0 PendingSubmit, lock=idle)

2026-03-30 06:15:27 CST | INFO     | shree.execution.components.signal_processor:process_trading_cycle:1222 - 🕐 New candle close at 06:15:00 CST

2026-03-30 06:15:27 CST | INFO     | shree.utils.structured_logging:log_structured_event:83 - Cycle start

2026-03-30 06:15:27 CST | INFO     | shree.strategies.es_fifteen_min:_check_trend_continuation_long:1780 - TREND_EXHAUSTION_LONG: move=+34.0pts (8.3×ATR) > 8.0×ATR threshold — blocking TREND_CONT_LONG

2026-03-30 06:15:27 CST | INFO     | shree.strategies.es_fifteen_min:_check_trend_continuation_short:1898 - TREND_EXHAUSTION_SHORT: move=-34.0pts (8.3×ATR) > 8.0×ATR threshold — blocking TREND_CONT_SHORT

2026-03-30 06:15:27 CST | INFO     | shree.strategies.es_fifteen_min:generate:993 - 🔍 NO_SIGNAL diag: A:low(6443.0)>touch(6439.7) | B:no_cross(c=6443.2,prev=6444.2,OR_H=6410.5) | C:bearish(c=6443.2,o=6444.0) | D:ema21(6433.3)>=ema50(6426.2) | E:no_cross(c=6443.2,prev=6444.2,OR_L=6408.0) | F:bearish(c=6443.2,o=6444.0) | G:outside_london(06:15:00)

2026-03-30 06:15:27 CST | INFO     | shree.execution.components.signal_processor:_generate_strategy_first_signal:438 - 📊 Strategy Signal: HOLD (conf=0.00, meta=NO_SIGNAL)

2026-03-30 06:15:27 CST | INFO     | shree.execution.ib_executor:get_active_order_count:2428 - 🔍 Sync: 0 active orders (0 PendingSubmit, lock=idle)

2026-03-30 06:15:27 CST | INFO     | shree.execution.components.signal_processor:process_trading_cycle:1438 - Skipping trade (HOLD)

2026-03-30 06:18:57 CST | INFO     | shree.execution.components.trading_session_manager:start:267 - 💓 Heartbeat: waiting for 15m bar | bars=104 | price=6443.25

2026-03-30 06:23:58 CST | INFO     | shree.execution.components.trading_session_manager:start:267 - 💓 Heartbeat: waiting for 15m bar | bars=104 | price=6443.25

2026-03-30 06:28:59 CST | INFO     | shree.execution.components.trading_session_manager:start:267 - 💓 Heartbeat: waiting for 15m bar | bars=104 | price=6443.25

2026-03-30 06:30:30 CST | INFO     | shree.execution.ib_executor:get_active_order_count:2428 - 🔍 Sync: 0 active orders (0 PendingSubmit, lock=idle)

2026-03-30 06:30:30 CST | INFO     | shree.execution.components.signal_processor:process_trading_cycle:1222 - 🕐 New candle close at 06:30:00 CST

2026-03-30 06:30:30 CST | INFO     | shree.utils.structured_logging:log_structured_event:83 - Cycle start

2026-03-30 06:30:30 CST | INFO     | shree.strategies.es_fifteen_min:_check_trend_continuation_long:1780 - TREND_EXHAUSTION_LONG: move=+50.0pts (9.8×ATR) > 8.0×ATR threshold — blocking TREND_CONT_LONG

2026-03-30 06:30:30 CST | INFO     | shree.strategies.es_fifteen_min:_check_trend_continuation_short:1898 - TREND_EXHAUSTION_SHORT: move=-50.0pts (9.8×ATR) > 8.0×ATR threshold — blocking TREND_CONT_SHORT

2026-03-30 06:30:30 CST | INFO     | shree.strategies.es_fifteen_min:generate:993 - 🔍 NO_SIGNAL diag: A:low(6455.5)>touch(6442.1) | B:no_cross(c=6459.2,prev=6443.2,OR_H=6410.5) | C:low(6455.5)>touch(6452.9) | D:ema21(6435.7)>=ema50(6427.4) | E:no_cross(c=6459.2,prev=6443.2,OR_L=6408.0) | F:asc(6459.2,6443.2,6444.2) | G:outside_london(06:30:00)

2026-03-30 06:30:30 CST | INFO     | shree.execution.components.signal_processor:_generate_strategy_first_signal:438 - 📊 Strategy Signal: HOLD (conf=0.00, meta=NO_SIGNAL)

2026-03-30 06:30:30 CST | INFO     | shree.execution.ib_executor:get_active_order_count:2428 - 🔍 Sync: 0 active orders (0 PendingSubmit, lock=idle)

2026-03-30 06:30:30 CST | INFO     | shree.execution.components.signal_processor:process_trading_cycle:1438 - Skipping trade (HOLD)

2026-03-30 06:34:01 CST | INFO     | shree.execution.components.trading_session_manager:start:267 - 💓 Heartbeat: waiting for 15m bar | bars=105 | price=6459.25

2026-03-30 06:39:02 CST | INFO     | shree.execution.components.trading_session_manager:start:267 - 💓 Heartbeat: waiting for 15m bar | bars=105 | price=6459.25

2026-03-30 06:44:03 CST | INFO     | shree.execution.components.trading_session_manager:start:267 - 💓 Heartbeat: waiting for 15m bar | bars=105 | price=6459.25

2026-03-30 06:45:34 CST | INFO     | shree.execution.ib_executor:get_active_order_count:2428 - 🔍 Sync: 0 active orders (0 PendingSubmit, lock=idle)

2026-03-30 06:45:34 CST | INFO     | shree.execution.components.signal_processor:process_trading_cycle:1222 - 🕐 New candle close at 06:45:00 CST

2026-03-30 06:45:34 CST | INFO     | shree.utils.structured_logging:log_structured_event:83 - Cycle start

2026-03-30 06:45:34 CST | INFO     | shree.strategies.es_fifteen_min:generate:993 - 🔍 NO_SIGNAL diag: A:low(6451.2)>touch(6443.5) | B:no_cross(c=6451.5,prev=6459.2,OR_H=6410.5) | C:bearish(c=6451.5,o=6452.5) | D:ema21(6437.1)>=ema50(6428.4) | E:no_cross(c=6451.5,prev=6459.2,OR_L=6408.0) | F:bearish(c=6451.5,o=6452.5) | G:outside_london(06:45:00)

2026-03-30 06:45:34 CST | INFO     | shree.execution.components.signal_processor:_generate_strategy_first_signal:438 - 📊 Strategy Signal: HOLD (conf=0.00, meta=NO_SIGNAL)

2026-03-30 06:45:34 CST | INFO     | shree.execution.ib_executor:get_active_order_count:2428 - 🔍 Sync: 0 active orders (0 PendingSubmit, lock=idle)

2026-03-30 06:45:34 CST | INFO     | shree.execution.components.signal_processor:process_trading_cycle:1438 - Skipping trade (HOLD)

2026-03-30 06:49:05 CST | INFO     | shree.execution.components.trading_session_manager:start:267 - 💓 Heartbeat: waiting for 15m bar | bars=106 | price=6451.5

2026-03-30 06:54:06 CST | INFO     | shree.execution.components.trading_session_manager:start:267 - 💓 Heartbeat: waiting for 15m bar | bars=106 | price=6451.5

2026-03-30 06:59:07 CST | INFO     | shree.execution.components.trading_session_manager:start:267 - 💓 Heartbeat: waiting for 15m bar | bars=106 | price=6451.5

2026-03-30 07:00:07 CST | INFO     | shree.execution.ib_executor:get_active_order_count:2428 - 🔍 Sync: 0 active orders (0 PendingSubmit, lock=idle)

2026-03-30 07:00:07 CST | INFO     | shree.execution.components.signal_processor:process_trading_cycle:1222 - 🕐 New candle close at 07:00:00 CST

2026-03-30 07:00:07 CST | INFO     | shree.utils.structured_logging:log_structured_event:83 - Cycle start

2026-03-30 07:00:07 CST | INFO     | shree.strategies.es_fifteen_min:generate:619 - 🚫 EXHAUSTION_COOLDOWN: LONG exhaustion detected | move=+41.5pts (8.3×ATR) — blocking BUY signals for 4 bars

2026-03-30 07:00:07 CST | INFO     | shree.strategies.es_fifteen_min:_check_trend_continuation_long:1780 - TREND_EXHAUSTION_LONG: move=+41.5pts (8.3×ATR) > 8.0×ATR threshold — blocking TREND_CONT_LONG

2026-03-30 07:00:07 CST | INFO     | shree.strategies.es_fifteen_min:_check_trend_continuation_short:1898 - TREND_EXHAUSTION_SHORT: move=-41.5pts (8.3×ATR) > 8.0×ATR threshold — blocking TREND_CONT_SHORT

2026-03-30 07:00:07 CST | INFO     | shree.strategies.es_fifteen_min:generate:808 - 🚫 EXHAUSTION_COOLDOWN: blocking BUY signals ['C'] (4 bars remaining)

2026-03-30 07:00:07 CST | INFO     | shree.strategies.es_fifteen_min:generate:993 - 🔍 NO_SIGNAL diag: A:low(6450.2)>touch(6444.8) | B:no_cross(c=6450.8,prev=6451.5,OR_H=6410.5) | D:ema21(6438.3)>=ema50(6429.3) | E:no_cross(c=6450.8,prev=6451.5,OR_L=6408.0) | F:asc(6450.8,6451.5,6459.2) | G:outside_london(07:00:00)

2026-03-30 07:00:07 CST | INFO     | shree.execution.components.signal_processor:_generate_strategy_first_signal:438 - 📊 Strategy Signal: HOLD (conf=0.00, meta=NO_SIGNAL)

2026-03-30 07:00:07 CST | INFO     | shree.execution.ib_executor:get_active_order_count:2428 - 🔍 Sync: 0 active orders (0 PendingSubmit, lock=idle)

2026-03-30 07:00:07 CST | INFO     | shree.execution.components.signal_processor:process_trading_cycle:1438 - Skipping trade (HOLD)

2026-03-30 07:04:08 CST | INFO     | shree.execution.components.trading_session_manager:start:267 - 💓 Heartbeat: waiting for 15m bar | bars=107 | price=6450.75

2026-03-30 07:09:09 CST | INFO     | shree.execution.components.trading_session_manager:start:267 - 💓 Heartbeat: waiting for 15m bar | bars=107 | price=6450.75

2026-03-30 07:14:10 CST | INFO     | shree.execution.components.trading_session_manager:start:267 - 💓 Heartbeat: waiting for 15m bar | bars=107 | price=6450.75

2026-03-30 07:15:11 CST | INFO     | shree.execution.ib_executor:get_active_order_count:2428 - 🔍 Sync: 0 active orders (0 PendingSubmit, lock=idle)

2026-03-30 07:15:11 CST | INFO     | shree.execution.components.signal_processor:process_trading_cycle:1222 - 🕐 New candle close at 07:15:00 CST

2026-03-30 07:15:11 CST | INFO     | shree.utils.structured_logging:log_structured_event:83 - Cycle start

2026-03-30 07:15:11 CST | INFO     | shree.strategies.es_fifteen_min:_check_trend_continuation_long:1780 - TREND_EXHAUSTION_LONG: move=+43.0pts (9.0×ATR) > 8.0×ATR threshold — blocking TREND_CONT_LONG

2026-03-30 07:15:11 CST | INFO     | shree.strategies.es_fifteen_min:_check_trend_continuation_short:1898 - TREND_EXHAUSTION_SHORT: move=-43.0pts (9.0×ATR) > 8.0×ATR threshold — blocking TREND_CONT_SHORT

2026-03-30 07:15:11 CST | INFO     | shree.strategies.es_fifteen_min:generate:993 - 🔍 NO_SIGNAL diag: A:low(6452.0)>touch(6446.1) | B:no_cross(c=6452.2,prev=6450.8,OR_H=6410.5) | C:bearish(c=6452.2,o=6452.2) | D:ema21(6439.6)>=ema50(6430.2) | E:no_cross(c=6452.2,prev=6450.8,OR_L=6408.0) | F:bearish(c=6452.2,o=6452.2) | G:outside_london(07:15:00)

2026-03-30 07:15:11 CST | INFO     | shree.execution.components.signal_processor:_generate_strategy_first_signal:438 - 📊 Strategy Signal: HOLD (conf=0.00, meta=NO_SIGNAL)

2026-03-30 07:15:11 CST | INFO     | shree.execution.ib_executor:get_active_order_count:2428 - 🔍 Sync: 0 active orders (0 PendingSubmit, lock=idle)

2026-03-30 07:15:11 CST | INFO     | shree.execution.components.signal_processor:process_trading_cycle:1438 - Skipping trade (HOLD)

2026-03-30 07:19:12 CST | INFO     | shree.execution.components.trading_session_manager:start:267 - 💓 Heartbeat: waiting for 15m bar | bars=108 | price=6452.25

2026-03-30 07:24:13 CST | INFO     | shree.execution.components.trading_session_manager:start:267 - 💓 Heartbeat: waiting for 15m bar | bars=108 | price=6452.25

2026-03-30 07:29:14 CST | INFO     | shree.execution.components.trading_session_manager:start:267 - 💓 Heartbeat: waiting for 15m bar | bars=108 | price=6452.25

2026-03-30 07:30:14 CST | INFO     | shree.execution.ib_executor:get_active_order_count:2428 - 🔍 Sync: 0 active orders (0 PendingSubmit, lock=idle)

2026-03-30 07:30:14 CST | INFO     | shree.execution.components.signal_processor:process_trading_cycle:1222 - 🕐 New candle close at 07:30:00 CST

2026-03-30 07:30:14 CST | INFO     | shree.utils.structured_logging:log_structured_event:83 - Cycle start

2026-03-30 07:30:14 CST | INFO     | shree.strategies.es_fifteen_min:_check_trend_continuation_long:1780 - TREND_EXHAUSTION_LONG: move=+50.8pts (10.0×ATR) > 8.0×ATR threshold — blocking TREND_CONT_LONG

2026-03-30 07:30:14 CST | INFO     | shree.strategies.es_fifteen_min:_check_trend_continuation_short:1898 - TREND_EXHAUSTION_SHORT: move=-50.8pts (10.0×ATR) > 8.0×ATR threshold — blocking TREND_CONT_SHORT

2026-03-30 07:30:14 CST | INFO     | shree.strategies.es_fifteen_min:generate:993 - 🔍 NO_SIGNAL diag: A:low(6459.0)>touch(6447.9) | B:no_cross(c=6460.0,prev=6452.2,OR_H=6410.5) | C:bearish(c=6460.0,o=6460.8) | D:ema21(6441.5)>=ema50(6431.3) | E:no_cross(c=6460.0,prev=6452.2,OR_L=6408.0) | F:bearish(c=6460.0,o=6460.8) | G:outside_london(07:30:00)

2026-03-30 07:30:14 CST | INFO     | shree.execution.components.signal_processor:_generate_strategy_first_signal:438 - 📊 Strategy Signal: HOLD (conf=0.00, meta=NO_SIGNAL)

2026-03-30 07:30:14 CST | INFO     | shree.execution.ib_executor:get_active_order_count:2428 - 🔍 Sync: 0 active orders (0 PendingSubmit, lock=idle)

2026-03-30 07:30:14 CST | INFO     | shree.execution.components.signal_processor:process_trading_cycle:1438 - Skipping trade (HOLD)

2026-03-30 07:34:04 CST | INFO     | shree.data.vx_futures_feed:_connect_async:156 - VX Feed: Connecting to IBKR at 127.0.0.1:4002 with client_id=71 (attempt 1/5)

2026-03-30 07:34:04 CST | WARNING  | shree.data.vx_futures_feed:_connect_async:191 - VX Feed connection failed (attempt 1/5): [Errno 61] Connect call failed ('127.0.0.1', 4002)

2026-03-30 07:34:04 CST | INFO     | shree.data.vx_futures_feed:_connect_async:203 - VX Feed: Retrying in 1.0s...

2026-03-30 07:34:05 CST | INFO     | shree.data.vx_futures_feed:_connect_async:156 - VX Feed: Connecting to IBKR at 127.0.0.1:4002 with client_id=71 (attempt 2/5)

2026-03-30 07:34:05 CST | WARNING  | shree.data.vx_futures_feed:_connect_async:191 - VX Feed connection failed (attempt 2/5): [Errno 61] Connect call failed ('127.0.0.1', 4002)

2026-03-30 07:34:05 CST | INFO     | shree.data.vx_futures_feed:_connect_async:203 - VX Feed: Retrying in 2.0s...

2026-03-30 07:34:07 CST | INFO     | shree.data.vx_futures_feed:_connect_async:156 - VX Feed: Connecting to IBKR at 127.0.0.1:4002 with client_id=71 (attempt 3/5)

2026-03-30 07:34:07 CST | WARNING  | shree.data.vx_futures_feed:_connect_async:191 - VX Feed connection failed (attempt 3/5): [Errno 61] Connect call failed ('127.0.0.1', 4002)

2026-03-30 07:34:07 CST | INFO     | shree.data.vx_futures_feed:_connect_async:203 - VX Feed: Retrying in 4.0s...

2026-03-30 07:34:11 CST | INFO     | shree.data.vx_futures_feed:_connect_async:156 - VX Feed: Connecting to IBKR at 127.0.0.1:4002 with client_id=71 (attempt 4/5)

2026-03-30 07:34:11 CST | WARNING  | shree.data.vx_futures_feed:_connect_async:191 - VX Feed connection failed (attempt 4/5): [Errno 61] Connect call failed ('127.0.0.1', 4002)

2026-03-30 07:34:11 CST | INFO     | shree.data.vx_futures_feed:_connect_async:203 - VX Feed: Retrying in 8.0s...

2026-03-30 07:34:15 CST | WARNING  | shree.execution.live_trading_manager:_fetch_latest_15m_bar:1108 - Latest 15m bar fetch FAILED: Not connected

2026-03-30 07:34:15 CST | INFO     | shree.execution.components.trading_session_manager:start:267 - 💓 Heartbeat: waiting for 15m bar | bars=109 | price=6460.0

2026-03-30 07:34:19 CST | INFO     | shree.data.vx_futures_feed:_connect_async:156 - VX Feed: Connecting to IBKR at 127.0.0.1:4002 with client_id=71 (attempt 5/5)

2026-03-30 07:34:19 CST | WARNING  | shree.data.vx_futures_feed:_connect_async:191 - VX Feed connection failed (attempt 5/5): [Errno 61] Connect call failed ('127.0.0.1', 4002)

2026-03-30 07:34:19 CST | ERROR    | shree.data.vx_futures_feed:_connect_async:206 - VX Feed: Failed to connect after 5 attempts

2026-03-30 07:34:22 CST | WARNING  | shree.execution.ib_executor:keepalive_loop:2843 - ⚠️  Connection lost, attempting auto-reconnect...

2026-03-30 07:34:22 CST | ERROR    | shree.execution.ib_executor:keepalive_loop:2907 - ❌ Auto-reconnection failed: [Errno 61] Connect call failed ('127.0.0.1', 4002)

2026-03-30 07:34:30 CST | INFO     | __main__:handle_signal:78 - 🛑 Shutdown signal received

2026-03-30 07:37:26 CST | INFO     | __main__:main:49 - 🚀 Starting Shree RAG-Enhanced Bot (LIVE MODE)

2026-03-30 07:37:27 CST | INFO     | shree.rag.local_vector_store:__init__:46 - Local vector store ready at rag_data/local_kb/local_kb.sqlite

2026-03-30 07:37:27 CST | INFO     | shree.data.candle_aggregator:__init__:125 - MultiTimeframeCandleBuilder initialized: 1m -> 5m (EMA period=20)

2026-03-30 07:37:27 CST | INFO     | shree.data.candle_aggregator:__init__:125 - MultiTimeframeCandleBuilder initialized: 1m -> 15m (EMA period=20)

2026-03-30 07:37:27 CST | INFO     | shree.data.candle_aggregator:__init__:125 - MultiTimeframeCandleBuilder initialized: 1m -> 30m (EMA period=20)

2026-03-30 07:37:27 CST | INFO     | shree.data.candle_aggregator:__init__:457 - MTFCandleManager initialized: 5m(ema=20), 15m(ema=20), 30m(ema=20)

2026-03-30 07:37:27 CST | INFO     | shree.execution.components.mtf_gate_manager:init_mtf_manager:113 - ✅ MTFCandleManager initialized (5m, 15m, 30m aggregators)

2026-03-30 07:37:27 CST | INFO     | shree.execution.components.mtf_gate_manager:init_mtf_gate:131 - MTFTrendGate disabled via config

2026-03-30 07:37:27 CST | INFO     | shree.execution.components.sentiment_evaluator:_init_multi_source_sentiment:113 - ======================================================================

2026-03-30 07:37:27 CST | INFO     | shree.execution.components.sentiment_evaluator:_init_multi_source_sentiment:114 - 📊 MULTI-SOURCE SENTIMENT AGGREGATOR ENABLED

2026-03-30 07:37:27 CST | INFO     | shree.execution.components.sentiment_evaluator:_init_multi_source_sentiment:115 - ======================================================================

2026-03-30 07:37:27 CST | INFO     | shree.execution.components.sentiment_evaluator:_init_multi_source_sentiment:116 -    Sources & Weights:

2026-03-30 07:37:27 CST | INFO     | shree.execution.components.sentiment_evaluator:_init_multi_source_sentiment:117 -       Stocktwits: 55%

2026-03-30 07:37:27 CST | INFO     | shree.execution.components.sentiment_evaluator:_init_multi_source_sentiment:118 -       Reddit:     45%

2026-03-30 07:37:27 CST | INFO     | shree.execution.components.sentiment_evaluator:_init_multi_source_sentiment:122 -       Twitter:    DISABLED (no API credentials)

2026-03-30 07:37:27 CST | INFO     | shree.execution.components.sentiment_evaluator:_init_multi_source_sentiment:123 -    RTH Thresholds (8:30 AM - 3:00 PM CT):

2026-03-30 07:37:27 CST | INFO     | shree.execution.components.sentiment_evaluator:_init_multi_source_sentiment:124 -       Entry block: ±0.3

2026-03-30 07:37:27 CST | INFO     | shree.execution.components.sentiment_evaluator:_init_multi_source_sentiment:125 -       Weak threshold: ±0.15

2026-03-30 07:37:27 CST | INFO     | shree.execution.components.sentiment_evaluator:_init_multi_source_sentiment:126 -    Low-Volume Thresholds (Evening/Overnight):

2026-03-30 07:37:27 CST | INFO     | shree.execution.components.sentiment_evaluator:_init_multi_source_sentiment:127 -       Entry block: ±0.35

2026-03-30 07:37:27 CST | INFO     | shree.execution.components.sentiment_evaluator:_init_multi_source_sentiment:128 -       Weak threshold: ±0.15

2026-03-30 07:37:27 CST | INFO     | shree.execution.components.sentiment_evaluator:_init_multi_source_sentiment:129 -    Refresh interval: 300s

2026-03-30 07:37:27 CST | INFO     | shree.execution.components.sentiment_evaluator:_init_multi_source_sentiment:130 - ======================================================================

2026-03-30 07:37:27 CST | INFO     | shree.data.sentiment_aggregator:get_combined_mes_sentiment:1239 - 🔄 Fetching fresh multi-source sentiment... [fetch_id=123727]

2026-03-30 07:37:28 CST | INFO     | shree.data.sentiment_aggregator:get_stocktwits_sentiment:467 - 📊 Stocktwits: score=-0.14 (bull=9, bear=12, total=60) [ts=12:37:28]

2026-03-30 07:37:31 CST | INFO     | shree.data.sentiment_aggregator:_get_reddit_sentiment_public:696 - 📱 Reddit (public): score=0.00 (samples=3, unique_posts=2)

2026-03-30 07:37:31 CST | INFO     | shree.data.sentiment_aggregator:get_combined_mes_sentiment:1271 - ==================================================

2026-03-30 07:37:31 CST | INFO     | shree.data.sentiment_aggregator:get_combined_mes_sentiment:1272 - 📊 MULTI-SOURCE SENTIMENT SUMMARY

2026-03-30 07:37:31 CST | INFO     | shree.data.sentiment_aggregator:get_combined_mes_sentiment:1273 - ==================================================

2026-03-30 07:37:31 CST | INFO     | shree.data.sentiment_aggregator:get_combined_mes_sentiment:1274 -    Stocktwits: -0.14 (60 samples)

2026-03-30 07:37:31 CST | INFO     | shree.data.sentiment_aggregator:get_combined_mes_sentiment:1275 -    Reddit:     +0.00 (3 samples)

2026-03-30 07:37:31 CST | INFO     | shree.data.sentiment_aggregator:get_combined_mes_sentiment:1276 -    Twitter:    +0.00 (0 samples)

2026-03-30 07:37:31 CST | INFO     | shree.data.sentiment_aggregator:get_combined_mes_sentiment:1277 -    VIX:        +0.00 (market-based)

2026-03-30 07:37:31 CST | INFO     | shree.data.sentiment_aggregator:get_combined_mes_sentiment:1278 -    ━━━━━━━━━━━━━━━━━━━━━━━━━━

2026-03-30 07:37:31 CST | INFO     | shree.data.sentiment_aggregator:get_combined_mes_sentiment:1279 -    COMBINED:   -0.13

2026-03-30 07:37:31 CST | INFO     | shree.data.sentiment_aggregator:get_combined_mes_sentiment:1280 - ==================================================

2026-03-30 07:37:31 CST | INFO     | shree.execution.components.sentiment_evaluator:_init_multi_source_sentiment:134 -    ✅ Initial combined sentiment: -0.13

2026-03-30 07:37:31 CST | INFO     | shree.execution.components.sentiment_evaluator:_init_multi_source_sentiment:135 -       Stocktwits: -0.14 (60 samples)

2026-03-30 07:37:31 CST | INFO     | shree.execution.components.sentiment_evaluator:_init_multi_source_sentiment:136 -       Reddit: +0.00 (3 samples)

2026-03-30 07:37:31 CST | INFO     | shree.execution.components.sentiment_evaluator:init_vx_feed:198 - ======================================================================

2026-03-30 07:37:31 CST | INFO     | shree.execution.components.sentiment_evaluator:init_vx_feed:199 - 📈 VX FUTURES FEED INITIALIZATION

2026-03-30 07:37:31 CST | INFO     | shree.execution.components.sentiment_evaluator:init_vx_feed:200 - ======================================================================

2026-03-30 07:37:31 CST | INFO     | shree.execution.components.sentiment_evaluator:init_vx_feed:201 -    IBKR Connection: 127.0.0.1:4001 (client_id=71)

2026-03-30 07:37:31 CST | INFO     | shree.execution.components.sentiment_evaluator:init_vx_feed:202 -    Market Data Type: Live

2026-03-30 07:37:31 CST | INFO     | shree.execution.components.sentiment_evaluator:init_vx_feed:203 -    Stale Threshold: 120s

2026-03-30 07:37:31 CST | INFO     | shree.execution.components.sentiment_evaluator:init_vx_feed:204 -    Volatility Thresholds:

2026-03-30 07:37:31 CST | INFO     | shree.execution.components.sentiment_evaluator:init_vx_feed:205 -       VX >= 30.0: 0.4x multiplier (extreme fear)

2026-03-30 07:37:31 CST | INFO     | shree.execution.components.sentiment_evaluator:init_vx_feed:206 -       VX >= 20.0: 0.7x multiplier (elevated)

2026-03-30 07:37:31 CST | INFO     | shree.execution.components.sentiment_evaluator:init_vx_feed:207 -       VX < 20.0: 1.0x multiplier (normal)

2026-03-30 07:37:31 CST | INFO     | shree.data.vx_futures_feed:_connect_async:156 - VX Feed: Connecting to IBKR at 127.0.0.1:4001 with client_id=71 (attempt 1/5)

2026-03-30 07:37:32 CST | INFO     | shree.data.vx_futures_feed:_connect_async:177 - ✅ VX Feed connected successfully (client_id=71, Live data)

2026-03-30 07:37:32 CST | INFO     | shree.data.vx_futures_feed:_get_front_month_contract:364 - VX Feed: Selected front-month contract: VX13J6 (expiry: 20260401)

2026-03-30 07:37:32 CST | INFO     | shree.data.vx_futures_feed:_background_main:285 - VX Feed: Using contract VX13J6 (exp=20260401)

2026-03-30 07:37:32 CST | INFO     | shree.data.vx_futures_feed:_subscribe_market_data:392 - VX Feed: Subscribed to market data for VX13J6

2026-03-30 07:37:33 CST | INFO     | shree.data.vx_futures_feed:start_in_background:244 - ✅ VX Feed background thread started successfully

2026-03-30 07:37:33 CST | INFO     | shree.execution.components.sentiment_evaluator:init_vx_feed:225 -    ✅ VX Feed background thread started

2026-03-30 07:37:33 CST | INFO     | shree.execution.components.sentiment_evaluator:init_vx_feed:229 - ======================================================================

2026-03-30 07:37:33 CST | INFO     | shree.utils.bot_state:load_bot_state:81 - bot_state: day rollover detected (last_trade_date=2026-03-24, today=2026-03-30) → resetting consecutive_loss_count 0 → 0, realized_pnl_today 170.63 → 0.00

2026-03-30 07:37:33 CST | INFO     | shree.utils.bot_state:load_bot_state:118 - bot_state: loaded — consecutive_loss_count=0, realized_pnl_today=0.00, cooldown=none, written_at=2026-03-25T00:45:16.764537+00:00

2026-03-30 07:37:33 CST | INFO     | shree.execution.live_trading_manager:__init__:534 - ✅ Prometheus metrics initialized on port 8000

2026-03-30 07:37:33 CST | INFO     | shree.execution.components.trading_session_manager:initialize:48 - Initializing trading components...

2026-03-30 07:37:33 CST | INFO     | shree.strategies.es_fifteen_min:_load_counters:2163 - 📂 Loaded signal counters from disk (session=2026-03-29): A=0 D=0 B=0 E=0 F_L=1 F_S=0 A'=0 D'=0 G=0

2026-03-30 07:37:33 CST | INFO     | shree.execution.components.trading_session_manager:initialize:84 - ============================================================

2026-03-30 07:37:33 CST | INFO     | shree.execution.components.trading_session_manager:initialize:85 - 📊 STRATEGY: ES 15-Minute (EMA21 Pullback + OR Breakout)

2026-03-30 07:37:33 CST | INFO     | shree.execution.components.trading_session_manager:initialize:86 -    Timeframe: 15m | Max hold: 120 min

2026-03-30 07:37:33 CST | INFO     | shree.execution.components.trading_session_manager:initialize:87 -    Warmup: 60 bars | Window: 200 bars

2026-03-30 07:37:33 CST | INFO     | shree.execution.components.trading_session_manager:initialize:90 -    Mode: LONG + SHORT (short-side signals enabled)

2026-03-30 07:37:33 CST | INFO     | shree.execution.components.trading_session_manager:initialize:93 - ============================================================

2026-03-30 07:37:33 CST | INFO     | shree.utils.telegram_notifier:__init__:56 - ✅ Telegram notifications enabled

2026-03-30 07:37:33 CST | INFO     | shree.execution.components.trading_session_manager:initialize:118 - ✅ Telegram notifications initialized

2026-03-30 07:37:33 CST | INFO     | shree.monitoring.order_tracker:_init_database:195 - Order tracker database initialized: /Users/svss/Documents/code/ShreeBot/data/orders.db

2026-03-30 07:37:33 CST | INFO     | shree.execution.ib_executor:connect:439 - Connecting executor to IBKR 127.0.0.1:4001 (client_id=11, timeout=120s)

2026-03-30 07:37:33 CST | INFO     | shree.execution.ib_executor:connect:477 - Connected to IBKR - using snapshot market data requests

2026-03-30 07:37:33 CST | INFO     | shree.execution.ib_executor:_register_event_handlers:504 - 📡 Registering IB event handlers

2026-03-30 07:37:33 CST | INFO     | shree.execution.ib_executor:connect:486 - Skipping startup order cancel per config (cancel_orders_on_startup=False)

2026-03-30 07:37:33 CST | INFO     | shree.execution.ib_executor:_start_keepalive:2929 - Keepalive task started

2026-03-30 07:37:33 CST | INFO     | shree.execution.components.trading_session_manager:force_order_reconciliation:400 - Forcing reconciliation of active orders with IBKR...

2026-03-30 07:37:33 CST | INFO     | shree.execution.ib_executor:_reconcile_orders:635 - ✅ No active orders

2026-03-30 07:37:33 CST | INFO     | shree.execution.components.trading_session_manager:force_order_reconciliation:402 - Order reconciliation complete.

2026-03-30 07:37:33 CST | INFO     | shree.execution.components.cooldown_manager:load_persistent_cooldown_state:79 - ⏱️ Cooldown resume: last trade at 2026-03-24 17:30:40 CST

2026-03-30 07:37:34 CST | INFO     | shree.rag.s3_storage:__init__:137 - S3Storage initialized: s3://rag-bot-storage-897729113303/spy-futures-bot/

2026-03-30 07:37:34 CST | INFO     | shree.rag.rag_storage_manager:__init__:200 - RAGStorageManager initialized with S3: s3://rag-bot-storage-897729113303/spy-futures-bot/

2026-03-30 07:37:34 CST | INFO     | shree.execution.components.trading_session_manager:initialize:155 - ✅ RAG Storage initialized

2026-03-30 07:37:34 CST | INFO     | shree.llm.trade_logger:_init_database:77 - Trade logger database initialized: /Users/svss/Documents/code/ShreeBot/data/llm_trades.db

2026-03-30 07:37:34 CST | INFO     | shree.execution.components.trading_session_manager:initialize:162 - ✅ Decision metrics logger initialized

2026-03-30 07:37:34 CST | INFO     | shree.rag.s3_storage:__init__:137 - S3Storage initialized: s3://rag-bot-storage-897729113303/spy-futures-bot/

2026-03-30 07:37:34 CST | INFO     | shree.rag.rag_storage_manager:__init__:200 - RAGStorageManager initialized with S3: s3://rag-bot-storage-897729113303/spy-futures-bot/

2026-03-30 07:37:34 CST | INFO     | shree.rag.trade_logger:__init__:67 - TradeLogger initialized

2026-03-30 07:37:34 CST | INFO     | shree.rag.mistake_analyzer:__init__:146 - MistakeAnalyzer initialized

2026-03-30 07:37:34 CST | INFO     | shree.rag.s3_storage:__init__:137 - S3Storage initialized: s3://rag-bot-storage-897729113303/spy-futures-bot/

2026-03-30 07:37:36 CST | INFO     | shree.rag.embedding_builder:_init_sentence_transformer:120 - Loaded sentence transformer: all-MiniLM-L6-v2 (dim=384)

2026-03-30 07:37:36 CST | INFO     | shree.rag.s3_storage:read_binary_from_s3:350 - Downloaded binary from S3: spy-futures-bot/vectors/index.faiss

2026-03-30 07:37:36 CST | INFO     | shree.rag.s3_storage:read_binary_from_s3:350 - Downloaded binary from S3: spy-futures-bot/vectors/metadata.pkl

2026-03-30 07:37:36 CST | INFO     | shree.rag.embedding_builder:_load_index:600 - Loaded FAISS index from S3 with 6 vectors

2026-03-30 07:37:36 CST | INFO     | shree.rag.embedding_builder:__init__:109 - EmbeddingBuilder initialized with S3 (dim=384, backend=local)

2026-03-30 07:37:36 CST | INFO     | shree.hybrid.multi_factor_scorer:__init__:71 - 📰 High-impact event day: boosted news weight 0.10→0.20, macro weight 0.10→0.20

2026-03-30 07:37:36 CST | INFO     | shree.hybrid.multi_factor_scorer:__init__:80 - MultiFactorScorer initialized with weights={'technical': 0.33333333333333337, 'llm': 0.0, 'rag': 0.25, 'news': 0.16666666666666669, 'macro': 0.16666666666666669, 'risk': 0.08333333333333334}

2026-03-30 07:37:36 CST | INFO     | shree.rag.hybrid_rag_pipeline:__init__:246 - RuleEngine initialized

2026-03-30 07:37:36 CST | INFO     | shree.rag.hybrid_rag_pipeline:__init__:1179 - RAGRetriever initialized

2026-03-30 07:37:36 CST | INFO     | shree.rag.hybrid_rag_pipeline:__init__:1401 - LLMDecisionMaker initialized

2026-03-30 07:37:36 CST | INFO     | shree.rag.hybrid_rag_pipeline:__init__:1945 - HybridRAGPipeline initialized

2026-03-30 07:37:36 CST | INFO     | shree.rag.data_ingestion:__init__:49 - RAGDataIngestionPipeline watching data

2026-03-30 07:37:36 CST | INFO     | shree.rag.rag_daily_updater:__init__:47 - RAGDailyUpdater initialized

2026-03-30 07:37:36 CST | INFO     | shree.rag.pipeline_integration:__init__:220 - HybridPipelineIntegration initialized

2026-03-30 07:37:36 CST | INFO     | shree.execution.components.trading_session_manager:initialize:182 - 🔎 Hybrid RAG index ready (faiss, 6 docs)

2026-03-30 07:37:36 CST | INFO     | shree.execution.components.trading_session_manager:initialize:186 - ✅ Hybrid RAG+LLM Pipeline initialized (3-layer decision system)

2026-03-30 07:37:36 CST | INFO     | shree.execution.live_trading_manager:_configure_aws_agents:623 - ℹ️  AWS Agents disabled: OpenSearch backend not permitted

2026-03-30 07:37:36 CST | INFO     | shree.execution.live_trading_manager:_load_historical_context:675 - 📊 Loading historical market context...

2026-03-30 07:37:36 CST | INFO     | shree.execution.ib_executor:keepalive_loop:2837 - Starting connection keepalive task (checking every 30s)

2026-03-30 07:37:36 CST | INFO     | shree.execution.ib_executor:get_qualified_contract:411 - Qualified contract: MESM6 (exp: 20260618) [offset=0]

2026-03-30 07:37:38 CST | INFO     | shree.execution.live_trading_manager:_load_historical_context:773 - ✅ Historical context loaded from IBKR daily bars:

2026-03-30 07:37:38 CST | INFO     | shree.execution.live_trading_manager:_load_historical_context:774 -    📈 Previous Day (2026-03-26): High=6622.00, Low=6517.00, Close=6525.00

2026-03-30 07:37:38 CST | INFO     | shree.execution.live_trading_manager:_load_historical_context:778 -    📊 Today (2026-03-27): High=6495.75, Low=6389.00

2026-03-30 07:37:38 CST | INFO     | shree.execution.live_trading_manager:_load_historical_context:779 -    📅 Weekly Range: 6389.00 - 6705.00

2026-03-30 07:37:38 CST | INFO     | shree.execution.live_trading_manager:_load_historical_context:780 -    ⏱️  Loaded at: 2026-03-30T07:37:38.040416-05:00

2026-03-30 07:37:38 CST | INFO     | shree.execution.live_trading_manager:_store_historical_context_in_rag:848 - ✅ Stored market context in RAG: rag_data/docs_dynamic/market_context_2026-03-30.txt

2026-03-30 07:37:38 CST | INFO     | shree.risk.dynamic_support:_recompute:175 - 🛡️ Dynamic support floor updated: 6384.00 (lowest=WL=6389.00 - 5.0pt buffer) [sources: PDL=6517.00, WL=6389.00] trigger=historical_context

2026-03-30 07:37:38 CST | INFO     | shree.rag.pipeline_integration:set_price_levels:246 - 📊 Price levels set from ibkr_historical: PDH=6622.0, PDL=6517.0, WeekHigh=6705.0, WeekLow=6389.0

2026-03-30 07:37:38 CST | INFO     | shree.execution.components.trading_session_manager:initialize:208 - ✅ Historical context wired to hybrid pipeline for decision-making

2026-03-30 07:37:38 CST | INFO     | shree.execution.live_trading_manager:_bootstrap_price_history:966 - 📚 Bootstrapped 61 historical 15m bars for structural context

2026-03-30 07:37:38 CST | INFO     | shree.execution.live_trading_manager:_bootstrap_price_history:969 -    ⏱️  First bar: 2026-03-27 15:30:00-05:00, Last bar: 2026-03-30 07:30:00-05:00, Now: 2026-03-30T07:37:38.137823-05:00

2026-03-30 07:37:38 CST | INFO     | shree.execution.live_trading_manager:_bootstrap_price_history:974 -    ⏱️  Data age: 458s (acceptable if <1200s)

2026-03-30 07:37:38 CST | INFO     | shree.execution.components.trading_session_manager:initialize:217 - ✅ Connected to IBKR

2026-03-30 07:37:38 CST | INFO     | shree.execution.components.trading_session_manager:initialize:224 - ✅ Live trading manager initialized

2026-03-30 07:37:38 CST | INFO     | shree.execution.components.trading_session_manager:start:239 - 🔄 Starting trading loop...

2026-03-30 07:37:38 CST | INFO     | shree.execution.components.trading_session_manager:start:253 - 🔁 Entering main loop: running=True, stop_requested=False, tf=15m, poll=30s

2026-03-30 07:37:42 CST | INFO     | shree.data.vx_futures_feed:_background_main:305 - 📈 VX Feed: Price=28.50 (multiplier=0.4x)

2026-03-30 07:42:39 CST | INFO     | shree.execution.components.trading_session_manager:start:267 - 💓 Heartbeat: waiting for 15m bar | bars=61 | price=None

2026-03-30 07:45:10 CST | INFO     | shree.execution.live_trading_manager:_should_block_new_entry:1421 - Entry blocked: waiting for 1/2 completed bars after startup

2026-03-30 07:47:40 CST | INFO     | shree.execution.components.trading_session_manager:start:267 - 💓 Heartbeat: waiting for 15m bar | bars=62 | price=6463.5

2026-03-30 07:52:42 CST | INFO     | shree.execution.components.trading_session_manager:start:267 - 💓 Heartbeat: waiting for 15m bar | bars=62 | price=6463.5

2026-03-30 07:57:43 CST | INFO     | shree.execution.components.trading_session_manager:start:267 - 💓 Heartbeat: waiting for 15m bar | bars=62 | price=6463.5

2026-03-30 08:00:14 CST | INFO     | shree.execution.ib_executor:get_active_order_count:2428 - 🔍 Sync: 0 active orders (0 PendingSubmit, lock=idle)

2026-03-30 08:00:14 CST | INFO     | shree.execution.components.signal_processor:process_trading_cycle:1222 - 🕐 New candle close at 08:00:00 CST

2026-03-30 08:00:14 CST | INFO     | shree.utils.structured_logging:log_structured_event:83 - Cycle start

2026-03-30 08:00:14 CST | INFO     | shree.strategies.es_fifteen_min:generate:478 - 🔁 OR reconstruction check: et_time=09:00:00 or_end=00:30:00 or_computed=False opening_bars=0

2026-03-30 08:00:14 CST | INFO     | shree.strategies.es_fifteen_min:generate:484 - 🔁 Enriched index range: 2026-03-27 15:30:00-05:00 -> 2026-03-30 08:00:00-05:00

2026-03-30 08:00:14 CST | INFO     | shree.strategies.es_fifteen_min:_compute_opening_range:1985 - 📊 OR computed: HIGH=6419.00 LOW=6406.25 (2 bars)

2026-03-30 08:00:14 CST | INFO     | shree.strategies.es_fifteen_min:_compute_opening_range:1996 - 💾 OR persisted to data/or_2026-03-30.json

2026-03-30 08:00:14 CST | INFO     | shree.strategies.es_fifteen_min:_reconstruct_or_from_history:2037 - 🔄 OR RECONSTRUCTED from 2 historical bars: HIGH=6419.00 LOW=6406.25

2026-03-30 08:00:14 CST | INFO     | shree.strategies.es_fifteen_min:generate:524 - 📌 Seeded prev_close=6463.50 from prior bar

2026-03-30 08:00:14 CST | INFO     | shree.strategies.es_fifteen_min:generate:714 - 🚫 ON_RSI_EXTREME: blocking TREND_CONT_LONG overnight (RSI=74.2 > 65) | overbought exhaustion trap

2026-03-30 08:00:14 CST | INFO     | shree.strategies.es_fifteen_min:generate:993 - 🔍 NO_SIGNAL diag: A:low(6463.8)>touch(6456.7) | B:no_cross(c=6465.8,prev=6463.5,OR_H=6419.0) | C:adx(55)out[22-45.0] | D:ema21(6447.1)>=ema50(6430.3) | E:no_cross(c=6465.8,prev=6463.5,OR_L=6406.2) | F:asc(6465.8,6463.5,6463.8) | G:outside_london(08:00:00)

2026-03-30 08:00:14 CST | INFO     | shree.execution.components.signal_processor:_generate_strategy_first_signal:438 - 📊 Strategy Signal: HOLD (conf=0.00, meta=NO_SIGNAL)

2026-03-30 08:00:14 CST | INFO     | shree.execution.ib_executor:get_active_order_count:2428 - 🔍 Sync: 0 active orders (0 PendingSubmit, lock=idle)

2026-03-30 08:00:14 CST | INFO     | shree.execution.components.signal_processor:process_trading_cycle:1438 - Skipping trade (HOLD)

2026-03-30 08:02:44 CST | INFO     | shree.execution.components.trading_session_manager:start:267 - 💓 Heartbeat: waiting for 15m bar | bars=63 | price=6465.75

2026-03-30 08:07:46 CST | INFO     | shree.execution.components.trading_session_manager:start:267 - 💓 Heartbeat: waiting for 15m bar | bars=63 | price=6465.75

2026-03-30 08:12:47 CST | INFO     | shree.execution.components.trading_session_manager:start:267 - 💓 Heartbeat: waiting for 15m bar | bars=63 | price=6465.75

2026-03-30 08:15:18 CST | INFO     | shree.execution.ib_executor:get_active_order_count:2428 - 🔍 Sync: 0 active orders (0 PendingSubmit, lock=idle)

2026-03-30 08:15:18 CST | INFO     | shree.execution.components.signal_processor:process_trading_cycle:1222 - 🕐 New candle close at 08:15:00 CST

2026-03-30 08:15:18 CST | INFO     | shree.utils.structured_logging:log_structured_event:83 - Cycle start

2026-03-30 08:15:18 CST | INFO     | shree.strategies.es_fifteen_min:generate:993 - 🔍 NO_SIGNAL diag: A:low(6462.8)>touch(6458.3) | B:no_cross(c=6464.0,prev=6465.8,OR_H=6419.0) | C:adx(55)out[22-45.0] | D:ema21(6448.6)>=ema50(6431.6) | E:no_cross(c=6464.0,prev=6465.8,OR_L=6406.2) | F:asc(6464.0,6465.8,6463.5) | G:outside_london(08:15:00)

2026-03-30 08:15:18 CST | INFO     | shree.execution.components.signal_processor:_generate_strategy_first_signal:438 - 📊 Strategy Signal: HOLD (conf=0.00, meta=NO_SIGNAL)

2026-03-30 08:15:18 CST | INFO     | shree.execution.ib_executor:get_active_order_count:2428 - 🔍 Sync: 0 active orders (0 PendingSubmit, lock=idle)

2026-03-30 08:15:18 CST | INFO     | shree.execution.components.signal_processor:process_trading_cycle:1438 - Skipping trade (HOLD)

2026-03-30 08:17:48 CST | INFO     | shree.execution.components.trading_session_manager:start:267 - 💓 Heartbeat: waiting for 15m bar | bars=64 | price=6464.0

2026-03-30 08:22:50 CST | INFO     | shree.execution.components.trading_session_manager:start:267 - 💓 Heartbeat: waiting for 15m bar | bars=64 | price=6464.0

2026-03-30 08:27:51 CST | INFO     | shree.execution.components.trading_session_manager:start:267 - 💓 Heartbeat: waiting for 15m bar | bars=64 | price=6464.0

2026-03-30 08:30:22 CST | INFO     | shree.execution.ib_executor:get_active_order_count:2428 - 🔍 Sync: 0 active orders (0 PendingSubmit, lock=idle)

2026-03-30 08:30:22 CST | INFO     | shree.execution.components.signal_processor:process_trading_cycle:1222 - 🕐 New candle close at 08:30:00 CST

2026-03-30 08:30:22 CST | INFO     | shree.utils.structured_logging:log_structured_event:83 - Cycle start

2026-03-30 08:30:22 CST | INFO     | shree.strategies.es_fifteen_min:generate:993 - 🔍 NO_SIGNAL diag: A:low(6460.5)>touch(6459.5) | B:no_cross(c=6462.0,prev=6464.0,OR_H=6419.0) | C:bearish(c=6462.0,o=6468.0) | D:ema21(6449.8)>=ema50(6432.8) | E:no_cross(c=6462.0,prev=6464.0,OR_L=6406.2) | F:bearish(c=6462.0,o=6468.0) | G:outside_london(08:30:00)

2026-03-30 08:30:22 CST | INFO     | shree.execution.components.signal_processor:_generate_strategy_first_signal:438 - 📊 Strategy Signal: HOLD (conf=0.00, meta=NO_SIGNAL)

2026-03-30 08:30:22 CST | INFO     | shree.execution.ib_executor:get_active_order_count:2428 - 🔍 Sync: 0 active orders (0 PendingSubmit, lock=idle)

2026-03-30 08:30:22 CST | INFO     | shree.execution.components.signal_processor:process_trading_cycle:1438 - Skipping trade (HOLD)

2026-03-30 08:32:52 CST | INFO     | shree.execution.components.trading_session_manager:start:267 - 💓 Heartbeat: waiting for 15m bar | bars=65 | price=6462.0

2026-03-30 08:32:53 CST | INFO     | shree.data.vx_futures_feed:_background_main:305 - 📈 VX Feed: Price=29.35 (multiplier=0.4x)

2026-03-30 08:37:54 CST | INFO     | shree.execution.components.trading_session_manager:start:267 - 💓 Heartbeat: waiting for 15m bar | bars=65 | price=6462.0

2026-03-30 08:42:55 CST | INFO     | shree.execution.components.trading_session_manager:start:267 - 💓 Heartbeat: waiting for 15m bar | bars=65 | price=6462.0

2026-03-30 08:45:26 CST | INFO     | shree.execution.ib_executor:get_active_order_count:2428 - 🔍 Sync: 0 active orders (0 PendingSubmit, lock=idle)

2026-03-30 08:45:26 CST | INFO     | shree.execution.components.signal_processor:process_trading_cycle:1222 - 🕐 New candle close at 08:45:00 CST

2026-03-30 08:45:26 CST | INFO     | shree.utils.structured_logging:log_structured_event:83 - Cycle start

2026-03-30 08:45:26 CST | INFO     | shree.strategies.es_fifteen_min:generate:993 - 🔍 NO_SIGNAL diag: A:close(6441.2)<=ema21(6449.0) | B:no_cross(c=6441.2,prev=6462.0,OR_H=6419.0) | C:close(6441.2)<=ema9(6455.5) | D:ema21(6449.0)>=ema50(6433.1) | E:no_cross(c=6441.2,prev=6462.0,OR_L=6406.2) | F:close(6441.2)<=ema9(6455.5) | G:outside_london(08:45:00)

2026-03-30 08:45:26 CST | INFO     | shree.execution.components.signal_processor:_generate_strategy_first_signal:438 - 📊 Strategy Signal: HOLD (conf=0.00, meta=NO_SIGNAL)

2026-03-30 08:45:26 CST | INFO     | shree.execution.ib_executor:get_active_order_count:2428 - 🔍 Sync: 0 active orders (0 PendingSubmit, lock=idle)

2026-03-30 08:45:26 CST | INFO     | shree.execution.components.signal_processor:process_trading_cycle:1438 - Skipping trade (HOLD)

2026-03-30 08:47:57 CST | INFO     | shree.execution.components.trading_session_manager:start:267 - 💓 Heartbeat: waiting for 15m bar | bars=66 | price=6441.25

2026-03-30 08:52:58 CST | INFO     | shree.execution.components.trading_session_manager:start:267 - 💓 Heartbeat: waiting for 15m bar | bars=66 | price=6441.25

2026-03-30 08:57:59 CST | INFO     | shree.execution.components.trading_session_manager:start:267 - 💓 Heartbeat: waiting for 15m bar | bars=66 | price=6441.25

2026-03-30 09:00:30 CST | INFO     | shree.execution.ib_executor:get_active_order_count:2428 - 🔍 Sync: 0 active orders (0 PendingSubmit, lock=idle)

2026-03-30 09:00:30 CST | INFO     | shree.execution.components.signal_processor:process_trading_cycle:1222 - 🕐 New candle close at 09:00:00 CST

2026-03-30 09:00:30 CST | INFO     | shree.utils.structured_logging:log_structured_event:83 - Cycle start

2026-03-30 09:00:30 CST | INFO     | shree.strategies.es_fifteen_min:generate:993 - 🔍 NO_SIGNAL diag: A:close(6422.5)<=ema21(6446.6) | B:no_cross(c=6422.5,prev=6441.2,OR_H=6419.0) | C:close(6422.5)<=ema9(6448.9) | D:ema21(6446.6)>=ema50(6432.7) | E:no_cross(c=6422.5,prev=6441.2,OR_L=6406.2) | F:close(6422.5)<=ema9(6448.9) | G:outside_london(09:00:00)

2026-03-30 09:00:30 CST | INFO     | shree.execution.components.signal_processor:_generate_strategy_first_signal:438 - 📊 Strategy Signal: HOLD (conf=0.00, meta=NO_SIGNAL)

2026-03-30 09:00:30 CST | INFO     | shree.execution.ib_executor:get_active_order_count:2428 - 🔍 Sync: 0 active orders (0 PendingSubmit, lock=idle)

2026-03-30 09:00:30 CST | INFO     | shree.execution.components.signal_processor:process_trading_cycle:1438 - Skipping trade (HOLD)

2026-03-30 09:03:01 CST | INFO     | shree.execution.components.trading_session_manager:start:267 - 💓 Heartbeat: waiting for 15m bar | bars=67 | price=6422.5

2026-03-30 09:08:02 CST | INFO     | shree.execution.components.trading_session_manager:start:267 - 💓 Heartbeat: waiting for 15m bar | bars=67 | price=6422.5

2026-03-30 09:13:04 CST | INFO     | shree.execution.components.trading_session_manager:start:267 - 💓 Heartbeat: waiting for 15m bar | bars=67 | price=6422.5

2026-03-30 09:15:34 CST | INFO     | shree.execution.ib_executor:get_active_order_count:2428 - 🔍 Sync: 0 active orders (0 PendingSubmit, lock=idle)

2026-03-30 09:15:34 CST | INFO     | shree.execution.components.signal_processor:process_trading_cycle:1222 - 🕐 New candle close at 09:15:00 CST

2026-03-30 09:15:34 CST | INFO     | shree.utils.structured_logging:log_structured_event:83 - Cycle start

2026-03-30 09:15:34 CST | INFO     | shree.strategies.es_fifteen_min:generate:993 - 🔍 NO_SIGNAL diag: A:close(6429.0)<=ema21(6445.0) | B:no_cross(c=6429.0,prev=6422.5,OR_H=6419.0) | C:stack(e9=6445,e21=6445,e50=6433) | D:ema21(6445.0)>=ema50(6432.5) | E:no_cross(c=6429.0,prev=6422.5,OR_L=6406.2) | F:stack(e9=6445,e21=6445,e50=6433) | G:outside_london(09:15:00)

2026-03-30 09:15:34 CST | INFO     | shree.execution.components.signal_processor:_generate_strategy_first_signal:438 - 📊 Strategy Signal: HOLD (conf=0.00, meta=NO_SIGNAL)

2026-03-30 09:15:34 CST | INFO     | shree.execution.ib_executor:get_active_order_count:2428 - 🔍 Sync: 0 active orders (0 PendingSubmit, lock=idle)

2026-03-30 09:15:34 CST | INFO     | shree.execution.components.signal_processor:process_trading_cycle:1438 - Skipping trade (HOLD)

2026-03-30 09:18:05 CST | INFO     | shree.execution.components.trading_session_manager:start:267 - 💓 Heartbeat: waiting for 15m bar | bars=68 | price=6429.0

2026-03-30 09:23:06 CST | INFO     | shree.execution.components.trading_session_manager:start:267 - 💓 Heartbeat: waiting for 15m bar | bars=68 | price=6429.0

2026-03-30 09:28:07 CST | INFO     | shree.execution.components.trading_session_manager:start:267 - 💓 Heartbeat: waiting for 15m bar | bars=68 | price=6429.0

2026-03-30 09:30:08 CST | INFO     | shree.execution.ib_executor:get_active_order_count:2428 - 🔍 Sync: 0 active orders (0 PendingSubmit, lock=idle)

2026-03-30 09:30:08 CST | INFO     | shree.execution.components.signal_processor:process_trading_cycle:1222 - 🕐 New candle close at 09:30:00 CST

2026-03-30 09:30:08 CST | INFO     | shree.utils.structured_logging:log_structured_event:83 - Cycle start

2026-03-30 09:30:08 CST | INFO     | shree.strategies.es_fifteen_min:generate:993 - 🔍 NO_SIGNAL diag: A:close(6425.8)<=ema21(6443.3) | B:no_cross(c=6425.8,prev=6429.0,OR_H=6419.0) | C:stack(e9=6441,e21=6443,e50=6432) | D:ema21(6443.3)>=ema50(6432.3) | E:no_cross(c=6425.8,prev=6429.0,OR_L=6406.2) | F:stack(e9=6441,e21=6443,e50=6432) | G:outside_london(09:30:00)

2026-03-30 09:30:08 CST | INFO     | shree.execution.components.signal_processor:_generate_strategy_first_signal:438 - 📊 Strategy Signal: HOLD (conf=0.00, meta=NO_SIGNAL)

2026-03-30 09:30:08 CST | INFO     | shree.execution.ib_executor:get_active_order_count:2428 - 🔍 Sync: 0 active orders (0 PendingSubmit, lock=idle)

2026-03-30 09:30:08 CST | INFO     | shree.execution.components.signal_processor:process_trading_cycle:1438 - Skipping trade (HOLD)

2026-03-30 09:33:09 CST | INFO     | shree.execution.components.trading_session_manager:start:267 - 💓 Heartbeat: waiting for 15m bar | bars=69 | price=6425.75

2026-03-30 09:38:10 CST | INFO     | shree.execution.components.trading_session_manager:start:267 - 💓 Heartbeat: waiting for 15m bar | bars=69 | price=6425.75

2026-03-30 09:43:12 CST | INFO     | shree.execution.components.trading_session_manager:start:267 - 💓 Heartbeat: waiting for 15m bar | bars=69 | price=6425.75

2026-03-30 09:45:12 CST | INFO     | shree.execution.ib_executor:get_active_order_count:2428 - 🔍 Sync: 0 active orders (0 PendingSubmit, lock=idle)

2026-03-30 09:45:12 CST | INFO     | shree.execution.components.signal_processor:process_trading_cycle:1222 - 🕐 New candle close at 09:45:00 CST

2026-03-30 09:45:12 CST | INFO     | shree.utils.structured_logging:log_structured_event:83 - Cycle start

2026-03-30 09:45:12 CST | INFO     | shree.strategies.es_fifteen_min:generate:993 - 🔍 NO_SIGNAL diag: A:close(6416.8)<=ema21(6440.9) | B:no_cross(c=6416.8,prev=6425.8,OR_H=6419.0) | C:stack(e9=6436,e21=6441,e50=6432) | D:ema21(6440.9)>=ema50(6431.7) | E:no_cross(c=6416.8,prev=6425.8,OR_L=6406.2) | F:stack(e9=6436,e21=6441,e50=6432) | G:outside_london(09:45:00)

2026-03-30 09:45:12 CST | INFO     | shree.execution.components.signal_processor:_generate_strategy_first_signal:438 - 📊 Strategy Signal: HOLD (conf=0.00, meta=NO_SIGNAL)

2026-03-30 09:45:12 CST | INFO     | shree.execution.ib_executor:get_active_order_count:2428 - 🔍 Sync: 0 active orders (0 PendingSubmit, lock=idle)

2026-03-30 09:45:12 CST | INFO     | shree.execution.components.signal_processor:process_trading_cycle:1438 - Skipping trade (HOLD)

2026-03-30 09:48:13 CST | INFO     | shree.execution.components.trading_session_manager:start:267 - 💓 Heartbeat: waiting for 15m bar | bars=70 | price=6416.75

2026-03-30 09:53:14 CST | INFO     | shree.execution.components.trading_session_manager:start:267 - 💓 Heartbeat: waiting for 15m bar | bars=70 | price=6416.75

2026-03-30 09:58:16 CST | INFO     | shree.execution.components.trading_session_manager:start:267 - 💓 Heartbeat: waiting for 15m bar | bars=70 | price=6416.75

2026-03-30 10:00:16 CST | INFO     | shree.execution.ib_executor:get_active_order_count:2428 - 🔍 Sync: 0 active orders (0 PendingSubmit, lock=idle)

2026-03-30 10:00:16 CST | INFO     | shree.execution.components.signal_processor:process_trading_cycle:1222 - 🕐 New candle close at 10:00:00 CST

2026-03-30 10:00:16 CST | INFO     | shree.utils.structured_logging:log_structured_event:83 - Cycle start

2026-03-30 10:00:16 CST | INFO     | shree.strategies.es_fifteen_min:generate:993 - 🔍 NO_SIGNAL diag: A:macd_div(-4.20)<-0.5 | B:ema9(6438.0)<=ema21(6441.3) | C:stack(e9=6438,e21=6441,e50=6432) | D:ema21(6441.3)>=ema50(6432.2) | E:no_cross(c=6445.2,prev=6416.8,OR_L=6406.2) | F:stack(e9=6438,e21=6441,e50=6432) | G:outside_london(10:00:00)

2026-03-30 10:00:16 CST | INFO     | shree.execution.components.signal_processor:_generate_strategy_first_signal:438 - 📊 Strategy Signal: HOLD (conf=0.00, meta=NO_SIGNAL)

2026-03-30 10:00:16 CST | INFO     | shree.execution.ib_executor:get_active_order_count:2428 - 🔍 Sync: 0 active orders (0 PendingSubmit, lock=idle)

2026-03-30 10:00:16 CST | INFO     | shree.execution.components.signal_processor:process_trading_cycle:1438 - Skipping trade (HOLD)

2026-03-30 10:03:17 CST | INFO     | shree.execution.components.trading_session_manager:start:267 - 💓 Heartbeat: waiting for 15m bar | bars=71 | price=6445.25

2026-03-30 10:08:18 CST | INFO     | shree.execution.components.trading_session_manager:start:267 - 💓 Heartbeat: waiting for 15m bar | bars=71 | price=6445.25

2026-03-30 10:13:19 CST | INFO     | shree.execution.components.trading_session_manager:start:267 - 💓 Heartbeat: waiting for 15m bar | bars=71 | price=6445.25

2026-03-30 10:15:20 CST | INFO     | shree.execution.ib_executor:get_active_order_count:2428 - 🔍 Sync: 0 active orders (0 PendingSubmit, lock=idle)

2026-03-30 10:15:20 CST | INFO     | shree.execution.components.signal_processor:process_trading_cycle:1222 - 🕐 New candle close at 10:15:00 CST

2026-03-30 10:15:20 CST | INFO     | shree.utils.structured_logging:log_structured_event:83 - Cycle start

2026-03-30 10:15:20 CST | INFO     | shree.strategies.es_fifteen_min:generate:993 - 🔍 NO_SIGNAL diag: A:close(6430.8)<=ema21(6440.3) | B:no_cross(c=6430.8,prev=6445.2,OR_H=6419.0) | C:stack(e9=6437,e21=6440,e50=6432) | D:ema21(6440.3)>=ema50(6432.1) | E:no_cross(c=6430.8,prev=6445.2,OR_L=6406.2) | F:stack(e9=6437,e21=6440,e50=6432) | G:outside_london(10:15:00)

2026-03-30 10:15:20 CST | INFO     | shree.execution.components.signal_processor:_generate_strategy_first_signal:438 - 📊 Strategy Signal: HOLD (conf=0.00, meta=NO_SIGNAL)

2026-03-30 10:15:20 CST | INFO     | shree.execution.ib_executor:get_active_order_count:2428 - 🔍 Sync: 0 active orders (0 PendingSubmit, lock=idle)

2026-03-30 10:15:20 CST | INFO     | shree.execution.components.signal_processor:process_trading_cycle:1438 - Skipping trade (HOLD)

2026-03-30 10:18:21 CST | INFO     | shree.execution.components.trading_session_manager:start:267 - 💓 Heartbeat: waiting for 15m bar | bars=72 | price=6430.75

2026-03-30 10:23:22 CST | INFO     | shree.execution.components.trading_session_manager:start:267 - 💓 Heartbeat: waiting for 15m bar | bars=72 | price=6430.75

2026-03-30 10:28:23 CST | INFO     | shree.execution.components.trading_session_manager:start:267 - 💓 Heartbeat: waiting for 15m bar | bars=72 | price=6430.75

2026-03-30 10:30:24 CST | INFO     | shree.execution.ib_executor:get_active_order_count:2428 - 🔍 Sync: 0 active orders (0 PendingSubmit, lock=idle)

2026-03-30 10:30:24 CST | INFO     | shree.execution.components.signal_processor:process_trading_cycle:1222 - 🕐 New candle close at 10:30:00 CST

2026-03-30 10:30:24 CST | INFO     | shree.utils.structured_logging:log_structured_event:83 - Cycle start

2026-03-30 10:30:24 CST | INFO     | shree.strategies.es_fifteen_min:generate:993 - 🔍 NO_SIGNAL diag: A:close(6431.2)<=ema21(6439.5) | B:no_cross(c=6431.2,prev=6430.8,OR_H=6419.0) | C:stack(e9=6436,e21=6439,e50=6432) | D:ema21(6439.5)>=ema50(6432.1) | E:no_cross(c=6431.2,prev=6430.8,OR_L=6406.2) | F:stack(e9=6436,e21=6439,e50=6432) | G:outside_london(10:30:00)

2026-03-30 10:30:24 CST | INFO     | shree.execution.components.signal_processor:_generate_strategy_first_signal:438 - 📊 Strategy Signal: HOLD (conf=0.00, meta=NO_SIGNAL)

2026-03-30 10:30:24 CST | INFO     | shree.execution.ib_executor:get_active_order_count:2428 - 🔍 Sync: 0 active orders (0 PendingSubmit, lock=idle)

2026-03-30 10:30:24 CST | INFO     | shree.execution.components.signal_processor:process_trading_cycle:1438 - Skipping trade (HOLD)

2026-03-30 10:33:25 CST | INFO     | shree.execution.components.trading_session_manager:start:267 - 💓 Heartbeat: waiting for 15m bar | bars=73 | price=6431.25

2026-03-30 10:38:26 CST | INFO     | shree.execution.components.trading_session_manager:start:267 - 💓 Heartbeat: waiting for 15m bar | bars=73 | price=6431.25

2026-03-30 10:43:27 CST | INFO     | shree.execution.components.trading_session_manager:start:267 - 💓 Heartbeat: waiting for 15m bar | bars=73 | price=6431.25

2026-03-30 10:45:28 CST | INFO     | shree.execution.ib_executor:get_active_order_count:2428 - 🔍 Sync: 0 active orders (0 PendingSubmit, lock=idle)

2026-03-30 10:45:28 CST | INFO     | shree.execution.components.signal_processor:process_trading_cycle:1222 - 🕐 New candle close at 10:45:00 CST

2026-03-30 10:45:28 CST | INFO     | shree.utils.structured_logging:log_structured_event:83 - Cycle start

2026-03-30 10:45:28 CST | INFO     | shree.strategies.es_fifteen_min:generate:993 - 🔍 NO_SIGNAL diag: A:bearish(c=6445.2,o=6447.5) | B:no_cross(c=6445.2,prev=6431.2,OR_H=6419.0) | C:stack(e9=6437,e21=6440,e50=6433) | D:ema21(6440.0)>=ema50(6432.6) | E:no_cross(c=6445.2,prev=6431.2,OR_L=6406.2) | F:stack(e9=6437,e21=6440,e50=6433) | G:outside_london(10:45:00)

2026-03-30 10:45:28 CST | INFO     | shree.execution.components.signal_processor:_generate_strategy_first_signal:438 - 📊 Strategy Signal: HOLD (conf=0.00, meta=NO_SIGNAL)

2026-03-30 10:45:28 CST | INFO     | shree.execution.ib_executor:get_active_order_count:2428 - 🔍 Sync: 0 active orders (0 PendingSubmit, lock=idle)

2026-03-30 10:45:28 CST | INFO     | shree.execution.components.signal_processor:process_trading_cycle:1438 - Skipping trade (HOLD)

2026-03-30 10:48:29 CST | INFO     | shree.execution.components.trading_session_manager:start:267 - 💓 Heartbeat: waiting for 15m bar | bars=74 | price=6445.25

2026-03-30 10:53:30 CST | INFO     | shree.execution.components.trading_session_manager:start:267 - 💓 Heartbeat: waiting for 15m bar | bars=74 | price=6445.25

2026-03-30 10:58:31 CST | INFO     | shree.execution.components.trading_session_manager:start:267 - 💓 Heartbeat: waiting for 15m bar | bars=74 | price=6445.25

2026-03-30 11:00:32 CST | INFO     | shree.execution.ib_executor:get_active_order_count:2428 - 🔍 Sync: 0 active orders (0 PendingSubmit, lock=idle)

2026-03-30 11:00:32 CST | INFO     | shree.execution.components.signal_processor:process_trading_cycle:1222 - 🕐 New candle close at 11:00:00 CST

2026-03-30 11:00:32 CST | INFO     | shree.utils.structured_logging:log_structured_event:83 - Cycle start

2026-03-30 11:00:32 CST | INFO     | shree.strategies.es_fifteen_min:generate:993 - 🔍 NO_SIGNAL diag: A:close(6439.8)<=ema21(6440.0) | B:no_cross(c=6439.8,prev=6445.2,OR_H=6419.0) | C:stack(e9=6438,e21=6440,e50=6433) | D:ema21(6440.0)>=ema50(6432.9) | E:no_cross(c=6439.8,prev=6445.2,OR_L=6406.2) | F:stack(e9=6438,e21=6440,e50=6433) | G:outside_london(11:00:00)

2026-03-30 11:00:32 CST | INFO     | shree.execution.components.signal_processor:_generate_strategy_first_signal:438 - 📊 Strategy Signal: HOLD (conf=0.00, meta=NO_SIGNAL)

2026-03-30 11:00:32 CST | INFO     | shree.execution.ib_executor:get_active_order_count:2428 - 🔍 Sync: 0 active orders (0 PendingSubmit, lock=idle)

2026-03-30 11:00:32 CST | INFO     | shree.execution.components.signal_processor:process_trading_cycle:1438 - Skipping trade (HOLD)

2026-03-30 11:03:33 CST | INFO     | shree.execution.components.trading_session_manager:start:267 - 💓 Heartbeat: waiting for 15m bar | bars=75 | price=6439.75

2026-03-30 11:08:34 CST | INFO     | shree.execution.components.trading_session_manager:start:267 - 💓 Heartbeat: waiting for 15m bar | bars=75 | price=6439.75

2026-03-30 11:13:35 CST | INFO     | shree.execution.components.trading_session_manager:start:267 - 💓 Heartbeat: waiting for 15m bar | bars=75 | price=6439.75

2026-03-30 11:15:06 CST | INFO     | shree.execution.ib_executor:get_active_order_count:2428 - 🔍 Sync: 0 active orders (0 PendingSubmit, lock=idle)

2026-03-30 11:15:06 CST | INFO     | shree.execution.components.signal_processor:process_trading_cycle:1222 - 🕐 New candle close at 11:15:00 CST

2026-03-30 11:15:06 CST | INFO     | shree.utils.structured_logging:log_structured_event:83 - Cycle start

2026-03-30 11:15:06 CST | INFO     | shree.strategies.es_fifteen_min:generate:993 - 🔍 NO_SIGNAL diag: A:close(6434.0)<=ema21(6439.4) | B:no_cross(c=6434.0,prev=6439.8,OR_H=6419.0) | C:stack(e9=6437,e21=6439,e50=6433) | D:ema21(6439.4)>=ema50(6433.0) | E:no_cross(c=6434.0,prev=6439.8,OR_L=6406.2) | F:stack(e9=6437,e21=6439,e50=6433) | G:outside_london(11:15:00)

2026-03-30 11:15:06 CST | INFO     | shree.execution.components.signal_processor:_generate_strategy_first_signal:438 - 📊 Strategy Signal: HOLD (conf=0.00, meta=NO_SIGNAL)

2026-03-30 11:15:06 CST | INFO     | shree.execution.ib_executor:get_active_order_count:2428 - 🔍 Sync: 0 active orders (0 PendingSubmit, lock=idle)

2026-03-30 11:15:06 CST | INFO     | shree.execution.components.signal_processor:process_trading_cycle:1438 - Skipping trade (HOLD)

2026-03-30 11:18:37 CST | INFO     | shree.execution.components.trading_session_manager:start:267 - 💓 Heartbeat: waiting for 15m bar | bars=76 | price=6434.0

2026-03-30 11:23:38 CST | INFO     | shree.execution.components.trading_session_manager:start:267 - 💓 Heartbeat: waiting for 15m bar | bars=76 | price=6434.0

2026-03-30 11:28:39 CST | INFO     | shree.execution.components.trading_session_manager:start:267 - 💓 Heartbeat: waiting for 15m bar | bars=76 | price=6434.0

2026-03-30 11:30:09 CST | INFO     | shree.execution.ib_executor:get_active_order_count:2428 - 🔍 Sync: 0 active orders (0 PendingSubmit, lock=idle)

2026-03-30 11:30:09 CST | INFO     | shree.execution.components.signal_processor:process_trading_cycle:1222 - 🕐 New candle close at 11:30:00 CST

2026-03-30 11:30:09 CST | INFO     | shree.utils.structured_logging:log_structured_event:83 - Cycle start

2026-03-30 11:30:09 CST | INFO     | shree.strategies.es_fifteen_min:generate:993 - 🔍 NO_SIGNAL diag: A:close(6420.2)<=ema21(6437.7) | B:no_cross(c=6420.2,prev=6434.0,OR_H=6419.0) | C:stack(e9=6434,e21=6438,e50=6432) | D:ema21(6437.7)>=ema50(6432.5) | E:no_cross(c=6420.2,prev=6434.0,OR_L=6406.2) | F:stack(e9=6434,e21=6438,e50=6432) | G:outside_london(11:30:00)

2026-03-30 11:30:09 CST | INFO     | shree.execution.components.signal_processor:_generate_strategy_first_signal:438 - 📊 Strategy Signal: HOLD (conf=0.00, meta=NO_SIGNAL)

2026-03-30 11:30:09 CST | INFO     | shree.execution.ib_executor:get_active_order_count:2428 - 🔍 Sync: 0 active orders (0 PendingSubmit, lock=idle)

2026-03-30 11:30:09 CST | INFO     | shree.execution.components.signal_processor:process_trading_cycle:1438 - Skipping trade (HOLD)

2026-03-30 11:33:40 CST | INFO     | shree.execution.components.trading_session_manager:start:267 - 💓 Heartbeat: waiting for 15m bar | bars=77 | price=6420.25

2026-03-30 11:38:42 CST | INFO     | shree.execution.components.trading_session_manager:start:267 - 💓 Heartbeat: waiting for 15m bar | bars=77 | price=6420.25

2026-03-30 11:43:43 CST | INFO     | shree.execution.components.trading_session_manager:start:267 - 💓 Heartbeat: waiting for 15m bar | bars=77 | price=6420.25

2026-03-30 11:45:13 CST | INFO     | shree.execution.ib_executor:get_active_order_count:2428 - 🔍 Sync: 0 active orders (0 PendingSubmit, lock=idle)

2026-03-30 11:45:13 CST | INFO     | shree.execution.components.signal_processor:process_trading_cycle:1222 - 🕐 New candle close at 11:45:00 CST

2026-03-30 11:45:13 CST | INFO     | shree.utils.structured_logging:log_structured_event:83 - Cycle start

2026-03-30 11:45:13 CST | INFO     | shree.strategies.es_fifteen_min:generate:993 - 🔍 NO_SIGNAL diag: A:close(6421.5)<=ema21(6436.2) | B:no_cross(c=6421.5,prev=6420.2,OR_H=6419.0) | C:stack(e9=6431,e21=6436,e50=6432) | D:ema21(6436.2)>=ema50(6432.0) | E:no_cross(c=6421.5,prev=6420.2,OR_L=6406.2) | F:stack(e9=6431,e21=6436,e50=6432) | G:outside_london(11:45:00)

2026-03-30 11:45:13 CST | INFO     | shree.execution.components.signal_processor:_generate_strategy_first_signal:438 - 📊 Strategy Signal: HOLD (conf=0.00, meta=NO_SIGNAL)

2026-03-30 11:45:13 CST | INFO     | shree.execution.ib_executor:get_active_order_count:2428 - 🔍 Sync: 0 active orders (0 PendingSubmit, lock=idle)

2026-03-30 11:45:13 CST | INFO     | shree.execution.components.signal_processor:process_trading_cycle:1438 - Skipping trade (HOLD)

2026-03-30 11:48:44 CST | INFO     | shree.execution.components.trading_session_manager:start:267 - 💓 Heartbeat: waiting for 15m bar | bars=78 | price=6421.5

2026-03-30 11:53:45 CST | INFO     | shree.execution.components.trading_session_manager:start:267 - 💓 Heartbeat: waiting for 15m bar | bars=78 | price=6421.5

2026-03-30 11:58:47 CST | INFO     | shree.execution.components.trading_session_manager:start:267 - 💓 Heartbeat: waiting for 15m bar | bars=78 | price=6421.5

2026-03-30 12:00:17 CST | INFO     | shree.execution.ib_executor:get_active_order_count:2428 - 🔍 Sync: 0 active orders (0 PendingSubmit, lock=idle)

2026-03-30 12:00:17 CST | INFO     | shree.execution.components.signal_processor:process_trading_cycle:1222 - 🕐 New candle close at 12:00:00 CST

2026-03-30 12:00:17 CST | INFO     | shree.utils.structured_logging:log_structured_event:83 - Cycle start

2026-03-30 12:00:17 CST | INFO     | shree.strategies.es_fifteen_min:generate:993 - 🔍 NO_SIGNAL diag: A:close(6421.8)<=ema21(6434.9) | B:no_cross(c=6421.8,prev=6421.5,OR_H=6419.0) | C:stack(e9=6429,e21=6435,e50=6432) | D:ema21(6434.9)>=ema50(6431.6) | E:no_cross(c=6421.8,prev=6421.5,OR_L=6406.2) | F:stack(e9=6429,e21=6435,e50=6432) | G:outside_london(12:00:00)

2026-03-30 12:00:17 CST | INFO     | shree.execution.components.signal_processor:_generate_strategy_first_signal:438 - 📊 Strategy Signal: HOLD (conf=0.00, meta=NO_SIGNAL)

2026-03-30 12:00:17 CST | INFO     | shree.execution.ib_executor:get_active_order_count:2428 - 🔍 Sync: 0 active orders (0 PendingSubmit, lock=idle)

2026-03-30 12:00:17 CST | INFO     | shree.execution.components.signal_processor:process_trading_cycle:1438 - Skipping trade (HOLD)

2026-03-30 12:03:48 CST | INFO     | shree.execution.components.trading_session_manager:start:267 - 💓 Heartbeat: waiting for 15m bar | bars=79 | price=6421.75

2026-03-30 12:08:49 CST | INFO     | shree.execution.components.trading_session_manager:start:267 - 💓 Heartbeat: waiting for 15m bar | bars=79 | price=6421.75

2026-03-30 12:13:51 CST | INFO     | shree.execution.components.trading_session_manager:start:267 - 💓 Heartbeat: waiting for 15m bar | bars=79 | price=6421.75

2026-03-30 12:15:21 CST | INFO     | shree.execution.ib_executor:get_active_order_count:2428 - 🔍 Sync: 0 active orders (0 PendingSubmit, lock=idle)

2026-03-30 12:15:21 CST | INFO     | shree.execution.components.signal_processor:process_trading_cycle:1222 - 🕐 New candle close at 12:15:00 CST

2026-03-30 12:15:21 CST | INFO     | shree.utils.structured_logging:log_structured_event:83 - Cycle start

2026-03-30 12:15:21 CST | INFO     | shree.strategies.es_fifteen_min:generate:993 - 🔍 NO_SIGNAL diag: A:close(6413.2)<=ema21(6432.9) | B:no_cross(c=6413.2,prev=6421.8,OR_H=6419.0) | C:stack(e9=6426,e21=6433,e50=6431) | D:ema21(6432.9)>=ema50(6430.9) | E:no_cross(c=6413.2,prev=6421.8,OR_L=6406.2) | F:stack(e9=6426,e21=6433,e50=6431) | G:outside_london(12:15:00)

2026-03-30 12:15:21 CST | INFO     | shree.execution.components.signal_processor:_generate_strategy_first_signal:438 - 📊 Strategy Signal: HOLD (conf=0.00, meta=NO_SIGNAL)

2026-03-30 12:15:21 CST | INFO     | shree.execution.ib_executor:get_active_order_count:2428 - 🔍 Sync: 0 active orders (0 PendingSubmit, lock=idle)

2026-03-30 12:15:21 CST | INFO     | shree.execution.components.signal_processor:process_trading_cycle:1438 - Skipping trade (HOLD)

2026-03-30 12:18:52 CST | INFO     | shree.execution.components.trading_session_manager:start:267 - 💓 Heartbeat: waiting for 15m bar | bars=80 | price=6413.25

2026-03-30 12:23:54 CST | INFO     | shree.execution.components.trading_session_manager:start:267 - 💓 Heartbeat: waiting for 15m bar | bars=80 | price=6413.25

2026-03-30 12:28:55 CST | INFO     | shree.execution.components.trading_session_manager:start:267 - 💓 Heartbeat: waiting for 15m bar | bars=80 | price=6413.25

2026-03-30 12:30:25 CST | INFO     | shree.execution.ib_executor:get_active_order_count:2428 - 🔍 Sync: 0 active orders (0 PendingSubmit, lock=idle)

2026-03-30 12:30:25 CST | INFO     | shree.execution.components.signal_processor:process_trading_cycle:1222 - 🕐 New candle close at 12:30:00 CST

2026-03-30 12:30:25 CST | INFO     | shree.utils.structured_logging:log_structured_event:83 - Cycle start

2026-03-30 12:30:25 CST | INFO     | shree.strategies.es_fifteen_min:_check_or_breakdown:1710 - OR_BREAK_SHORT blocked: RSI=34.0 < 40 (oversold — high bounce risk)

2026-03-30 12:30:25 CST | INFO     | shree.strategies.es_fifteen_min:generate:993 - 🔍 NO_SIGNAL diag: A:close(6400.0)<=ema21(6429.9) | B:no_cross(c=6400.0,prev=6413.2,OR_H=6419.0) | C:stack(e9=6421,e21=6430,e50=6430) | D:ema21(6429.9)>=ema50(6429.7) | F:stack(e9=6421,e21=6430,e50=6430) | G:outside_london(12:30:00)

2026-03-30 12:30:25 CST | INFO     | shree.execution.components.signal_processor:_generate_strategy_first_signal:438 - 📊 Strategy Signal: HOLD (conf=0.00, meta=NO_SIGNAL)

2026-03-30 12:30:25 CST | INFO     | shree.execution.ib_executor:get_active_order_count:2428 - 🔍 Sync: 0 active orders (0 PendingSubmit, lock=idle)

2026-03-30 12:30:25 CST | INFO     | shree.execution.components.signal_processor:process_trading_cycle:1438 - Skipping trade (HOLD)

2026-03-30 12:33:56 CST | INFO     | shree.execution.components.trading_session_manager:start:267 - 💓 Heartbeat: waiting for 15m bar | bars=81 | price=6400.0

2026-03-30 12:38:57 CST | INFO     | shree.execution.components.trading_session_manager:start:267 - 💓 Heartbeat: waiting for 15m bar | bars=81 | price=6400.0

2026-03-30 12:43:59 CST | INFO     | shree.execution.components.trading_session_manager:start:267 - 💓 Heartbeat: waiting for 15m bar | bars=81 | price=6400.0

2026-03-30 12:45:29 CST | INFO     | shree.execution.ib_executor:get_active_order_count:2428 - 🔍 Sync: 0 active orders (0 PendingSubmit, lock=idle)

2026-03-30 12:45:29 CST | INFO     | shree.execution.components.signal_processor:process_trading_cycle:1222 - 🕐 New candle close at 12:45:00 CST

2026-03-30 12:45:29 CST | INFO     | shree.utils.structured_logging:log_structured_event:83 - Cycle start

2026-03-30 12:45:29 CST | INFO     | shree.strategies.es_fifteen_min:generate:993 - 🔍 NO_SIGNAL diag: A:ema21(6428.1)<=ema50(6428.9) | B:no_cross(c=6409.8,prev=6400.0,OR_H=6419.0) | C:stack(e9=6419,e21=6428,e50=6429) | D:high(6410.2)<touch(6418.5) | E:no_cross(c=6409.8,prev=6400.0,OR_L=6406.2) | F:stack(e9=6419,e21=6428,e50=6429) | G:outside_london(12:45:00)

2026-03-30 12:45:29 CST | INFO     | shree.execution.components.signal_processor:_generate_strategy_first_signal:438 - 📊 Strategy Signal: HOLD (conf=0.00, meta=NO_SIGNAL)

2026-03-30 12:45:29 CST | INFO     | shree.execution.ib_executor:get_active_order_count:2428 - 🔍 Sync: 0 active orders (0 PendingSubmit, lock=idle)

2026-03-30 12:45:29 CST | INFO     | shree.execution.components.signal_processor:process_trading_cycle:1438 - Skipping trade (HOLD)

2026-03-30 12:49:00 CST | INFO     | shree.execution.components.trading_session_manager:start:267 - 💓 Heartbeat: waiting for 15m bar | bars=82 | price=6409.75

2026-03-30 12:54:01 CST | INFO     | shree.execution.components.trading_session_manager:start:267 - 💓 Heartbeat: waiting for 15m bar | bars=82 | price=6409.75

2026-03-30 12:59:03 CST | INFO     | shree.execution.components.trading_session_manager:start:267 - 💓 Heartbeat: waiting for 15m bar | bars=82 | price=6409.75

2026-03-30 13:00:33 CST | INFO     | shree.execution.ib_executor:get_active_order_count:2428 - 🔍 Sync: 0 active orders (0 PendingSubmit, lock=idle)

2026-03-30 13:00:33 CST | INFO     | shree.execution.components.signal_processor:process_trading_cycle:1222 - 🕐 New candle close at 13:00:00 CST

2026-03-30 13:00:33 CST | INFO     | shree.utils.structured_logging:log_structured_event:83 - Cycle start

2026-03-30 13:00:33 CST | INFO     | shree.strategies.es_fifteen_min:_check_or_breakdown:1710 - OR_BREAK_SHORT blocked: RSI=37.2 < 40 (oversold — high bounce risk)

2026-03-30 13:00:33 CST | INFO     | shree.strategies.es_fifteen_min:generate:993 - 🔍 NO_SIGNAL diag: A:ema21(6425.8)<=ema50(6427.9) | B:no_cross(c=6402.2,prev=6409.8,OR_H=6419.0) | C:stack(e9=6415,e21=6426,e50=6428) | D:high(6403.5)<touch(6416.1) | F:stack(e9=6415,e21=6426,e50=6428) | G:outside_london(13:00:00)

2026-03-30 13:00:33 CST | INFO     | shree.execution.components.signal_processor:_generate_strategy_first_signal:438 - 📊 Strategy Signal: HOLD (conf=0.00, meta=NO_SIGNAL)

2026-03-30 13:00:33 CST | INFO     | shree.execution.ib_executor:get_active_order_count:2428 - 🔍 Sync: 0 active orders (0 PendingSubmit, lock=idle)

2026-03-30 13:00:33 CST | INFO     | shree.execution.components.signal_processor:process_trading_cycle:1438 - Skipping trade (HOLD)

2026-03-30 13:04:04 CST | INFO     | shree.execution.components.trading_session_manager:start:267 - 💓 Heartbeat: waiting for 15m bar | bars=83 | price=6402.25

2026-03-30 13:09:05 CST | INFO     | shree.execution.components.trading_session_manager:start:267 - 💓 Heartbeat: waiting for 15m bar | bars=83 | price=6402.25

2026-03-30 13:14:07 CST | INFO     | shree.execution.components.trading_session_manager:start:267 - 💓 Heartbeat: waiting for 15m bar | bars=83 | price=6402.25

2026-03-30 13:15:07 CST | INFO     | shree.execution.ib_executor:get_active_order_count:2428 - 🔍 Sync: 0 active orders (0 PendingSubmit, lock=idle)

2026-03-30 13:15:07 CST | INFO     | shree.execution.components.signal_processor:process_trading_cycle:1222 - 🕐 New candle close at 13:15:00 CST

2026-03-30 13:15:07 CST | INFO     | shree.utils.structured_logging:log_structured_event:83 - Cycle start

2026-03-30 13:15:07 CST | INFO     | shree.strategies.es_fifteen_min:generate:993 - 🔍 NO_SIGNAL diag: A:ema21(6423.5)<=ema50(6426.8) | B:no_cross(c=6400.8,prev=6402.2,OR_H=6419.0) | C:stack(e9=6412,e21=6423,e50=6427) | D:high(6400.8)<touch(6413.8) | E:no_cross(c=6400.8,prev=6402.2,OR_L=6406.2) | F:stack(e9=6412,e21=6423,e50=6427) | G:outside_london(13:15:00)

2026-03-30 13:15:07 CST | INFO     | shree.execution.components.signal_processor:_generate_strategy_first_signal:438 - 📊 Strategy Signal: HOLD (conf=0.00, meta=NO_SIGNAL)

2026-03-30 13:15:07 CST | INFO     | shree.execution.ib_executor:get_active_order_count:2428 - 🔍 Sync: 0 active orders (0 PendingSubmit, lock=idle)

2026-03-30 13:15:07 CST | INFO     | shree.execution.components.signal_processor:process_trading_cycle:1438 - Skipping trade (HOLD)

2026-03-30 13:19:08 CST | INFO     | shree.execution.components.trading_session_manager:start:267 - 💓 Heartbeat: waiting for 15m bar | bars=84 | price=6400.75

2026-03-30 13:24:09 CST | INFO     | shree.execution.components.trading_session_manager:start:267 - 💓 Heartbeat: waiting for 15m bar | bars=84 | price=6400.75

2026-03-30 13:29:10 CST | INFO     | shree.execution.components.trading_session_manager:start:267 - 💓 Heartbeat: waiting for 15m bar | bars=84 | price=6400.75

2026-03-30 13:30:11 CST | INFO     | shree.execution.ib_executor:get_active_order_count:2428 - 🔍 Sync: 0 active orders (0 PendingSubmit, lock=idle)

2026-03-30 13:30:11 CST | INFO     | shree.execution.components.signal_processor:process_trading_cycle:1222 - 🕐 New candle close at 13:30:00 CST

2026-03-30 13:30:11 CST | INFO     | shree.utils.structured_logging:log_structured_event:83 - Cycle start

2026-03-30 13:30:11 CST | INFO     | shree.strategies.es_fifteen_min:generate:993 - 🔍 NO_SIGNAL diag: A:ema21(6420.5)<=ema50(6425.4) | B:no_cross(c=6390.8,prev=6400.8,OR_H=6419.0) | C:stack(e9=6408,e21=6421,e50=6425) | D:high(6390.8)<touch(6410.9) | E:no_cross(c=6390.8,prev=6400.8,OR_L=6406.2) | F:stack(e9=6408,e21=6421,e50=6425) | G:outside_london(13:30:00)

2026-03-30 13:30:11 CST | INFO     | shree.execution.components.signal_processor:_generate_strategy_first_signal:438 - 📊 Strategy Signal: HOLD (conf=0.00, meta=NO_SIGNAL)

2026-03-30 13:30:11 CST | INFO     | shree.execution.ib_executor:get_active_order_count:2428 - 🔍 Sync: 0 active orders (0 PendingSubmit, lock=idle)

2026-03-30 13:30:11 CST | INFO     | shree.execution.components.signal_processor:process_trading_cycle:1438 - Skipping trade (HOLD)

2026-03-30 13:34:12 CST | INFO     | shree.execution.components.trading_session_manager:start:267 - 💓 Heartbeat: waiting for 15m bar | bars=85 | price=6390.75

2026-03-30 13:39:13 CST | INFO     | shree.execution.components.trading_session_manager:start:267 - 💓 Heartbeat: waiting for 15m bar | bars=85 | price=6390.75

2026-03-30 13:44:14 CST | INFO     | shree.execution.components.trading_session_manager:start:267 - 💓 Heartbeat: waiting for 15m bar | bars=85 | price=6390.75

2026-03-30 13:45:14 CST | INFO     | shree.execution.ib_executor:get_active_order_count:2428 - 🔍 Sync: 0 active orders (0 PendingSubmit, lock=idle)

2026-03-30 13:45:15 CST | INFO     | shree.execution.components.signal_processor:process_trading_cycle:1222 - 🕐 New candle close at 13:45:00 CST

2026-03-30 13:45:15 CST | INFO     | shree.utils.structured_logging:log_structured_event:83 - Cycle start

2026-03-30 13:45:15 CST | INFO     | shree.strategies.es_fifteen_min:generate:993 - 🔍 NO_SIGNAL diag: A:ema21(6418.0)<=ema50(6424.1) | B:no_cross(c=6392.8,prev=6390.8,OR_H=6419.0) | C:stack(e9=6405,e21=6418,e50=6424) | D:high(6393.5)<touch(6408.4) | E:no_cross(c=6392.8,prev=6390.8,OR_L=6406.2) | F:stack(e9=6405,e21=6418,e50=6424) | G:outside_london(13:45:00)

2026-03-30 13:45:15 CST | INFO     | shree.execution.components.signal_processor:_generate_strategy_first_signal:438 - 📊 Strategy Signal: HOLD (conf=0.00, meta=NO_SIGNAL)

2026-03-30 13:45:15 CST | INFO     | shree.execution.ib_executor:get_active_order_count:2428 - 🔍 Sync: 0 active orders (0 PendingSubmit, lock=idle)

2026-03-30 13:45:15 CST | INFO     | shree.execution.components.signal_processor:process_trading_cycle:1438 - Skipping trade (HOLD)

2026-03-30 13:49:16 CST | INFO     | shree.execution.components.trading_session_manager:start:267 - 💓 Heartbeat: waiting for 15m bar | bars=86 | price=6392.75

2026-03-30 13:54:17 CST | INFO     | shree.execution.components.trading_session_manager:start:267 - 💓 Heartbeat: waiting for 15m bar | bars=86 | price=6392.75

2026-03-30 13:59:18 CST | INFO     | shree.execution.components.trading_session_manager:start:267 - 💓 Heartbeat: waiting for 15m bar | bars=86 | price=6392.75

2026-03-30 14:00:18 CST | INFO     | shree.execution.ib_executor:get_active_order_count:2428 - 🔍 Sync: 0 active orders (0 PendingSubmit, lock=idle)

2026-03-30 14:00:18 CST | INFO     | shree.execution.components.signal_processor:process_trading_cycle:1222 - 🕐 New candle close at 14:00:00 CST

2026-03-30 14:00:18 CST | INFO     | shree.utils.structured_logging:log_structured_event:83 - Cycle start

2026-03-30 14:00:18 CST | INFO     | shree.strategies.es_fifteen_min:generate:993 - 🔍 NO_SIGNAL diag: A:ema21(6415.0)<=ema50(6422.6) | B:no_cross(c=6384.8,prev=6392.8,OR_H=6419.0) | C:stack(e9=6401,e21=6415,e50=6423) | D:high(6386.2)<touch(6405.3) | E:no_cross(c=6384.8,prev=6392.8,OR_L=6406.2) | F:stack(e9=6401,e21=6415,e50=6423) | G:outside_london(14:00:00)

2026-03-30 14:00:18 CST | INFO     | shree.execution.components.signal_processor:_generate_strategy_first_signal:438 - 📊 Strategy Signal: HOLD (conf=0.00, meta=NO_SIGNAL)

2026-03-30 14:00:18 CST | INFO     | shree.execution.ib_executor:get_active_order_count:2428 - 🔍 Sync: 0 active orders (0 PendingSubmit, lock=idle)

2026-03-30 14:00:18 CST | INFO     | shree.execution.components.signal_processor:process_trading_cycle:1438 - Skipping trade (HOLD)

2026-03-30 14:04:19 CST | INFO     | shree.execution.components.trading_session_manager:start:267 - 💓 Heartbeat: waiting for 15m bar | bars=87 | price=6384.75

2026-03-30 14:09:21 CST | INFO     | shree.execution.components.trading_session_manager:start:267 - 💓 Heartbeat: waiting for 15m bar | bars=87 | price=6384.75

2026-03-30 14:14:22 CST | INFO     | shree.execution.components.trading_session_manager:start:267 - 💓 Heartbeat: waiting for 15m bar | bars=87 | price=6384.75

2026-03-30 14:15:22 CST | INFO     | shree.execution.ib_executor:get_active_order_count:2428 - 🔍 Sync: 0 active orders (0 PendingSubmit, lock=idle)

2026-03-30 14:15:22 CST | INFO     | shree.execution.components.signal_processor:process_trading_cycle:1222 - 🕐 New candle close at 14:15:00 CST

2026-03-30 14:15:22 CST | INFO     | shree.utils.structured_logging:log_structured_event:83 - Cycle start

2026-03-30 14:15:22 CST | INFO     | shree.strategies.es_fifteen_min:generate:993 - 🔍 NO_SIGNAL diag: A:ema21(6410.7)<=ema50(6420.4) | B:no_cross(c=6367.8,prev=6384.8,OR_H=6419.0) | C:stack(e9=6394,e21=6411,e50=6420) | D:high(6368.0)<touch(6401.1) | E:no_cross(c=6367.8,prev=6384.8,OR_L=6406.2) | F:stack(e9=6394,e21=6411,e50=6420) | G:outside_london(14:15:00)

2026-03-30 14:15:22 CST | INFO     | shree.execution.components.signal_processor:_generate_strategy_first_signal:438 - 📊 Strategy Signal: HOLD (conf=0.00, meta=NO_SIGNAL)

2026-03-30 14:15:22 CST | INFO     | shree.execution.ib_executor:get_active_order_count:2428 - 🔍 Sync: 0 active orders (0 PendingSubmit, lock=idle)

2026-03-30 14:15:22 CST | INFO     | shree.execution.components.signal_processor:process_trading_cycle:1438 - Skipping trade (HOLD)

2026-03-30 14:19:23 CST | INFO     | shree.execution.components.trading_session_manager:start:267 - 💓 Heartbeat: waiting for 15m bar | bars=88 | price=6367.75

2026-03-30 14:24:24 CST | INFO     | shree.execution.components.trading_session_manager:start:267 - 💓 Heartbeat: waiting for 15m bar | bars=88 | price=6367.75

2026-03-30 14:29:25 CST | INFO     | shree.execution.components.trading_session_manager:start:267 - 💓 Heartbeat: waiting for 15m bar | bars=88 | price=6367.75

2026-03-30 14:30:26 CST | INFO     | shree.execution.ib_executor:get_active_order_count:2428 - 🔍 Sync: 0 active orders (0 PendingSubmit, lock=idle)

2026-03-30 14:30:26 CST | INFO     | shree.execution.components.signal_processor:process_trading_cycle:1222 - 🕐 New candle close at 14:30:00 CST

2026-03-30 14:30:26 CST | INFO     | shree.utils.structured_logging:log_structured_event:83 - Cycle start

2026-03-30 14:30:26 CST | INFO     | shree.strategies.es_fifteen_min:generate:993 - 🔍 NO_SIGNAL diag: A:ema21(6406.5)<=ema50(6418.2) | B:no_cross(c=6364.2,prev=6367.8,OR_H=6419.0) | C:stack(e9=6388,e21=6406,e50=6418) | D:high(6365.0)<touch(6396.8) | E:no_cross(c=6364.2,prev=6367.8,OR_L=6406.2) | F:stack(e9=6388,e21=6406,e50=6418) | G:outside_london(14:30:00)

2026-03-30 14:30:26 CST | INFO     | shree.execution.components.signal_processor:_generate_strategy_first_signal:438 - 📊 Strategy Signal: HOLD (conf=0.00, meta=NO_SIGNAL)

2026-03-30 14:30:26 CST | INFO     | shree.execution.ib_executor:get_active_order_count:2428 - 🔍 Sync: 0 active orders (0 PendingSubmit, lock=idle)

2026-03-30 14:30:26 CST | INFO     | shree.execution.components.signal_processor:process_trading_cycle:1438 - Skipping trade (HOLD)

2026-03-30 14:34:27 CST | INFO     | shree.execution.components.trading_session_manager:start:267 - 💓 Heartbeat: waiting for 15m bar | bars=89 | price=6364.25

2026-03-30 14:39:28 CST | INFO     | shree.execution.components.trading_session_manager:start:267 - 💓 Heartbeat: waiting for 15m bar | bars=89 | price=6364.25

2026-03-30 14:44:29 CST | INFO     | shree.execution.components.trading_session_manager:start:267 - 💓 Heartbeat: waiting for 15m bar | bars=89 | price=6364.25

2026-03-30 14:45:29 CST | INFO     | shree.execution.ib_executor:get_active_order_count:2428 - 🔍 Sync: 0 active orders (0 PendingSubmit, lock=idle)

2026-03-30 14:45:29 CST | INFO     | shree.execution.components.signal_processor:process_trading_cycle:1222 - 🕐 New candle close at 14:45:00 CST

2026-03-30 14:45:29 CST | INFO     | shree.utils.structured_logging:log_structured_event:83 - Cycle start

2026-03-30 14:45:29 CST | INFO     | shree.strategies.es_fifteen_min:generate:993 - 🔍 NO_SIGNAL diag: A:ema21(6403.8)<=ema50(6416.6) | B:no_cross(c=6376.8,prev=6364.2,OR_H=6419.0) | C:stack(e9=6386,e21=6404,e50=6417) | D:high(6377.0)<touch(6394.1) | E:no_cross(c=6376.8,prev=6364.2,OR_L=6406.2) | F:stack(e9=6386,e21=6404,e50=6417) | G:outside_london(14:45:00)

2026-03-30 14:45:29 CST | INFO     | shree.execution.components.signal_processor:_generate_strategy_first_signal:438 - 📊 Strategy Signal: HOLD (conf=0.00, meta=NO_SIGNAL)

2026-03-30 14:45:29 CST | INFO     | shree.execution.ib_executor:get_active_order_count:2428 - 🔍 Sync: 0 active orders (0 PendingSubmit, lock=idle)

2026-03-30 14:45:29 CST | INFO     | shree.execution.components.signal_processor:process_trading_cycle:1438 - Skipping trade (HOLD)

2026-03-30 14:49:30 CST | INFO     | shree.execution.components.trading_session_manager:start:267 - 💓 Heartbeat: waiting for 15m bar | bars=90 | price=6376.75

2026-03-30 14:54:31 CST | INFO     | shree.execution.components.trading_session_manager:start:267 - 💓 Heartbeat: waiting for 15m bar | bars=90 | price=6376.75

2026-03-30 14:59:32 CST | INFO     | shree.execution.components.trading_session_manager:start:267 - 💓 Heartbeat: waiting for 15m bar | bars=90 | price=6376.75

2026-03-30 15:00:33 CST | INFO     | shree.execution.ib_executor:get_active_order_count:2428 - 🔍 Sync: 0 active orders (0 PendingSubmit, lock=idle)

2026-03-30 15:00:33 CST | INFO     | shree.execution.components.signal_processor:process_trading_cycle:1222 - 🕐 New candle close at 15:00:00 CST

2026-03-30 15:00:33 CST | INFO     | shree.utils.structured_logging:log_structured_event:83 - Cycle start

2026-03-30 15:00:33 CST | INFO     | shree.strategies.es_fifteen_min:generate:993 - 🔍 NO_SIGNAL diag: A:ema21(6401.9)<=ema50(6415.3) | B:no_cross(c=6383.8,prev=6376.8,OR_H=6419.0) | C:stack(e9=6386,e21=6402,e50=6415) | D:high(6388.8)<touch(6392.3) | E:no_cross(c=6383.8,prev=6376.8,OR_L=6406.2) | F:stack(e9=6386,e21=6402,e50=6415) | G:outside_london(15:00:00)

2026-03-30 15:00:33 CST | INFO     | shree.execution.components.signal_processor:_generate_strategy_first_signal:438 - 📊 Strategy Signal: HOLD (conf=0.00, meta=NO_SIGNAL)

2026-03-30 15:00:33 CST | INFO     | shree.execution.ib_executor:get_active_order_count:2428 - 🔍 Sync: 0 active orders (0 PendingSubmit, lock=idle)

2026-03-30 15:00:33 CST | INFO     | shree.execution.components.signal_processor:process_trading_cycle:1438 - Skipping trade (HOLD)

2026-03-30 15:04:34 CST | INFO     | shree.execution.components.trading_session_manager:start:267 - 💓 Heartbeat: waiting for 15m bar | bars=91 | price=6383.75

2026-03-30 15:09:35 CST | INFO     | shree.execution.components.trading_session_manager:start:267 - 💓 Heartbeat: waiting for 15m bar | bars=91 | price=6383.75

2026-03-30 15:14:36 CST | INFO     | shree.execution.components.trading_session_manager:start:267 - 💓 Heartbeat: waiting for 15m bar | bars=91 | price=6383.75

2026-03-30 15:15:07 CST | INFO     | shree.execution.ib_executor:get_active_order_count:2428 - 🔍 Sync: 0 active orders (0 PendingSubmit, lock=idle)

2026-03-30 15:15:07 CST | INFO     | shree.execution.components.signal_processor:process_trading_cycle:1222 - 🕐 New candle close at 15:15:00 CST

2026-03-30 15:15:07 CST | INFO     | shree.utils.structured_logging:log_structured_event:83 - Cycle start

2026-03-30 15:15:07 CST | INFO     | shree.strategies.es_fifteen_min:generate:993 - 🔍 NO_SIGNAL diag: A:ema21(6399.8)<=ema50(6413.8) | B:no_cross(c=6378.2,prev=6383.8,OR_H=6419.0) | C:stack(e9=6384,e21=6400,e50=6414) | D:high(6378.2)<touch(6390.2) | E:no_cross(c=6378.2,prev=6383.8,OR_L=6406.2) | F:stack(e9=6384,e21=6400,e50=6414) | G:outside_london(15:15:00)

2026-03-30 15:15:07 CST | INFO     | shree.execution.components.signal_processor:_generate_strategy_first_signal:438 - 📊 Strategy Signal: HOLD (conf=0.00, meta=NO_SIGNAL)

2026-03-30 15:15:07 CST | INFO     | shree.execution.ib_executor:get_active_order_count:2428 - 🔍 Sync: 0 active orders (0 PendingSubmit, lock=idle)

2026-03-30 15:15:07 CST | INFO     | shree.execution.components.signal_processor:process_trading_cycle:1438 - Skipping trade (HOLD)

2026-03-30 15:19:38 CST | INFO     | shree.execution.components.trading_session_manager:start:267 - 💓 Heartbeat: waiting for 15m bar | bars=92 | price=6378.25

2026-03-30 15:24:39 CST | INFO     | shree.execution.components.trading_session_manager:start:267 - 💓 Heartbeat: waiting for 15m bar | bars=92 | price=6378.25

2026-03-30 15:29:40 CST | INFO     | shree.execution.components.trading_session_manager:start:267 - 💓 Heartbeat: waiting for 15m bar | bars=92 | price=6378.25

2026-03-30 15:30:10 CST | INFO     | shree.execution.ib_executor:get_active_order_count:2428 - 🔍 Sync: 0 active orders (0 PendingSubmit, lock=idle)

2026-03-30 15:30:10 CST | INFO     | shree.execution.components.signal_processor:process_trading_cycle:1222 - 🕐 New candle close at 15:30:00 CST

2026-03-30 15:30:10 CST | INFO     | shree.utils.structured_logging:log_structured_event:83 - Cycle start

2026-03-30 15:30:10 CST | INFO     | shree.strategies.es_fifteen_min:generate:993 - 🔍 NO_SIGNAL diag: A:ema21(6398.0)<=ema50(6412.5) | B:no_cross(c=6380.8,prev=6378.2,OR_H=6419.0) | C:stack(e9=6383,e21=6398,e50=6413) | D:high(6381.2)<touch(6388.5) | E:no_cross(c=6380.8,prev=6378.2,OR_L=6406.2) | F:stack(e9=6383,e21=6398,e50=6413) | G:outside_london(15:30:00)

2026-03-30 15:30:10 CST | INFO     | shree.execution.components.signal_processor:_generate_strategy_first_signal:438 - 📊 Strategy Signal: HOLD (conf=0.00, meta=NO_SIGNAL)

2026-03-30 15:30:10 CST | INFO     | shree.execution.ib_executor:get_active_order_count:2428 - 🔍 Sync: 0 active orders (0 PendingSubmit, lock=idle)

2026-03-30 15:30:10 CST | INFO     | shree.execution.components.signal_processor:process_trading_cycle:1438 - Skipping trade (HOLD)

2026-03-30 15:34:41 CST | INFO     | shree.execution.components.trading_session_manager:start:267 - 💓 Heartbeat: waiting for 15m bar | bars=93 | price=6380.75

2026-03-30 15:39:43 CST | INFO     | shree.execution.components.trading_session_manager:start:267 - 💓 Heartbeat: waiting for 15m bar | bars=93 | price=6380.75

2026-03-30 15:44:44 CST | INFO     | shree.execution.components.trading_session_manager:start:267 - 💓 Heartbeat: waiting for 15m bar | bars=93 | price=6380.75

2026-03-30 15:45:14 CST | INFO     | shree.execution.ib_executor:get_active_order_count:2428 - 🔍 Sync: 0 active orders (0 PendingSubmit, lock=idle)

2026-03-30 15:45:14 CST | INFO     | shree.execution.components.signal_processor:process_trading_cycle:1222 - 🕐 New candle close at 15:45:00 CST

2026-03-30 15:45:14 CST | INFO     | shree.utils.structured_logging:log_structured_event:83 - Cycle start

2026-03-30 15:45:14 CST | INFO     | shree.strategies.es_fifteen_min:generate:993 - 🔍 NO_SIGNAL diag: A:ema21(6396.6)<=ema50(6411.4) | B:no_cross(c=6382.5,prev=6380.8,OR_H=6419.0) | C:stack(e9=6383,e21=6397,e50=6411) | D:high(6382.5)<touch(6387.0) | E:no_cross(c=6382.5,prev=6380.8,OR_L=6406.2) | F:stack(e9=6383,e21=6397,e50=6411) | G:outside_london(15:45:00)

2026-03-30 15:45:14 CST | INFO     | shree.execution.components.signal_processor:_generate_strategy_first_signal:438 - 📊 Strategy Signal: HOLD (conf=0.00, meta=NO_SIGNAL)

2026-03-30 15:45:14 CST | INFO     | shree.execution.ib_executor:get_active_order_count:2428 - 🔍 Sync: 0 active orders (0 PendingSubmit, lock=idle)

2026-03-30 15:45:14 CST | INFO     | shree.execution.components.signal_processor:process_trading_cycle:1438 - Skipping trade (HOLD)

2026-03-30 15:49:45 CST | INFO     | shree.execution.components.trading_session_manager:start:267 - 💓 Heartbeat: waiting for 15m bar | bars=94 | price=6382.5

2026-03-30 15:54:47 CST | INFO     | shree.execution.components.trading_session_manager:start:267 - 💓 Heartbeat: waiting for 15m bar | bars=94 | price=6382.5

2026-03-30 15:59:48 CST | INFO     | shree.execution.components.trading_session_manager:start:267 - 💓 Heartbeat: waiting for 15m bar | bars=94 | price=6382.5

2026-03-30 16:04:49 CST | INFO     | shree.execution.components.trading_session_manager:start:267 - 💓 Heartbeat: waiting for 15m bar | bars=94 | price=6382.5

2026-03-30 16:09:50 CST | INFO     | shree.execution.components.trading_session_manager:start:267 - 💓 Heartbeat: waiting for 15m bar | bars=94 | price=6382.5

2026-03-30 16:14:51 CST | INFO     | shree.execution.components.trading_session_manager:start:267 - 💓 Heartbeat: waiting for 15m bar | bars=94 | price=6382.5

2026-03-30 16:19:52 CST | INFO     | shree.execution.components.trading_session_manager:start:267 - 💓 Heartbeat: waiting for 15m bar | bars=94 | price=6382.5

2026-03-30 16:24:53 CST | INFO     | shree.execution.components.trading_session_manager:start:267 - 💓 Heartbeat: waiting for 15m bar | bars=94 | price=6382.5

2026-03-30 16:29:55 CST | INFO     | shree.execution.components.trading_session_manager:start:267 - 💓 Heartbeat: waiting for 15m bar | bars=94 | price=6382.5

2026-03-30 16:34:56 CST | INFO     | shree.execution.components.trading_session_manager:start:267 - 💓 Heartbeat: waiting for 15m bar | bars=94 | price=6382.5

2026-03-30 16:39:57 CST | INFO     | shree.execution.components.trading_session_manager:start:267 - 💓 Heartbeat: waiting for 15m bar | bars=94 | price=6382.5

2026-03-30 16:44:58 CST | INFO     | shree.execution.components.trading_session_manager:start:267 - 💓 Heartbeat: waiting for 15m bar | bars=94 | price=6382.5

2026-03-30 16:50:21 CST | INFO     | shree.execution.components.trading_session_manager:start:267 - 💓 Heartbeat: waiting for 15m bar | bars=94 | price=6382.5

2026-03-30 16:55:22 CST | INFO     | shree.execution.components.trading_session_manager:start:267 - 💓 Heartbeat: waiting for 15m bar | bars=94 | price=6382.5

2026-03-30 17:00:23 CST | INFO     | shree.execution.ib_executor:get_active_order_count:2428 - 🔍 Sync: 0 active orders (0 PendingSubmit, lock=idle)

2026-03-30 17:00:23 CST | INFO     | shree.execution.components.signal_processor:process_trading_cycle:1222 - 🕐 New candle close at 17:00:00 CST

2026-03-30 17:00:23 CST | INFO     | shree.utils.structured_logging:log_structured_event:83 - Cycle start

2026-03-30 17:00:23 CST | INFO     | shree.strategies.es_fifteen_min:generate:993 - 🔍 NO_SIGNAL diag: A:ema21(6395.8)<=ema50(6410.4) | B:no_cross(c=6387.2,prev=6382.5,OR_H=6419.0) | C:stack(e9=6384,e21=6396,e50=6410) | D:bullish(c=6387.2,o=6384.5) | E:no_cross(c=6387.2,prev=6382.5,OR_L=6406.2) | F:stack(e9=6384,e21=6396,e50=6410) | G:outside_london(17:00:00)

2026-03-30 17:00:23 CST | INFO     | shree.execution.components.signal_processor:_generate_strategy_first_signal:438 - 📊 Strategy Signal: HOLD (conf=0.00, meta=NO_SIGNAL)

2026-03-30 17:00:23 CST | INFO     | shree.execution.ib_executor:get_active_order_count:2428 - 🔍 Sync: 0 active orders (0 PendingSubmit, lock=idle)

2026-03-30 17:00:23 CST | INFO     | shree.execution.components.signal_processor:process_trading_cycle:1438 - Skipping trade (HOLD)

2026-03-30 17:00:53 CST | INFO     | shree.execution.components.trading_session_manager:start:267 - 💓 Heartbeat: waiting for 15m bar | bars=95 | price=6387.25

2026-03-30 17:05:55 CST | INFO     | shree.execution.components.trading_session_manager:start:267 - 💓 Heartbeat: waiting for 15m bar | bars=95 | price=6387.25

2026-03-30 17:10:56 CST | INFO     | shree.execution.components.trading_session_manager:start:267 - 💓 Heartbeat: waiting for 15m bar | bars=95 | price=6387.25

2026-03-30 17:15:27 CST | INFO     | shree.execution.ib_executor:get_active_order_count:2428 - 🔍 Sync: 0 active orders (0 PendingSubmit, lock=idle)

2026-03-30 17:15:27 CST | INFO     | shree.execution.components.signal_processor:process_trading_cycle:1222 - 🕐 New candle close at 17:15:00 CST

2026-03-30 17:15:27 CST | INFO     | shree.utils.structured_logging:log_structured_event:83 - Cycle start

2026-03-30 17:15:27 CST | INFO     | shree.strategies.es_fifteen_min:generate:993 - 🔍 NO_SIGNAL diag: A:ema21(6394.8)<=ema50(6409.4) | B:no_cross(c=6385.0,prev=6387.2,OR_H=6419.0) | C:stack(e9=6384,e21=6395,e50=6409) | D:high(6386.2)<touch(6388.4) | E:no_cross(c=6385.0,prev=6387.2,OR_L=6406.2) | F:stack(e9=6384,e21=6395,e50=6409) | G:outside_london(17:15:00)

2026-03-30 17:15:27 CST | INFO     | shree.execution.components.signal_processor:_generate_strategy_first_signal:438 - 📊 Strategy Signal: HOLD (conf=0.00, meta=NO_SIGNAL)

2026-03-30 17:15:27 CST | INFO     | shree.execution.ib_executor:get_active_order_count:2428 - 🔍 Sync: 0 active orders (0 PendingSubmit, lock=idle)

2026-03-30 17:15:27 CST | INFO     | shree.execution.components.signal_processor:process_trading_cycle:1438 - Skipping trade (HOLD)

2026-03-30 17:15:58 CST | INFO     | shree.execution.components.trading_session_manager:start:267 - 💓 Heartbeat: waiting for 15m bar | bars=96 | price=6385.0

2026-03-30 17:20:59 CST | INFO     | shree.execution.components.trading_session_manager:start:267 - 💓 Heartbeat: waiting for 15m bar | bars=96 | price=6385.0

2026-03-30 17:26:00 CST | INFO     | shree.execution.components.trading_session_manager:start:267 - 💓 Heartbeat: waiting for 15m bar | bars=96 | price=6385.0

2026-03-30 17:30:31 CST | INFO     | shree.execution.ib_executor:get_active_order_count:2428 - 🔍 Sync: 0 active orders (0 PendingSubmit, lock=idle)

2026-03-30 17:30:31 CST | INFO     | shree.execution.components.signal_processor:process_trading_cycle:1222 - 🕐 New candle close at 17:30:00 CST

2026-03-30 17:30:31 CST | INFO     | shree.utils.structured_logging:log_structured_event:83 - Cycle start

2026-03-30 17:30:31 CST | INFO     | shree.strategies.es_fifteen_min:generate:993 - 🔍 NO_SIGNAL diag: A:ema21(6394.0)<=ema50(6408.5) | B:no_cross(c=6386.2,prev=6385.0,OR_H=6419.0) | C:stack(e9=6385,e21=6394,e50=6409) | D:macd_div(1.63)>+0.5 | E:no_cross(c=6386.2,prev=6385.0,OR_L=6406.2) | F:stack(e9=6385,e21=6394,e50=6409) | G:outside_london(17:30:00)

2026-03-30 17:30:31 CST | INFO     | shree.execution.components.signal_processor:_generate_strategy_first_signal:438 - 📊 Strategy Signal: HOLD (conf=0.00, meta=NO_SIGNAL)

2026-03-30 17:30:31 CST | INFO     | shree.execution.ib_executor:get_active_order_count:2428 - 🔍 Sync: 0 active orders (0 PendingSubmit, lock=idle)

2026-03-30 17:30:31 CST | INFO     | shree.execution.components.signal_processor:process_trading_cycle:1438 - Skipping trade (HOLD)

2026-03-30 17:31:01 CST | INFO     | shree.execution.components.trading_session_manager:start:267 - 💓 Heartbeat: waiting for 15m bar | bars=97 | price=6386.25

2026-03-30 17:36:02 CST | INFO     | shree.execution.components.trading_session_manager:start:267 - 💓 Heartbeat: waiting for 15m bar | bars=97 | price=6386.25

2026-03-30 17:41:03 CST | INFO     | shree.execution.components.trading_session_manager:start:267 - 💓 Heartbeat: waiting for 15m bar | bars=97 | price=6386.25

2026-03-30 17:45:34 CST | INFO     | shree.execution.ib_executor:get_active_order_count:2428 - 🔍 Sync: 0 active orders (0 PendingSubmit, lock=idle)

2026-03-30 17:45:34 CST | INFO     | shree.execution.components.signal_processor:process_trading_cycle:1222 - 🕐 New candle close at 17:45:00 CST

2026-03-30 17:45:34 CST | INFO     | shree.utils.structured_logging:log_structured_event:83 - Cycle start

2026-03-30 17:45:35 CST | INFO     | shree.strategies.es_fifteen_min:generate:993 - 🔍 NO_SIGNAL diag: A:ema21(6393.2)<=ema50(6407.6) | B:no_cross(c=6385.0,prev=6386.2,OR_H=6419.0) | C:stack(e9=6385,e21=6393,e50=6408) | D:high(6385.8)<touch(6386.8) | E:no_cross(c=6385.0,prev=6386.2,OR_L=6406.2) | F:stack(e9=6385,e21=6393,e50=6408) | G:outside_london(17:45:00)

2026-03-30 17:45:35 CST | INFO     | shree.execution.components.signal_processor:_generate_strategy_first_signal:438 - 📊 Strategy Signal: HOLD (conf=0.00, meta=NO_SIGNAL)

2026-03-30 17:45:35 CST | INFO     | shree.execution.ib_executor:get_active_order_count:2428 - 🔍 Sync: 0 active orders (0 PendingSubmit, lock=idle)

2026-03-30 17:45:35 CST | INFO     | shree.execution.components.signal_processor:process_trading_cycle:1438 - Skipping trade (HOLD)

2026-03-30 17:46:05 CST | INFO     | shree.execution.components.trading_session_manager:start:267 - 💓 Heartbeat: waiting for 15m bar | bars=98 | price=6385.0

2026-03-30 17:51:06 CST | INFO     | shree.execution.components.trading_session_manager:start:267 - 💓 Heartbeat: waiting for 15m bar | bars=98 | price=6385.0

2026-03-30 17:56:07 CST | INFO     | shree.execution.components.trading_session_manager:start:267 - 💓 Heartbeat: waiting for 15m bar | bars=98 | price=6385.0

2026-03-30 18:00:08 CST | INFO     | shree.execution.ib_executor:get_active_order_count:2428 - 🔍 Sync: 0 active orders (0 PendingSubmit, lock=idle)

2026-03-30 18:00:08 CST | INFO     | shree.execution.components.signal_processor:process_trading_cycle:1222 - 🕐 New candle close at 18:00:00 CST

2026-03-30 18:00:08 CST | INFO     | shree.utils.structured_logging:log_structured_event:83 - Cycle start

2026-03-30 18:00:08 CST | INFO     | shree.strategies.es_fifteen_min:generate:993 - 🔍 NO_SIGNAL diag: A:ema21(6392.3)<=ema50(6406.6) | B:no_cross(c=6383.2,prev=6385.0,OR_H=6419.0) | C:stack(e9=6384,e21=6392,e50=6407) | D:high(6384.2)<touch(6385.9) | E:no_cross(c=6383.2,prev=6385.0,OR_L=6406.2) | F:stack(e9=6384,e21=6392,e50=6407) | G:outside_london(18:00:00)

2026-03-30 18:00:08 CST | INFO     | shree.execution.components.signal_processor:_generate_strategy_first_signal:438 - 📊 Strategy Signal: HOLD (conf=0.00, meta=NO_SIGNAL)

2026-03-30 18:00:08 CST | INFO     | shree.execution.ib_executor:get_active_order_count:2428 - 🔍 Sync: 0 active orders (0 PendingSubmit, lock=idle)

2026-03-30 18:00:08 CST | INFO     | shree.execution.components.signal_processor:process_trading_cycle:1438 - Skipping trade (HOLD)

2026-03-30 18:01:08 CST | INFO     | shree.execution.components.trading_session_manager:start:267 - 💓 Heartbeat: waiting for 15m bar | bars=99 | price=6383.25

2026-03-30 18:06:10 CST | INFO     | shree.execution.components.trading_session_manager:start:267 - 💓 Heartbeat: waiting for 15m bar | bars=99 | price=6383.25

2026-03-30 18:11:11 CST | INFO     | shree.execution.components.trading_session_manager:start:267 - 💓 Heartbeat: waiting for 15m bar | bars=99 | price=6383.25

2026-03-30 18:15:12 CST | INFO     | shree.execution.ib_executor:get_active_order_count:2428 - 🔍 Sync: 0 active orders (0 PendingSubmit, lock=idle)

2026-03-30 18:15:12 CST | INFO     | shree.execution.components.signal_processor:process_trading_cycle:1222 - 🕐 New candle close at 18:15:00 CST

2026-03-30 18:15:12 CST | INFO     | shree.utils.structured_logging:log_structured_event:83 - Cycle start

2026-03-30 18:15:12 CST | INFO     | shree.strategies.es_fifteen_min:generate:993 - 🔍 NO_SIGNAL diag: A:ema21(6390.3)<=ema50(6405.2) | B:no_cross(c=6370.5,prev=6383.2,OR_H=6419.0) | C:stack(e9=6382,e21=6390,e50=6405) | D:high(6372.0)<touch(6383.9) | E:no_cross(c=6370.5,prev=6383.2,OR_L=6406.2) | F:stack(e9=6382,e21=6390,e50=6405) | G:outside_london(18:15:00)

2026-03-30 18:15:12 CST | INFO     | shree.execution.components.signal_processor:_generate_strategy_first_signal:438 - 📊 Strategy Signal: HOLD (conf=0.00, meta=NO_SIGNAL)

2026-03-30 18:15:12 CST | INFO     | shree.execution.ib_executor:get_active_order_count:2428 - 🔍 Sync: 0 active orders (0 PendingSubmit, lock=idle)

2026-03-30 18:15:12 CST | INFO     | shree.execution.components.signal_processor:process_trading_cycle:1438 - Skipping trade (HOLD)

2026-03-30 18:16:12 CST | INFO     | shree.execution.components.trading_session_manager:start:267 - 💓 Heartbeat: waiting for 15m bar | bars=100 | price=6370.5

2026-03-30 18:21:13 CST | INFO     | shree.execution.components.trading_session_manager:start:267 - 💓 Heartbeat: waiting for 15m bar | bars=100 | price=6370.5

2026-03-30 18:26:14 CST | INFO     | shree.execution.components.trading_session_manager:start:267 - 💓 Heartbeat: waiting for 15m bar | bars=100 | price=6370.5

2026-03-30 18:30:15 CST | INFO     | shree.execution.ib_executor:get_active_order_count:2428 - 🔍 Sync: 0 active orders (0 PendingSubmit, lock=idle)

2026-03-30 18:30:15 CST | INFO     | shree.execution.components.signal_processor:process_trading_cycle:1222 - 🕐 New candle close at 18:30:00 CST

2026-03-30 18:30:15 CST | INFO     | shree.utils.structured_logging:log_structured_event:83 - Cycle start

2026-03-30 18:30:15 CST | INFO     | shree.strategies.es_fifteen_min:generate:993 - 🔍 NO_SIGNAL diag: A:ema21(6388.9)<=ema50(6404.0) | B:no_cross(c=6374.2,prev=6370.5,OR_H=6419.0) | C:stack(e9=6380,e21=6389,e50=6404) | D:high(6374.2)<touch(6382.5) | E:no_cross(c=6374.2,prev=6370.5,OR_L=6406.2) | F:stack(e9=6380,e21=6389,e50=6404) | G:outside_london(18:30:00)

2026-03-30 18:30:15 CST | INFO     | shree.execution.components.signal_processor:_generate_strategy_first_signal:438 - 📊 Strategy Signal: HOLD (conf=0.00, meta=NO_SIGNAL)

2026-03-30 18:30:15 CST | INFO     | shree.execution.ib_executor:get_active_order_count:2428 - 🔍 Sync: 0 active orders (0 PendingSubmit, lock=idle)

2026-03-30 18:30:15 CST | INFO     | shree.execution.components.signal_processor:process_trading_cycle:1438 - Skipping trade (HOLD)

2026-03-30 18:31:16 CST | INFO     | shree.execution.components.trading_session_manager:start:267 - 💓 Heartbeat: waiting for 15m bar | bars=101 | price=6374.25

2026-03-30 18:36:17 CST | INFO     | shree.execution.components.trading_session_manager:start:267 - 💓 Heartbeat: waiting for 15m bar | bars=101 | price=6374.25

2026-03-30 18:41:18 CST | INFO     | shree.execution.components.trading_session_manager:start:267 - 💓 Heartbeat: waiting for 15m bar | bars=101 | price=6374.25

2026-03-30 18:45:19 CST | INFO     | shree.execution.ib_executor:get_active_order_count:2428 - 🔍 Sync: 0 active orders (0 PendingSubmit, lock=idle)

2026-03-30 18:45:19 CST | INFO     | shree.execution.components.signal_processor:process_trading_cycle:1222 - 🕐 New candle close at 18:45:00 CST

2026-03-30 18:45:19 CST | INFO     | shree.utils.structured_logging:log_structured_event:83 - Cycle start

2026-03-30 18:45:19 CST | INFO     | shree.strategies.es_fifteen_min:generate:993 - 🔍 NO_SIGNAL diag: A:ema21(6387.2)<=ema50(6402.7) | B:no_cross(c=6370.2,prev=6374.2,OR_H=6419.0) | C:stack(e9=6378,e21=6387,e50=6403) | D:high(6371.2)<touch(6380.8) | E:no_cross(c=6370.2,prev=6374.2,OR_L=6406.2) | F:stack(e9=6378,e21=6387,e50=6403) | G:outside_london(18:45:00)

2026-03-30 18:45:19 CST | INFO     | shree.execution.components.signal_processor:_generate_strategy_first_signal:438 - 📊 Strategy Signal: HOLD (conf=0.00, meta=NO_SIGNAL)

2026-03-30 18:45:19 CST | INFO     | shree.execution.ib_executor:get_active_order_count:2428 - 🔍 Sync: 0 active orders (0 PendingSubmit, lock=idle)

2026-03-30 18:45:19 CST | INFO     | shree.execution.components.signal_processor:process_trading_cycle:1438 - Skipping trade (HOLD)

2026-03-30 18:46:19 CST | INFO     | shree.execution.components.trading_session_manager:start:267 - 💓 Heartbeat: waiting for 15m bar | bars=102 | price=6370.25

2026-03-30 18:51:21 CST | INFO     | shree.execution.components.trading_session_manager:start:267 - 💓 Heartbeat: waiting for 15m bar | bars=102 | price=6370.25

2026-03-30 18:56:22 CST | INFO     | shree.execution.components.trading_session_manager:start:267 - 💓 Heartbeat: waiting for 15m bar | bars=102 | price=6370.25

2026-03-30 19:00:23 CST | INFO     | shree.execution.ib_executor:get_active_order_count:2428 - 🔍 Sync: 0 active orders (0 PendingSubmit, lock=idle)

2026-03-30 19:00:23 CST | INFO     | shree.execution.components.signal_processor:process_trading_cycle:1222 - 🕐 New candle close at 19:00:00 CST

2026-03-30 19:00:23 CST | INFO     | shree.utils.structured_logging:log_structured_event:83 - Cycle start

2026-03-30 19:00:23 CST | INFO     | shree.strategies.es_fifteen_min:generate:993 - 🔍 NO_SIGNAL diag: A:ema21(6386.0)<=ema50(6401.6) | B:no_cross(c=6374.5,prev=6370.2,OR_H=6419.0) | C:stack(e9=6377,e21=6386,e50=6402) | D:high(6374.8)<touch(6379.6) | E:no_cross(c=6374.5,prev=6370.2,OR_L=6406.2) | F:stack(e9=6377,e21=6386,e50=6402) | G:outside_london(19:00:00)

2026-03-30 19:00:23 CST | INFO     | shree.execution.components.signal_processor:_generate_strategy_first_signal:438 - 📊 Strategy Signal: HOLD (conf=0.00, meta=NO_SIGNAL)

2026-03-30 19:00:23 CST | INFO     | shree.execution.ib_executor:get_active_order_count:2428 - 🔍 Sync: 0 active orders (0 PendingSubmit, lock=idle)

2026-03-30 19:00:23 CST | INFO     | shree.execution.components.signal_processor:process_trading_cycle:1438 - Skipping trade (HOLD)

2026-03-30 19:01:23 CST | INFO     | shree.execution.components.trading_session_manager:start:267 - 💓 Heartbeat: waiting for 15m bar | bars=103 | price=6374.5

2026-03-30 19:06:24 CST | INFO     | shree.execution.components.trading_session_manager:start:267 - 💓 Heartbeat: waiting for 15m bar | bars=103 | price=6374.5

2026-03-30 19:11:25 CST | INFO     | shree.execution.components.trading_session_manager:start:267 - 💓 Heartbeat: waiting for 15m bar | bars=103 | price=6374.5

2026-03-30 19:15:26 CST | INFO     | shree.execution.ib_executor:get_active_order_count:2428 - 🔍 Sync: 0 active orders (0 PendingSubmit, lock=idle)

2026-03-30 19:15:26 CST | INFO     | shree.execution.components.signal_processor:process_trading_cycle:1222 - 🕐 New candle close at 19:15:00 CST

2026-03-30 19:15:26 CST | INFO     | shree.utils.structured_logging:log_structured_event:83 - Cycle start

2026-03-30 19:15:26 CST | INFO     | shree.strategies.es_fifteen_min:generate:993 - 🔍 NO_SIGNAL diag: A:ema21(6384.2)<=ema50(6400.2) | B:no_cross(c=6365.8,prev=6374.5,OR_H=6419.0) | C:stack(e9=6375,e21=6384,e50=6400) | D:high(6368.5)<touch(6377.8) | E:no_cross(c=6365.8,prev=6374.5,OR_L=6406.2) | F:stack(e9=6375,e21=6384,e50=6400) | G:outside_london(19:15:00)

2026-03-30 19:15:26 CST | INFO     | shree.execution.components.signal_processor:_generate_strategy_first_signal:438 - 📊 Strategy Signal: HOLD (conf=0.00, meta=NO_SIGNAL)

2026-03-30 19:15:26 CST | INFO     | shree.execution.ib_executor:get_active_order_count:2428 - 🔍 Sync: 0 active orders (0 PendingSubmit, lock=idle)

2026-03-30 19:15:26 CST | INFO     | shree.execution.components.signal_processor:process_trading_cycle:1438 - Skipping trade (HOLD)

2026-03-30 19:16:26 CST | INFO     | shree.execution.components.trading_session_manager:start:267 - 💓 Heartbeat: waiting for 15m bar | bars=104 | price=6365.75

2026-03-30 19:21:28 CST | INFO     | shree.execution.components.trading_session_manager:start:267 - 💓 Heartbeat: waiting for 15m bar | bars=104 | price=6365.75

2026-03-30 19:26:29 CST | INFO     | shree.execution.components.trading_session_manager:start:267 - 💓 Heartbeat: waiting for 15m bar | bars=104 | price=6365.75

2026-03-30 19:30:30 CST | INFO     | shree.execution.ib_executor:get_active_order_count:2428 - 🔍 Sync: 0 active orders (0 PendingSubmit, lock=idle)

2026-03-30 19:30:30 CST | INFO     | shree.execution.components.signal_processor:process_trading_cycle:1222 - 🕐 New candle close at 19:30:00 CST

2026-03-30 19:30:30 CST | INFO     | shree.utils.structured_logging:log_structured_event:83 - Cycle start

2026-03-30 19:30:30 CST | INFO     | shree.strategies.es_fifteen_min:generate:993 - 🔍 NO_SIGNAL diag: A:ema21(6382.5)<=ema50(6398.8) | B:no_cross(c=6365.8,prev=6365.8,OR_H=6419.0) | C:stack(e9=6373,e21=6382,e50=6399) | D:high(6368.0)<touch(6376.1) | E:no_cross(c=6365.8,prev=6365.8,OR_L=6406.2) | F:stack(e9=6373,e21=6382,e50=6399) | G:outside_london(19:30:00)

2026-03-30 19:30:30 CST | INFO     | shree.execution.components.signal_processor:_generate_strategy_first_signal:438 - 📊 Strategy Signal: HOLD (conf=0.00, meta=NO_SIGNAL)

2026-03-30 19:30:30 CST | INFO     | shree.execution.ib_executor:get_active_order_count:2428 - 🔍 Sync: 0 active orders (0 PendingSubmit, lock=idle)

2026-03-30 19:30:30 CST | INFO     | shree.execution.components.signal_processor:process_trading_cycle:1438 - Skipping trade (HOLD)

2026-03-30 19:31:30 CST | INFO     | shree.execution.components.trading_session_manager:start:267 - 💓 Heartbeat: waiting for 15m bar | bars=105 | price=6365.75

2026-03-30 19:36:31 CST | INFO     | shree.execution.components.trading_session_manager:start:267 - 💓 Heartbeat: waiting for 15m bar | bars=105 | price=6365.75

2026-03-30 19:41:32 CST | INFO     | shree.execution.components.trading_session_manager:start:267 - 💓 Heartbeat: waiting for 15m bar | bars=105 | price=6365.75

2026-03-30 19:45:33 CST | INFO     | shree.execution.ib_executor:get_active_order_count:2428 - 🔍 Sync: 0 active orders (0 PendingSubmit, lock=idle)

2026-03-30 19:45:33 CST | INFO     | shree.execution.components.signal_processor:process_trading_cycle:1222 - 🕐 New candle close at 19:45:00 CST

2026-03-30 19:45:33 CST | INFO     | shree.utils.structured_logging:log_structured_event:83 - Cycle start

2026-03-30 19:45:33 CST | INFO     | shree.strategies.es_fifteen_min:generate:993 - 🔍 NO_SIGNAL diag: A:ema21(6384.9)<=ema50(6399.2) | B:no_cross(c=6409.0,prev=6365.8,OR_H=6419.0) | C:stack(e9=6380,e21=6385,e50=6399) | D:close(6409.0)>=ema21(6384.9) | E:no_cross(c=6409.0,prev=6365.8,OR_L=6406.2) | F:stack(e9=6380,e21=6385,e50=6399) | G:outside_london(19:45:00)

2026-03-30 19:45:33 CST | INFO     | shree.execution.components.signal_processor:_generate_strategy_first_signal:438 - 📊 Strategy Signal: HOLD (conf=0.00, meta=NO_SIGNAL)

2026-03-30 19:45:33 CST | INFO     | shree.execution.ib_executor:get_active_order_count:2428 - 🔍 Sync: 0 active orders (0 PendingSubmit, lock=idle)

2026-03-30 19:45:33 CST | INFO     | shree.execution.components.signal_processor:process_trading_cycle:1438 - Skipping trade (HOLD)

2026-03-30 19:46:33 CST | INFO     | shree.execution.components.trading_session_manager:start:267 - 💓 Heartbeat: waiting for 15m bar | bars=106 | price=6409.0

2026-03-30 19:51:35 CST | INFO     | shree.execution.components.trading_session_manager:start:267 - 💓 Heartbeat: waiting for 15m bar | bars=106 | price=6409.0

2026-03-30 19:56:36 CST | INFO     | shree.execution.components.trading_session_manager:start:267 - 💓 Heartbeat: waiting for 15m bar | bars=106 | price=6409.0

2026-03-30 20:00:07 CST | INFO     | shree.execution.ib_executor:get_active_order_count:2428 - 🔍 Sync: 0 active orders (0 PendingSubmit, lock=idle)

2026-03-30 20:00:07 CST | INFO     | shree.execution.components.signal_processor:process_trading_cycle:1222 - 🕐 New candle close at 20:00:00 CST

2026-03-30 20:00:07 CST | INFO     | shree.utils.structured_logging:log_structured_event:83 - Cycle start

2026-03-30 20:00:07 CST | INFO     | shree.strategies.es_fifteen_min:generate:993 - 🔍 NO_SIGNAL diag: A:ema21(6387.4)<=ema50(6399.7) | B:no_cross(c=6412.2,prev=6409.0,OR_H=6419.0) | C:stack(e9=6387,e21=6387,e50=6400) | D:close(6412.2)>=ema21(6387.4) | E:no_cross(c=6412.2,prev=6409.0,OR_L=6406.2) | F:stack(e9=6387,e21=6387,e50=6400) | G:outside_london(20:00:00)

2026-03-30 20:00:07 CST | INFO     | shree.execution.components.signal_processor:_generate_strategy_first_signal:438 - 📊 Strategy Signal: HOLD (conf=0.00, meta=NO_SIGNAL)

2026-03-30 20:00:07 CST | INFO     | shree.execution.ib_executor:get_active_order_count:2428 - 🔍 Sync: 0 active orders (0 PendingSubmit, lock=idle)

2026-03-30 20:00:07 CST | INFO     | shree.execution.components.signal_processor:process_trading_cycle:1438 - Skipping trade (HOLD)

2026-03-30 20:01:38 CST | INFO     | shree.execution.components.trading_session_manager:start:267 - 💓 Heartbeat: waiting for 15m bar | bars=107 | price=6412.25

2026-03-30 20:06:39 CST | INFO     | shree.execution.components.trading_session_manager:start:267 - 💓 Heartbeat: waiting for 15m bar | bars=107 | price=6412.25

2026-03-30 20:11:40 CST | INFO     | shree.execution.components.trading_session_manager:start:267 - 💓 Heartbeat: waiting for 15m bar | bars=107 | price=6412.25

2026-03-30 20:15:10 CST | INFO     | shree.execution.ib_executor:get_active_order_count:2428 - 🔍 Sync: 0 active orders (0 PendingSubmit, lock=idle)

2026-03-30 20:15:10 CST | INFO     | shree.execution.components.signal_processor:process_trading_cycle:1222 - 🕐 New candle close at 20:15:00 CST

2026-03-30 20:15:10 CST | INFO     | shree.utils.structured_logging:log_structured_event:83 - Cycle start

2026-03-30 20:15:11 CST | INFO     | shree.strategies.es_fifteen_min:generate:993 - 🔍 NO_SIGNAL diag: A:ema21(6389.1)<=ema50(6400.0) | B:no_cross(c=6406.2,prev=6412.2,OR_H=6419.0) | C:stack(e9=6391,e21=6389,e50=6400) | D:close(6406.2)>=ema21(6389.1) | E:no_cross(c=6406.2,prev=6412.2,OR_L=6406.2) | F:stack(e9=6391,e21=6389,e50=6400) | G:outside_london(20:15:00)

2026-03-30 20:15:11 CST | INFO     | shree.execution.components.signal_processor:_generate_strategy_first_signal:438 - 📊 Strategy Signal: HOLD (conf=0.00, meta=NO_SIGNAL)

2026-03-30 20:15:11 CST | INFO     | shree.execution.ib_executor:get_active_order_count:2428 - 🔍 Sync: 0 active orders (0 PendingSubmit, lock=idle)

2026-03-30 20:15:11 CST | INFO     | shree.execution.components.signal_processor:process_trading_cycle:1438 - Skipping trade (HOLD)

2026-03-30 20:16:41 CST | INFO     | shree.execution.components.trading_session_manager:start:267 - 💓 Heartbeat: waiting for 15m bar | bars=108 | price=6406.25

2026-03-30 20:21:42 CST | INFO     | shree.execution.components.trading_session_manager:start:267 - 💓 Heartbeat: waiting for 15m bar | bars=108 | price=6406.25

2026-03-30 20:26:43 CST | INFO     | shree.execution.components.trading_session_manager:start:267 - 💓 Heartbeat: waiting for 15m bar | bars=108 | price=6406.25

2026-03-30 20:30:14 CST | INFO     | shree.execution.ib_executor:get_active_order_count:2428 - 🔍 Sync: 0 active orders (0 PendingSubmit, lock=idle)

2026-03-30 20:30:14 CST | INFO     | shree.execution.components.signal_processor:process_trading_cycle:1222 - 🕐 New candle close at 20:30:00 CST

2026-03-30 20:30:14 CST | INFO     | shree.utils.structured_logging:log_structured_event:83 - Cycle start

2026-03-30 20:30:14 CST | INFO     | shree.strategies.es_fifteen_min:_check_or_breakout:1278 - OR_BREAK_LONG blocked: RSI=67.7 > 60 (overbought)

2026-03-30 20:30:14 CST | INFO     | shree.strategies.es_fifteen_min:generate:993 - 🔍 NO_SIGNAL diag: A:ema21(6393.5)<=ema50(6401.5) | C:stack(e9=6400,e21=6394,e50=6401) | D:close(6437.5)>=ema21(6393.5) | E:no_cross(c=6437.5,prev=6406.2,OR_L=6406.2) | F:stack(e9=6400,e21=6394,e50=6401) | G:outside_london(20:30:00)

2026-03-30 20:30:14 CST | INFO     | shree.execution.components.signal_processor:_generate_strategy_first_signal:438 - 📊 Strategy Signal: HOLD (conf=0.00, meta=NO_SIGNAL)

2026-03-30 20:30:14 CST | INFO     | shree.execution.ib_executor:get_active_order_count:2428 - 🔍 Sync: 0 active orders (0 PendingSubmit, lock=idle)

2026-03-30 20:30:14 CST | INFO     | shree.execution.components.signal_processor:process_trading_cycle:1438 - Skipping trade (HOLD)

2026-03-30 20:31:44 CST | INFO     | shree.execution.components.trading_session_manager:start:267 - 💓 Heartbeat: waiting for 15m bar | bars=109 | price=6437.5

2026-03-30 20:36:45 CST | INFO     | shree.execution.components.trading_session_manager:start:267 - 💓 Heartbeat: waiting for 15m bar | bars=109 | price=6437.5

2026-03-30 20:41:46 CST | INFO     | shree.execution.components.trading_session_manager:start:267 - 💓 Heartbeat: waiting for 15m bar | bars=109 | price=6437.5

2026-03-30 20:45:17 CST | INFO     | shree.execution.ib_executor:get_active_order_count:2428 - 🔍 Sync: 0 active orders (0 PendingSubmit, lock=idle)

2026-03-30 20:45:17 CST | INFO     | shree.execution.components.signal_processor:process_trading_cycle:1222 - 🕐 New candle close at 20:45:00 CST

2026-03-30 20:45:17 CST | INFO     | shree.utils.structured_logging:log_structured_event:83 - Cycle start

2026-03-30 20:45:17 CST | INFO     | shree.strategies.es_fifteen_min:generate:993 - 🔍 NO_SIGNAL diag: A:ema21(6398.3)<=ema50(6403.2) | B:no_cross(c=6446.8,prev=6437.5,OR_H=6419.0) | C:stack(e9=6409,e21=6398,e50=6403) | D:close(6446.8)>=ema21(6398.3) | E:no_cross(c=6446.8,prev=6437.5,OR_L=6406.2) | F:stack(e9=6409,e21=6398,e50=6403) | G:outside_london(20:45:00)

2026-03-30 20:45:17 CST | INFO     | shree.execution.components.signal_processor:_generate_strategy_first_signal:438 - 📊 Strategy Signal: HOLD (conf=0.00, meta=NO_SIGNAL)

2026-03-30 20:45:17 CST | INFO     | shree.execution.ib_executor:get_active_order_count:2428 - 🔍 Sync: 0 active orders (0 PendingSubmit, lock=idle)

2026-03-30 20:45:17 CST | INFO     | shree.execution.components.signal_processor:process_trading_cycle:1438 - Skipping trade (HOLD)

2026-03-30 20:46:48 CST | INFO     | shree.execution.components.trading_session_manager:start:267 - 💓 Heartbeat: waiting for 15m bar | bars=110 | price=6446.75

2026-03-30 20:51:49 CST | INFO     | shree.execution.components.trading_session_manager:start:267 - 💓 Heartbeat: waiting for 15m bar | bars=110 | price=6446.75

2026-03-30 20:56:50 CST | INFO     | shree.execution.components.trading_session_manager:start:267 - 💓 Heartbeat: waiting for 15m bar | bars=110 | price=6446.75

2026-03-30 21:00:21 CST | INFO     | shree.execution.ib_executor:get_active_order_count:2428 - 🔍 Sync: 0 active orders (0 PendingSubmit, lock=idle)

2026-03-30 21:00:21 CST | INFO     | shree.execution.components.signal_processor:process_trading_cycle:1222 - 🕐 New candle close at 21:00:00 CST

2026-03-30 21:00:21 CST | INFO     | shree.utils.structured_logging:log_structured_event:83 - Cycle start

2026-03-30 21:00:21 CST | INFO     | shree.strategies.es_fifteen_min:generate:993 - 🔍 NO_SIGNAL diag: A:ema21(6402.2)<=ema50(6404.7) | B:no_cross(c=6440.2,prev=6446.8,OR_H=6419.0) | C:stack(e9=6416,e21=6402,e50=6405) | D:close(6440.2)>=ema21(6402.2) | E:no_cross(c=6440.2,prev=6446.8,OR_L=6406.2) | F:stack(e9=6416,e21=6402,e50=6405) | G:outside_london(21:00:00)

2026-03-30 21:00:21 CST | INFO     | shree.execution.components.signal_processor:_generate_strategy_first_signal:438 - 📊 Strategy Signal: HOLD (conf=0.00, meta=NO_SIGNAL)

2026-03-30 21:00:21 CST | INFO     | shree.execution.ib_executor:get_active_order_count:2428 - 🔍 Sync: 0 active orders (0 PendingSubmit, lock=idle)

2026-03-30 21:00:21 CST | INFO     | shree.execution.components.signal_processor:process_trading_cycle:1438 - Skipping trade (HOLD)

2026-03-30 21:01:51 CST | INFO     | shree.execution.components.trading_session_manager:start:267 - 💓 Heartbeat: waiting for 15m bar | bars=111 | price=6440.25

2026-03-30 21:06:52 CST | INFO     | shree.execution.components.trading_session_manager:start:267 - 💓 Heartbeat: waiting for 15m bar | bars=111 | price=6440.25

2026-03-30 21:11:53 CST | INFO     | shree.execution.components.trading_session_manager:start:267 - 💓 Heartbeat: waiting for 15m bar | bars=111 | price=6440.25

2026-03-30 21:15:24 CST | INFO     | shree.execution.ib_executor:get_active_order_count:2428 - 🔍 Sync: 0 active orders (0 PendingSubmit, lock=idle)

2026-03-30 21:15:24 CST | INFO     | shree.execution.components.signal_processor:process_trading_cycle:1222 - 🕐 New candle close at 21:15:00 CST

2026-03-30 21:15:24 CST | INFO     | shree.utils.structured_logging:log_structured_event:83 - Cycle start

2026-03-30 21:15:24 CST | INFO     | shree.strategies.es_fifteen_min:generate:993 - 🔍 NO_SIGNAL diag: A:ema21(6406.2)<=ema50(6406.3) | B:no_cross(c=6446.5,prev=6440.2,OR_H=6419.0) | C:stack(e9=6422,e21=6406,e50=6406) | D:close(6446.5)>=ema21(6406.2) | E:no_cross(c=6446.5,prev=6440.2,OR_L=6406.2) | F:stack(e9=6422,e21=6406,e50=6406) | G:outside_london(21:15:00)

2026-03-30 21:15:24 CST | INFO     | shree.execution.components.signal_processor:_generate_strategy_first_signal:438 - 📊 Strategy Signal: HOLD (conf=0.00, meta=NO_SIGNAL)

2026-03-30 21:15:24 CST | INFO     | shree.execution.ib_executor:get_active_order_count:2428 - 🔍 Sync: 0 active orders (0 PendingSubmit, lock=idle)

2026-03-30 21:15:24 CST | INFO     | shree.execution.components.signal_processor:process_trading_cycle:1438 - Skipping trade (HOLD)

2026-03-30 21:16:54 CST | INFO     | shree.execution.components.trading_session_manager:start:267 - 💓 Heartbeat: waiting for 15m bar | bars=112 | price=6446.5

2026-03-30 21:21:56 CST | INFO     | shree.execution.components.trading_session_manager:start:267 - 💓 Heartbeat: waiting for 15m bar | bars=112 | price=6446.5

2026-03-30 21:26:57 CST | INFO     | shree.execution.components.trading_session_manager:start:267 - 💓 Heartbeat: waiting for 15m bar | bars=112 | price=6446.5

2026-03-30 21:30:28 CST | INFO     | shree.execution.ib_executor:get_active_order_count:2428 - 🔍 Sync: 0 active orders (0 PendingSubmit, lock=idle)

2026-03-30 21:30:28 CST | INFO     | shree.execution.components.signal_processor:process_trading_cycle:1222 - 🕐 New candle close at 21:30:00 CST

2026-03-30 21:30:28 CST | INFO     | shree.utils.structured_logging:log_structured_event:83 - Cycle start

2026-03-30 21:30:28 CST | INFO     | shree.strategies.es_fifteen_min:generate:714 - 🚫 ON_RSI_EXTREME: blocking TREND_CONT_LONG overnight (RSI=68.5 > 65) | overbought exhaustion trap

2026-03-30 21:30:28 CST | INFO     | shree.strategies.es_fifteen_min:generate:993 - 🔍 NO_SIGNAL diag: A:low(6445.0)>touch(6419.6) | B:no_cross(c=6448.0,prev=6446.5,OR_H=6419.0) | C:low(6445.0)>touch(6436.6) | D:ema21(6410.0)>=ema50(6408.0) | E:no_cross(c=6448.0,prev=6446.5,OR_L=6406.2) | F:maxed(2) | G:outside_london(21:30:00)

2026-03-30 21:30:28 CST | INFO     | shree.execution.components.signal_processor:_generate_strategy_first_signal:438 - 📊 Strategy Signal: HOLD (conf=0.00, meta=NO_SIGNAL)

2026-03-30 21:30:28 CST | INFO     | shree.execution.ib_executor:get_active_order_count:2428 - 🔍 Sync: 0 active orders (0 PendingSubmit, lock=idle)

2026-03-30 21:30:28 CST | INFO     | shree.execution.components.signal_processor:process_trading_cycle:1438 - Skipping trade (HOLD)

2026-03-30 21:31:58 CST | INFO     | shree.execution.components.trading_session_manager:start:267 - 💓 Heartbeat: waiting for 15m bar | bars=113 | price=6448.0

2026-03-30 21:36:59 CST | INFO     | shree.execution.components.trading_session_manager:start:267 - 💓 Heartbeat: waiting for 15m bar | bars=113 | price=6448.0

2026-03-30 21:42:00 CST | INFO     | shree.execution.components.trading_session_manager:start:267 - 💓 Heartbeat: waiting for 15m bar | bars=113 | price=6448.0

2026-03-30 21:45:31 CST | INFO     | shree.execution.ib_executor:get_active_order_count:2428 - 🔍 Sync: 0 active orders (0 PendingSubmit, lock=idle)

2026-03-30 21:45:31 CST | INFO     | shree.execution.components.signal_processor:process_trading_cycle:1222 - 🕐 New candle close at 21:45:00 CST

2026-03-30 21:45:31 CST | INFO     | shree.utils.structured_logging:log_structured_event:83 - Cycle start

2026-03-30 21:45:31 CST | INFO     | shree.strategies.es_fifteen_min:generate:993 - 🔍 NO_SIGNAL diag: A:low(6449.8)>touch(6423.3) | B:no_cross(c=6450.5,prev=6448.0,OR_H=6419.0) | C:low(6449.8)>touch(6441.3) | D:ema21(6413.7)>=ema50(6409.6) | E:no_cross(c=6450.5,prev=6448.0,OR_L=6406.2) | F:maxed(2) | G:outside_london(21:45:00)

2026-03-30 21:45:31 CST | INFO     | shree.execution.components.signal_processor:_generate_strategy_first_signal:438 - 📊 Strategy Signal: HOLD (conf=0.00, meta=NO_SIGNAL)

2026-03-30 21:45:31 CST | INFO     | shree.execution.ib_executor:get_active_order_count:2428 - 🔍 Sync: 0 active orders (0 PendingSubmit, lock=idle)

2026-03-30 21:45:31 CST | INFO     | shree.execution.components.signal_processor:process_trading_cycle:1438 - Skipping trade (HOLD)

2026-03-30 21:47:01 CST | INFO     | shree.execution.components.trading_session_manager:start:267 - 💓 Heartbeat: waiting for 15m bar | bars=114 | price=6450.5

2026-03-30 21:52:03 CST | INFO     | shree.execution.components.trading_session_manager:start:267 - 💓 Heartbeat: waiting for 15m bar | bars=114 | price=6450.5

2026-03-30 21:57:04 CST | INFO     | shree.execution.components.trading_session_manager:start:267 - 💓 Heartbeat: waiting for 15m bar | bars=114 | price=6450.5

2026-03-30 22:00:35 CST | INFO     | shree.execution.ib_executor:get_active_order_count:2428 - 🔍 Sync: 0 active orders (0 PendingSubmit, lock=idle)

2026-03-30 22:00:35 CST | INFO     | shree.execution.components.signal_processor:process_trading_cycle:1222 - 🕐 New candle close at 22:00:00 CST

2026-03-30 22:00:35 CST | INFO     | shree.utils.structured_logging:log_structured_event:83 - Cycle start

2026-03-30 22:00:35 CST | INFO     | shree.strategies.es_fifteen_min:generate:993 - 🔍 NO_SIGNAL diag: A:low(6448.0)>touch(6426.5) | B:no_cross(c=6449.2,prev=6450.5,OR_H=6419.0) | C:low(6448.0)>touch(6444.9) | D:ema21(6416.9)>=ema50(6411.2) | E:no_cross(c=6449.2,prev=6450.5,OR_L=6406.2) | F:maxed(2) | G:outside_london(22:00:00)

2026-03-30 22:00:35 CST | INFO     | shree.execution.components.signal_processor:_generate_strategy_first_signal:438 - 📊 Strategy Signal: HOLD (conf=0.00, meta=NO_SIGNAL)

2026-03-30 22:00:35 CST | INFO     | shree.execution.ib_executor:get_active_order_count:2428 - 🔍 Sync: 0 active orders (0 PendingSubmit, lock=idle)

2026-03-30 22:00:35 CST | INFO     | shree.execution.components.signal_processor:process_trading_cycle:1438 - Skipping trade (HOLD)

2026-03-30 22:02:05 CST | INFO     | shree.execution.components.trading_session_manager:start:267 - 💓 Heartbeat: waiting for 15m bar | bars=115 | price=6449.25

2026-03-30 22:07:07 CST | INFO     | shree.execution.components.trading_session_manager:start:267 - 💓 Heartbeat: waiting for 15m bar | bars=115 | price=6449.25

2026-03-30 22:12:08 CST | INFO     | shree.execution.components.trading_session_manager:start:267 - 💓 Heartbeat: waiting for 15m bar | bars=115 | price=6449.25

2026-03-30 22:15:08 CST | INFO     | shree.execution.ib_executor:get_active_order_count:2428 - 🔍 Sync: 0 active orders (0 PendingSubmit, lock=idle)

2026-03-30 22:15:08 CST | INFO     | shree.execution.components.signal_processor:process_trading_cycle:1222 - 🕐 New candle close at 22:15:00 CST

2026-03-30 22:15:08 CST | INFO     | shree.utils.structured_logging:log_structured_event:83 - Cycle start

2026-03-30 22:15:08 CST | INFO     | shree.strategies.es_fifteen_min:generate:993 - 🔍 NO_SIGNAL diag: A:low(6454.8)>touch(6430.0) | B:no_cross(c=6454.8,prev=6449.2,OR_H=6419.0) | C:low(6454.8)>touch(6448.8) | D:ema21(6420.3)>=ema50(6412.9) | E:no_cross(c=6454.8,prev=6449.2,OR_L=6406.2) | F:maxed(2) | G:outside_london(22:15:00)

2026-03-30 22:15:08 CST | INFO     | shree.execution.components.signal_processor:_generate_strategy_first_signal:438 - 📊 Strategy Signal: HOLD (conf=0.00, meta=NO_SIGNAL)

2026-03-30 22:15:08 CST | INFO     | shree.execution.ib_executor:get_active_order_count:2428 - 🔍 Sync: 0 active orders (0 PendingSubmit, lock=idle)

2026-03-30 22:15:08 CST | INFO     | shree.execution.components.signal_processor:process_trading_cycle:1438 - Skipping trade (HOLD)

2026-03-30 22:17:09 CST | INFO     | shree.execution.components.trading_session_manager:start:267 - 💓 Heartbeat: waiting for 15m bar | bars=116 | price=6454.75

2026-03-30 22:22:10 CST | INFO     | shree.execution.components.trading_session_manager:start:267 - 💓 Heartbeat: waiting for 15m bar | bars=116 | price=6454.75

2026-03-30 22:27:11 CST | INFO     | shree.execution.components.trading_session_manager:start:267 - 💓 Heartbeat: waiting for 15m bar | bars=116 | price=6454.75

2026-03-30 22:30:12 CST | INFO     | shree.execution.ib_executor:get_active_order_count:2428 - 🔍 Sync: 0 active orders (0 PendingSubmit, lock=idle)

2026-03-30 22:30:12 CST | INFO     | shree.execution.components.signal_processor:process_trading_cycle:1222 - 🕐 New candle close at 22:30:00 CST

2026-03-30 22:30:12 CST | INFO     | shree.utils.structured_logging:log_structured_event:83 - Cycle start

2026-03-30 22:30:12 CST | INFO     | shree.strategies.es_fifteen_min:generate:1094 - 📊 2026-03-30 22:30:00-05:00 | BUY: close=6450.00 ema21=6423.04 atr=8.2 adx=30 rsi=67 macd_h=5.57 SL=6440.12 TP=6465.43 [OVERNIGHT] | EMA9_PB_LONG | ADX=30 | RSI=67 | ATR=8.2 | SL=8.2pts | TP=10.3pts | ONAdj(SL×1.20,TP×1.50)

2026-03-30 22:30:12 CST | INFO     | shree.execution.components.signal_processor:_generate_strategy_first_signal:438 - 📊 Strategy Signal: BUY (conf=0.70, meta=EMA9_PB_LONG | ADX=30 | RSI=67 | ATR=8.2 | SL=8.2pts | TP=10.3pts | ONAdj(SL×1.20,TP×1.50))

2026-03-30 22:30:12 CST | INFO     | shree.data.sentiment_aggregator:get_combined_mes_sentiment:1239 - 🔄 Fetching fresh multi-source sentiment... [fetch_id=033012]

2026-03-30 22:30:13 CST | INFO     | shree.data.sentiment_aggregator:get_stocktwits_sentiment:467 - 📊 Stocktwits: score=0.69 (bull=22, bear=4, total=59) [ts=03:30:13]

2026-03-30 22:30:16 CST | INFO     | shree.data.sentiment_aggregator:_get_reddit_sentiment_public:696 - 📱 Reddit (public): score=0.30 (samples=13, unique_posts=8)

2026-03-30 22:30:16 CST | INFO     | shree.data.sentiment_aggregator:get_vix_sentiment:978 - 📊 VIX Regime: VIX=29.35 -> HIGH_UNCERTAINTY (score=-0.40, conf=0.80, source=vx_futures)

2026-03-30 22:30:16 CST | INFO     | shree.data.sentiment_aggregator:get_combined_mes_sentiment:1256 -    Blended with VIX: social=+0.56, vix=-0.40 -> +0.17

2026-03-30 22:30:16 CST | INFO     | shree.data.sentiment_aggregator:get_combined_mes_sentiment:1271 - ==================================================

2026-03-30 22:30:16 CST | INFO     | shree.data.sentiment_aggregator:get_combined_mes_sentiment:1272 - 📊 MULTI-SOURCE SENTIMENT SUMMARY

2026-03-30 22:30:16 CST | INFO     | shree.data.sentiment_aggregator:get_combined_mes_sentiment:1273 - ==================================================

2026-03-30 22:30:16 CST | INFO     | shree.data.sentiment_aggregator:get_combined_mes_sentiment:1274 -    Stocktwits: +0.69 (59 samples)

2026-03-30 22:30:16 CST | INFO     | shree.data.sentiment_aggregator:get_combined_mes_sentiment:1275 -    Reddit:     +0.30 (13 samples)

2026-03-30 22:30:16 CST | INFO     | shree.data.sentiment_aggregator:get_combined_mes_sentiment:1276 -    Twitter:    +0.00 (0 samples)

2026-03-30 22:30:16 CST | INFO     | shree.data.sentiment_aggregator:get_combined_mes_sentiment:1277 -    VIX:        -0.40 (market-based)

2026-03-30 22:30:16 CST | INFO     | shree.data.sentiment_aggregator:get_combined_mes_sentiment:1278 -    ━━━━━━━━━━━━━━━━━━━━━━━━━━

2026-03-30 22:30:16 CST | INFO     | shree.data.sentiment_aggregator:get_combined_mes_sentiment:1279 -    COMBINED:   +0.17

2026-03-30 22:30:16 CST | INFO     | shree.data.sentiment_aggregator:get_combined_mes_sentiment:1280 - ==================================================

2026-03-30 22:30:16 CST | INFO     | shree.execution.components.sentiment_evaluator:_evaluate_multi_source_sentiment:330 - 📊 Multi-Source Sentiment Check (EVENING):

2026-03-30 22:30:16 CST | INFO     | shree.execution.components.sentiment_evaluator:_evaluate_multi_source_sentiment:331 -    Combined Score: +0.17

2026-03-30 22:30:16 CST | INFO     | shree.execution.components.sentiment_evaluator:_evaluate_multi_source_sentiment:333 -    Breakdown:

2026-03-30 22:30:16 CST | INFO     | shree.execution.components.sentiment_evaluator:_evaluate_multi_source_sentiment:334 -       Stocktwits: +0.69

2026-03-30 22:30:16 CST | INFO     | shree.execution.components.sentiment_evaluator:_evaluate_multi_source_sentiment:335 -       Reddit:     +0.30

2026-03-30 22:30:16 CST | INFO     | shree.execution.components.sentiment_evaluator:_evaluate_multi_source_sentiment:336 -       Twitter:    +0.00

2026-03-30 22:30:16 CST | INFO     | shree.execution.components.sentiment_evaluator:_evaluate_multi_source_sentiment:337 -    Thresholds: block=±0.35, weak=±0.15

2026-03-30 22:30:16 CST | INFO     | shree.execution.components.sentiment_evaluator:_evaluate_multi_source_sentiment:338 -    Recommendation: PROCEED

2026-03-30 22:30:16 CST | INFO     | shree.execution.components.sentiment_evaluator:_evaluate_multi_source_sentiment:339 -    Reason: Bullish sentiment (0.17) supports LONG entry

2026-03-30 22:30:16 CST | INFO     | shree.utils.structured_logging:log_structured_event:83 - MultiSource Sentiment PROCEED

2026-03-30 22:30:16 CST | INFO     | shree.execution.components.sentiment_evaluator:_evaluate_multi_source_sentiment:377 -    Confidence: 0.700 → 0.731 (sentiment: 1.10, low_vol: 0.95)

2026-03-30 22:30:16 CST | INFO     | shree.execution.components.signal_processor:_generate_strategy_first_signal:493 - 📡 Sentiment overlay: score=0.174 bias=NEUTRAL

2026-03-30 22:30:16 CST | INFO     | shree.execution.components.sentiment_evaluator:get_vx_multiplier:249 - 📈 VX Volatility Adjustment: VX=29.35 → 0.4x multiplier

2026-03-30 22:30:16 CST | INFO     | shree.execution.components.signal_processor:_generate_strategy_first_signal:567 - 📈 VX Adjustment: VX=29.4 | 0.731 -0.080 = 0.651 (pullback)

2026-03-30 22:30:16 CST | INFO     | shree.llm.trade_logger:_init_database:77 - Trade logger database initialized: /Users/svss/Documents/code/ShreeBot/data/llm_trades.db

2026-03-30 22:30:16 CST | INFO     | shree.rag.trade_logger:_get_metrics_logger:464 - Metrics logger ready for structural persistence

2026-03-30 22:30:16 CST | INFO     | shree.rag.hybrid_rag_pipeline:evaluate:1111 - SCORE_DEBUG: buy=30.0, sell=0.0, threshold=19, scalp_mode=False, daily_bias=BEARISH

2026-03-30 22:30:16 CST | INFO     | shree.rag.hybrid_rag_pipeline:evaluate:1113 - SCORE_BREAKDOWN: TREND_SCORE:+65(EMA_STACK_UP+ABOVE_EMA50+MACD_POS) | UPTREND:+30 | RSI_BULLISH_ZONE(66.8):BUY+7.5 | MACD_STRONG_POS(5.57):+12.5 | NO_LEVEL(PDH:2.67%,PDL:1.04%) | DAILY_BEARISH(SELL*1.3,BUY*0.6)

2026-03-30 22:30:18 CST | INFO     | shree.rag.s3_storage:read_from_s3:311 - Downloaded from S3: spy-futures-bot/trade-logs/2026-01-02/190810_efcfe16e.json

2026-03-30 22:30:18 CST | INFO     | shree.rag.s3_storage:read_from_s3:311 - Downloaded from S3: spy-futures-bot/trade-logs/2026-01-02/173410_6a54a25b.json

2026-03-30 22:30:18 CST | INFO     | shree.rag.s3_storage:read_from_s3:311 - Downloaded from S3: spy-futures-bot/trade-logs/2026-01-02/162307_d9c30f67.json

2026-03-30 22:30:18 CST | INFO     | shree.rag.s3_storage:read_from_s3:311 - Downloaded from S3: spy-futures-bot/trade-logs/2026-01-02/161355_f188b596.json

2026-03-30 22:30:18 CST | INFO     | shree.rag.s3_storage:read_from_s3:311 - Downloaded from S3: spy-futures-bot/trade-logs/2026-01-02/161208_d2dab2af.json

2026-03-30 22:30:18 CST | INFO     | shree.rag.s3_storage:read_from_s3:311 - Downloaded from S3: spy-futures-bot/trade-logs/2026-01-02/155109_ad4e5ed7.json

2026-03-30 22:30:18 CST | INFO     | shree.rag.s3_storage:read_from_s3:311 - Downloaded from S3: spy-futures-bot/trade-logs/2026-01-02/152211_8cb8fc7e.json

2026-03-30 22:30:18 CST | INFO     | shree.rag.s3_storage:read_from_s3:311 - Downloaded from S3: spy-futures-bot/trade-logs/2026-01-02/152108_8dd091ac.json

2026-03-30 22:30:19 CST | INFO     | shree.rag.s3_storage:read_from_s3:311 - Downloaded from S3: spy-futures-bot/trade-logs/2026-01-02/151810_abe7cb47.json

2026-03-30 22:30:19 CST | INFO     | shree.rag.s3_storage:read_from_s3:311 - Downloaded from S3: spy-futures-bot/trade-logs/2026-01-02/151710_7fb00e3e.json

2026-03-30 22:30:19 CST | INFO     | shree.rag.s3_storage:read_from_s3:311 - Downloaded from S3: spy-futures-bot/trade-logs/2026-01-02/151112_8a29fbc2.json

2026-03-30 22:30:19 CST | INFO     | shree.rag.s3_storage:read_from_s3:311 - Downloaded from S3: spy-futures-bot/trade-logs/2026-01-02/145010_be4875e4.json

2026-03-30 22:30:19 CST | INFO     | shree.rag.s3_storage:read_from_s3:311 - Downloaded from S3: spy-futures-bot/trade-logs/2025-12-31/201011_f138ff7d.json

2026-03-30 22:30:19 CST | INFO     | shree.rag.s3_storage:read_from_s3:311 - Downloaded from S3: spy-futures-bot/trade-logs/2025-12-31/200906_c2a58ac5.json

2026-03-30 22:30:19 CST | INFO     | shree.rag.s3_storage:read_from_s3:311 - Downloaded from S3: spy-futures-bot/trade-logs/2025-12-31/150907_ca768f54.json

2026-03-30 22:30:19 CST | INFO     | shree.rag.s3_storage:read_from_s3:311 - Downloaded from S3: spy-futures-bot/trade-logs/2025-12-31/150839_84fc1132.json

2026-03-30 22:30:19 CST | INFO     | shree.rag.s3_storage:read_from_s3:311 - Downloaded from S3: spy-futures-bot/trade-logs/2025-12-31/145218_c4d72f32.json

2026-03-30 22:30:19 CST | INFO     | shree.rag.s3_storage:read_from_s3:311 - Downloaded from S3: spy-futures-bot/trade-logs/2025-12-30/174320_2bbc848b.json

2026-03-30 22:30:20 CST | INFO     | shree.rag.s3_storage:read_from_s3:311 - Downloaded from S3: spy-futures-bot/trade-logs/2025-12-30/173609_1ab59c03.json

2026-03-30 22:30:20 CST | INFO     | shree.rag.s3_storage:read_from_s3:311 - Downloaded from S3: spy-futures-bot/trade-logs/2025-12-29/194840_24ff5aff.json

2026-03-30 22:30:20 CST | INFO     | shree.rag.s3_storage:read_from_s3:311 - Downloaded from S3: spy-futures-bot/trade-logs/2025-12-29/181706_8f6e4b9f.json

2026-03-30 22:30:20 CST | INFO     | shree.rag.s3_storage:read_from_s3:311 - Downloaded from S3: spy-futures-bot/trade-logs/2025-12-29/181701_544a9807.json

2026-03-30 22:30:20 CST | INFO     | shree.rag.s3_storage:read_from_s3:311 - Downloaded from S3: spy-futures-bot/trade-logs/2025-12-29/153512_858a8feb.json

2026-03-30 22:30:20 CST | INFO     | shree.rag.s3_storage:read_from_s3:311 - Downloaded from S3: spy-futures-bot/trade-logs/2025-12-26/025007_d8415f56.json

2026-03-30 22:30:20 CST | INFO     | shree.rag.s3_storage:read_from_s3:311 - Downloaded from S3: spy-futures-bot/trade-logs/2025-12-19/153007_53e3be8b.json

2026-03-30 22:30:20 CST | INFO     | shree.rag.s3_storage:read_from_s3:311 - Downloaded from S3: spy-futures-bot/trade-logs/2025-12-18/013010_02879f3e.json

2026-03-30 22:30:21 CST | INFO     | shree.rag.s3_storage:read_from_s3:311 - Downloaded from S3: spy-futures-bot/trade-logs/2025-12-16/020504_3d5d3415.json

2026-03-30 22:30:21 CST | INFO     | shree.rag.s3_storage:read_from_s3:311 - Downloaded from S3: spy-futures-bot/trade-logs/2025-12-15/172708_349b8dd1.json

2026-03-30 22:30:21 CST | INFO     | shree.rag.s3_storage:read_from_s3:311 - Downloaded from S3: spy-futures-bot/trade-logs/2025-12-12/094939_cfbffda2.json

2026-03-30 22:30:21 CST | INFO     | shree.rag.s3_storage:read_from_s3:311 - Downloaded from S3: spy-futures-bot/trade-logs/2025-12-08/190350_test_007.json

2026-03-30 22:30:21 CST | INFO     | shree.rag.s3_storage:read_from_s3:311 - Downloaded from S3: spy-futures-bot/trade-logs/2025-12-07/190350_test_006.json

2026-03-30 22:30:21 CST | INFO     | shree.rag.s3_storage:read_from_s3:311 - Downloaded from S3: spy-futures-bot/trade-logs/2025-12-06/190350_test_005.json

2026-03-30 22:30:21 CST | INFO     | shree.rag.s3_storage:read_from_s3:311 - Downloaded from S3: spy-futures-bot/trade-logs/2025-12-05/190350_test_004.json

2026-03-30 22:30:21 CST | INFO     | shree.rag.s3_storage:read_from_s3:311 - Downloaded from S3: spy-futures-bot/trade-logs/2025-12-04/190350_test_003.json

2026-03-30 22:30:21 CST | INFO     | shree.rag.s3_storage:read_from_s3:311 - Downloaded from S3: spy-futures-bot/trade-logs/2025-12-03/190350_test_002.json

2026-03-30 22:30:21 CST | INFO     | shree.rag.s3_storage:read_from_s3:311 - Downloaded from S3: spy-futures-bot/trade-logs/2025-12-02/190350_test_001.json

2026-03-30 22:30:21 CST | INFO     | shree.rag.hybrid_rag_pipeline:process:2687 - Pipeline result: BUY (conf=24%, time=5391ms)

2026-03-30 22:30:21 CST | INFO     | shree.utils.structured_logging:log_structured_event:83 - BUY entry=6450.00 SL=6425.31 (24.69) TP=6499.38 (49.38)

2026-03-30 22:30:21 CST | INFO     | shree.rag.pipeline_integration:_log_protection_snapshot:1001 - 🛡️ Protection snapshot | BUY entry=6450.00 SL=6425.31 (24.69) TP=6499.38 (49.38) fallback=no

2026-03-30 22:30:21 CST | INFO     | shree.utils.structured_logging:log_structured_event:83 - BUY @ 0.24

2026-03-30 22:30:21 CST | INFO     | shree.rag.pipeline_integration:process_sync:827 - Hybrid Pipeline: BUY (conf=0.24, trend=UPTREND, vol=MEDIUM)

2026-03-30 22:30:21 CST | INFO     | shree.execution.components.signal_processor:_generate_strategy_first_signal:608 - 🤖 Hybrid AGREES (BUY): conf boost +0.048 → 0.700

2026-03-30 22:30:21 CST | INFO     | shree.execution.components.signal_processor:_generate_strategy_first_signal:944 - 📊 Final Signal: BUY conf=0.700 (base=0.700, overlays={'sentiment': 0.1736311435745263, 'vx_additive': -0.08, 'hybrid_agreement_boost': 0.048})

2026-03-30 22:30:21 CST | INFO     | shree.execution.ib_executor:get_active_order_count:2428 - 🔍 Sync: 0 active orders (0 PendingSubmit, lock=idle)

2026-03-30 22:30:21 CST | INFO     | shree.execution.ib_executor:get_active_order_count:2428 - 🔍 Sync: 0 active orders (0 PendingSubmit, lock=idle)

2026-03-30 22:30:21 CST | INFO     | shree.execution.live_trading_manager:_process_hybrid_signal:1982 -   ↳ Placing HYBRID order: BUY

2026-03-30 22:30:21 CST | INFO     | shree.execution.live_trading_manager:_place_hybrid_order:2428 - 🤖 HYBRID: Placing BUY order

2026-03-30 22:30:21 CST | INFO     | shree.execution.live_trading_manager:_place_hybrid_order:2506 - 🎯 Using STRATEGY risk params: SL=9.88 (abs=6440.12), TP=15.43 (abs=6465.43)

2026-03-30 22:30:21 CST | INFO     | shree.execution.live_trading_manager:_place_hybrid_order:2590 - 🔍 Stop-Loss Calculation Debug:
   Action: BUY
   Current Price: 6450.00
   Entry Price: 6450.00
   ATR Value: 8.2296
   Stop Offset: 9.88
   Target Offset: 15.43
   Stop-Loss: 6440.12 (below entry)
   Take-Profit: 6465.43 (above entry)
   Fallback Used: no (ok)

2026-03-30 22:30:21 CST | INFO     | shree.execution.ib_executor:get_current_price:2786 - Requesting market data for MESM6...

2026-03-30 22:30:22 CST | INFO     | shree.execution.ib_executor:get_current_price:2801 - Got last price: 6449.75

2026-03-30 22:30:22 CST | INFO     | shree.execution.live_trading_manager:_place_hybrid_order:2715 - 📊 Order telemetry | qty=1 position=0 lock=False entry=6450.00 SL=6440.12 TP=6465.43 fallback=no

2026-03-30 22:30:23 CST | INFO     | shree.execution.live_trading_manager:_enforce_risk_gate:3210 - ✅ RiskGate pass: margin=4868.62 required=3464.00 stopPts=10.00

2026-03-30 22:30:23 CST | INFO     | shree.execution.ib_executor:place_order:1457 - ✅ PositionManager approved: 1 contracts (Reason: Approved)

2026-03-30 22:30:23 CST | INFO     | shree.execution.ib_executor:place_order:1478 - 📊 Using LIMIT order @ 6451.00 (market_hint: 6450.00, buffer: 1.0)

2026-03-30 22:30:23 CST | INFO     | shree.execution.ib_executor:place_order:1588 - Adding take-profit order at 6465.50

2026-03-30 22:30:23 CST | INFO     | shree.execution.ib_executor:place_order:1595 - Adding stop-loss order: stop=6440.00 (STOP-MARKET)

2026-03-30 22:30:23 CST | INFO     | shree.execution.ib_executor:place_order:1611 - 📡 Bracket telemetry | qty=1 lock=False entry=6450.00 SL=6440.00 TP=6465.50 fallback=no

2026-03-30 22:30:23 CST | WARNING  | shree.execution.order_lock:engage:85 - 🔒 Order lock engaged: BUY 1 @ 6450.0

2026-03-30 22:30:23 CST | INFO     | shree.execution.ib_executor:_log_trade_status:1967 - 🛰️ parent-submit | backend=IB mock=False orderId=11562 permId=0 status=PendingSubmit filled=0.0 remaining=0.0 clientId=0

2026-03-30 22:30:23 CST | INFO     | shree.monitoring.order_tracker:record_order_placement:442 - 📝 Recorded order placement: ID=11562, BUY 1 MES

2026-03-30 22:30:23 CST | INFO     | shree.execution.ib_executor:_log_trade_status:1967 - 🛰️ child-submit-1 | backend=IB mock=False orderId=11563 permId=0 status=PendingSubmit filled=0.0 remaining=0.0 clientId=0

2026-03-30 22:30:23 CST | INFO     | shree.execution.ib_executor:_log_trade_status:1967 - 🛰️ child-11563-ack-start | backend=IB mock=False orderId=11563 permId=0 status=PendingSubmit filled=0.0 remaining=0.0 clientId=0

2026-03-30 22:30:26 CST | WARNING  | shree.execution.ib_executor:_await_order_submission:1989 - ⏳ child-11563 11563 still PendingSubmit after 3.0s

2026-03-30 22:30:26 CST | INFO     | shree.execution.ib_executor:_log_trade_status:1967 - 🛰️ child-11563-ack-complete | backend=IB mock=False orderId=11563 permId=0 status=PendingSubmit filled=0.0 remaining=0.0 clientId=0

2026-03-30 22:30:26 CST | INFO     | shree.monitoring.order_tracker:record_order_placement:442 - 📝 Recorded order placement: ID=11563, SELL 1 MES

2026-03-30 22:30:26 CST | INFO     | shree.execution.ib_executor:place_order:1773 - 📝 Placed bracket order 11563 (LIMIT) (parent=11562)

2026-03-30 22:30:26 CST | INFO     | shree.execution.ib_executor:_log_trade_status:1967 - 🛰️ child-submit-2 | backend=IB mock=False orderId=11564 permId=0 status=PendingSubmit filled=0.0 remaining=0.0 clientId=0

2026-03-30 22:30:26 CST | INFO     | shree.execution.ib_executor:_log_trade_status:1967 - 🛰️ child-11564-ack-start | backend=IB mock=False orderId=11564 permId=0 status=PendingSubmit filled=0.0 remaining=0.0 clientId=0

2026-03-30 22:30:26 CST | INFO     | shree.execution.ib_executor:_on_order_status:1001 - 📊 Order 11563 status: PreSubmitted (filled=0.0, remaining=1.0, avg=0.00)

2026-03-30 22:30:26 CST | INFO     | shree.monitoring.order_tracker:update_order_status:524 - 📊 Order 11563 status: PreSubmitted

2026-03-30 22:30:26 CST | INFO     | shree.execution.ib_executor:_on_order_status:1001 - 📊 Order 11564 status: PreSubmitted (filled=0.0, remaining=1.0, avg=0.00)

2026-03-30 22:30:26 CST | INFO     | shree.monitoring.order_tracker:update_order_status:524 - 📊 Order 11564 status: PreSubmitted

2026-03-30 22:30:26 CST | INFO     | shree.execution.ib_executor:_on_order_status:1001 - 📊 Order 11562 status: PreSubmitted (filled=0.0, remaining=1.0, avg=0.00)

2026-03-30 22:30:26 CST | INFO     | shree.monitoring.order_tracker:update_order_status:524 - 📊 Order 11562 status: PreSubmitted

2026-03-30 22:30:26 CST | INFO     | shree.execution.ib_executor:_on_execution:1062 - ✅ Execution: Order 11562, qty=1.0, price=6449.50, slippage=$1.50

2026-03-30 22:30:26 CST | INFO     | shree.monitoring.order_tracker:record_execution:570 - ✅ Execution recorded: Order 11562, 1.0 @ 6449.50

2026-03-30 22:30:26 CST | INFO     | shree.execution.ib_executor:_on_execution:1202 - 📱 Checking Telegram: enabled=True

2026-03-30 22:30:26 CST | INFO     | shree.execution.ib_executor:_on_execution:1224 - 📱 Sending Telegram alert: BUY 1.0 @ 6449.5, SL=6440.0, TP=6465.5

2026-03-30 22:30:26 CST | INFO     | shree.execution.ib_executor:_on_execution:1273 - 📱 Telegram alert queued successfully

2026-03-30 22:30:26 CST | INFO     | shree.execution.ib_executor:_reconcile_positions:762 - Reconciled position: MES qty=1 secType=FUT price=6449.50 multiplier=5.0 total_cost=32247.50

2026-03-30 22:30:26 CST | INFO     | shree.execution.ib_executor:_on_order_status:1001 - 📊 Order 11562 status: Filled (filled=1.0, remaining=0.0, avg=6449.50)

2026-03-30 22:30:26 CST | INFO     | shree.monitoring.order_tracker:update_order_status:524 - 📊 Order 11562 status: Filled (1.0 filled)

2026-03-30 22:30:26 CST | INFO     | shree.execution.ib_executor:_on_order_status:1001 - 📊 Order 11563 status: PreSubmitted (filled=0.0, remaining=1.0, avg=0.00)

2026-03-30 22:30:26 CST | INFO     | shree.monitoring.order_tracker:update_order_status:524 - 📊 Order 11563 status: PreSubmitted

2026-03-30 22:30:26 CST | INFO     | shree.execution.ib_executor:_on_order_status:1001 - 📊 Order 11564 status: PreSubmitted (filled=0.0, remaining=1.0, avg=0.00)

2026-03-30 22:30:26 CST | INFO     | shree.monitoring.order_tracker:update_order_status:524 - 📊 Order 11564 status: PreSubmitted

2026-03-30 22:30:26 CST | INFO     | shree.execution.ib_executor:_on_order_status:1001 - 📊 Order 11563 status: Submitted (filled=0.0, remaining=1.0, avg=0.00)

2026-03-30 22:30:26 CST | INFO     | shree.monitoring.order_tracker:update_order_status:524 - 📊 Order 11563 status: Submitted

2026-03-30 22:30:26 CST | INFO     | shree.execution.ib_executor:_log_trade_status:1967 - 🛰️ child-11564-ack-complete | backend=IB mock=False orderId=11564 permId=1279574067 status=PreSubmitted filled=0.0 remaining=1.0 clientId=11

2026-03-30 22:30:26 CST | INFO     | shree.monitoring.order_tracker:record_order_placement:442 - 📝 Recorded order placement: ID=11564, SELL 1.0 MES

2026-03-30 22:30:26 CST | INFO     | shree.execution.ib_executor:place_order:1773 - 📝 Placed bracket order 11564 (STOP) (parent=11562)

2026-03-30 22:30:26 CST | INFO     | shree.execution.ib_executor:_log_trade_status:1967 - 🛰️ parent-ack-start | backend=IB mock=False orderId=11562 permId=1279574065 status=Filled filled=1.0 remaining=0.0 clientId=11

2026-03-30 22:30:26 CST | INFO     | shree.execution.ib_executor:_log_trade_status:1967 - 🛰️ parent-ack-complete | backend=IB mock=False orderId=11562 permId=1279574065 status=Filled filled=1.0 remaining=0.0 clientId=11

2026-03-30 22:30:26 CST | INFO     | shree.execution.order_lock:release:90 - 🔓 Order lock released (bracket submission complete)

2026-03-30 22:30:26 CST | INFO     | shree.execution.ib_executor:place_order:1816 - Position metadata stored for trailing stops

2026-03-30 22:30:26 CST | INFO     | shree.execution.ib_executor:place_order:1818 - Order BUY placed: orderId=11562 status=Filled

2026-03-30 22:30:26 CST | INFO     | shree.execution.live_trading_manager:_place_hybrid_order:2824 - ⏱️ HYBRID trade fill - cooldown activated

2026-03-30 22:30:26 CST | INFO     | shree.execution.live_trading_manager:_notify_position_opened:1395 - 📊 MTF Gate notified of position open: long

2026-03-30 22:30:26 CST | INFO     | shree.monitoring.live_tracker:record_trade:173 - Recorded trade: BUY 1 @ 6449.50, position=1

2026-03-30 22:30:26 CST | INFO     | shree.rag.trade_logger:log_entry:298 - Trade entry logged: 609d72b2 - BUY 1 @ 6449.50 (SL: 6440.00, TP: 6465.50)

2026-03-30 22:30:26 CST | INFO     | shree.execution.live_trading_manager:_place_hybrid_order:2854 - ✅ Trade logged to Hybrid RAG system

2026-03-30 22:30:26 CST | INFO     | shree.execution.components.order_coordinator:register_trade_entry:143 - 📝 Registered trade entry: cycle_id=d31d79140c67, action=BUY, qty=1, entry=6449.50

2026-03-30 22:32:26 CST | INFO     | shree.execution.components.trading_session_manager:start:267 - 💓 Heartbeat: waiting for 15m bar | bars=117 | price=6450.0

2026-03-30 22:37:27 CST | INFO     | shree.execution.components.trading_session_manager:start:267 - 💓 Heartbeat: waiting for 15m bar | bars=117 | price=6450.0

2026-03-30 22:42:29 CST | INFO     | shree.execution.components.trading_session_manager:start:267 - 💓 Heartbeat: waiting for 15m bar | bars=117 | price=6450.0

2026-03-30 22:45:30 CST | INFO     | shree.execution.ib_executor:_reconcile_positions:762 - Reconciled position: MES qty=1 secType=FUT price=6449.62 multiplier=5.0 total_cost=32248.12

2026-03-30 22:45:30 CST | INFO     | shree.execution.live_trading_manager:_process_trading_cycle:1260 - 📊 Current position detected: 1 contracts

2026-03-30 22:45:30 CST | INFO     | shree.execution.ib_executor:_reconcile_positions:762 - Reconciled position: MES qty=1 secType=FUT price=6449.62 multiplier=5.0 total_cost=32248.12

2026-03-30 22:45:30 CST | INFO     | shree.execution.ib_executor:get_current_price:2786 - Requesting market data for MESM6...

2026-03-30 22:45:31 CST | INFO     | shree.execution.ib_executor:get_current_price:2801 - Got last price: 6449.75

2026-03-30 22:45:31 CST | INFO     | shree.execution.components.exit_manager:check_position_exit_logic:292 - 📊 Position P&L check -> entry=6449.62 price=6449.75 pnl/ct=0.63 total=0.63

2026-03-30 22:47:31 CST | INFO     | shree.execution.components.trading_session_manager:start:267 - 💓 Heartbeat: waiting for 15m bar | bars=118 | price=6446.5

2026-03-30 22:52:32 CST | INFO     | shree.execution.components.trading_session_manager:start:267 - 💓 Heartbeat: waiting for 15m bar | bars=118 | price=6446.5

2026-03-30 22:57:33 CST | INFO     | shree.execution.components.trading_session_manager:start:267 - 💓 Heartbeat: waiting for 15m bar | bars=118 | price=6446.5

2026-03-30 23:00:34 CST | INFO     | shree.execution.ib_executor:_reconcile_positions:762 - Reconciled position: MES qty=1 secType=FUT price=6449.62 multiplier=5.0 total_cost=32248.12

2026-03-30 23:00:34 CST | INFO     | shree.execution.live_trading_manager:_process_trading_cycle:1260 - 📊 Current position detected: 1 contracts

2026-03-30 23:00:34 CST | INFO     | shree.execution.ib_executor:_reconcile_positions:762 - Reconciled position: MES qty=1 secType=FUT price=6449.62 multiplier=5.0 total_cost=32248.12

2026-03-30 23:00:34 CST | INFO     | shree.execution.ib_executor:get_current_price:2786 - Requesting market data for MESM6...

2026-03-30 23:00:34 CST | INFO     | shree.execution.ib_executor:get_current_price:2801 - Got last price: 6446.0

2026-03-30 23:00:34 CST | INFO     | shree.execution.components.exit_manager:check_position_exit_logic:292 - 📊 Position P&L check -> entry=6449.62 price=6446.00 pnl/ct=-18.12 total=-18.12

2026-03-30 23:02:35 CST | INFO     | shree.execution.components.trading_session_manager:start:267 - 💓 Heartbeat: waiting for 15m bar | bars=119 | price=6446.25

2026-03-30 23:07:40 CST | INFO     | shree.execution.components.trading_session_manager:start:267 - 💓 Heartbeat: waiting for 15m bar | bars=119 | price=6446.25

2026-03-30 23:12:41 CST | INFO     | shree.execution.components.trading_session_manager:start:267 - 💓 Heartbeat: waiting for 15m bar | bars=119 | price=6446.25

2026-03-30 23:15:11 CST | INFO     | shree.execution.ib_executor:_reconcile_positions:762 - Reconciled position: MES qty=1 secType=FUT price=6449.62 multiplier=5.0 total_cost=32248.12

2026-03-30 23:15:11 CST | INFO     | shree.execution.live_trading_manager:_process_trading_cycle:1260 - 📊 Current position detected: 1 contracts

2026-03-30 23:15:11 CST | INFO     | shree.execution.ib_executor:_reconcile_positions:762 - Reconciled position: MES qty=1 secType=FUT price=6449.62 multiplier=5.0 total_cost=32248.12

2026-03-30 23:15:11 CST | INFO     | shree.execution.ib_executor:get_current_price:2786 - Requesting market data for MESM6...

2026-03-30 23:15:12 CST | INFO     | shree.execution.ib_executor:get_current_price:2801 - Got last price: 6445.75

2026-03-30 23:15:12 CST | INFO     | shree.execution.components.exit_manager:check_position_exit_logic:292 - 📊 Position P&L check -> entry=6449.62 price=6445.75 pnl/ct=-19.37 total=-19.37

2026-03-30 23:18:08 CST | INFO     | shree.execution.components.trading_session_manager:start:267 - 💓 Heartbeat: waiting for 15m bar | bars=120 | price=6445.25

2026-03-30 23:23:09 CST | INFO     | shree.execution.components.trading_session_manager:start:267 - 💓 Heartbeat: waiting for 15m bar | bars=120 | price=6445.25

2026-03-30 23:27:13 CST | INFO     | shree.execution.ib_executor:_on_order_status:1001 - 📊 Order 11563 status: PendingCancel (filled=0.0, remaining=0.0, avg=0.00)

2026-03-30 23:27:13 CST | INFO     | shree.monitoring.order_tracker:update_order_status:524 - 📊 Order 11563 status: PendingCancel

2026-03-30 23:27:13 CST | INFO     | shree.execution.ib_executor:_on_execution:1064 - ✅ Execution: Order 11564, qty=1.0, price=6439.25, commission=0.0

2026-03-30 23:27:13 CST | INFO     | shree.execution.ib_executor:_on_execution:1085 - 💰 Realized PnL gross=-51.87 net=-56.67 (points=-10.37, commission=4.80, totals gross=-51.87 net=-56.67)

2026-03-30 23:27:13 CST | INFO     | shree.monitoring.order_tracker:record_execution:570 - ✅ Execution recorded: Order 11564, 1.0 @ 6439.25

2026-03-30 23:27:13 CST | INFO     | shree.execution.ib_executor:_on_execution:1202 - 📱 Checking Telegram: enabled=True

2026-03-30 23:27:13 CST | INFO     | shree.execution.ib_executor:_on_execution:1224 - 📱 Sending Telegram alert: SELL 1.0 @ 6439.25, SL=6440.0, TP=6465.5

2026-03-30 23:27:13 CST | INFO     | shree.execution.ib_executor:_on_execution:1273 - 📱 Telegram alert queued successfully

2026-03-30 23:27:13 CST | INFO     | shree.execution.ib_executor:_on_order_status:1001 - 📊 Order 11564 status: Filled (filled=1.0, remaining=0.0, avg=6439.25)

2026-03-30 23:27:13 CST | INFO     | shree.monitoring.order_tracker:update_order_status:524 - 📊 Order 11564 status: Filled (1.0 filled)

2026-03-30 23:27:13 CST | INFO     | shree.execution.ib_executor:_reconcile_positions:777 - Reconciled position: MES is flat; cleared stale local cache

2026-03-30 23:27:13 CST | INFO     | shree.execution.components.order_coordinator:finalize_trade:174 - 💡 PnL fallback: IB reported 0 — computed from prices: BUY entry=6449.50 exit=6439.25 → pnl=$-51.25

2026-03-30 23:27:13 CST | INFO     | shree.learning.trade_learning:record_outcome:78 - 📘 Learning record written: rag_data/training/trade_outcomes/2026-03-30/d31d79140c67.json

2026-03-30 23:27:13 CST | INFO     | shree.learning.trade_learning:record_history_snapshot:101 - 📚 History snapshot stored: rag_data/history_snapshots/d31d79140c67.json

2026-03-30 23:27:13 CST | INFO     | shree.execution.live_trading_manager:_notify_position_closed:1324 - 📊 Daily P&L updated: $-51.25 → daily=$-51.25

2026-03-30 23:27:13 CST | WARNING  | shree.execution.live_trading_manager:_notify_position_closed:1332 - 📉 Consecutive losses: 1 (trigger at 3)

2026-03-30 23:27:13 CST | INFO     | shree.utils.bot_state:save_bot_state:161 - bot_state: saved — loss_count=1, realized_pnl_today=-51.25, cooldown=None

2026-03-30 23:27:13 CST | INFO     | shree.execution.live_trading_manager:_notify_position_closed:1378 - 📊 MTF Gate notified of position close: LONG LOSS (pnl=$-51.25)

2026-03-30 23:27:13 CST | INFO     | shree.execution.ib_executor:_on_order_status:1001 - 📊 Order 11563 status: Cancelled (filled=0.0, remaining=0.0, avg=0.00)

2026-03-30 23:27:13 CST | INFO     | shree.monitoring.order_tracker:update_order_status:524 - 📊 Order 11563 status: Cancelled

2026-03-30 23:28:10 CST | INFO     | shree.execution.components.trading_session_manager:start:267 - 💓 Heartbeat: waiting for 15m bar | bars=120 | price=6445.25

2026-03-30 23:30:11 CST | INFO     | shree.execution.live_trading_manager:_process_trading_cycle:1195 - 📊 Position transition detected: 1 -> 0 (bracket fill or external close)

2026-03-30 23:30:11 CST | WARNING  | shree.monitoring.order_tracker:finalize_trade_exit:263 - trade_outcomes finalize skipped: no root order for trade_cycle_id=%s (exit_reason=%s)

2026-03-30 23:30:11 CST | INFO     | shree.utils.structured_logging:log_structured_event:83 - Position transitioned to flat

2026-03-30 23:30:11 CST | INFO     | shree.execution.live_trading_manager:_notify_position_closed:1378 - 📊 MTF Gate notified of position close: LONG BRACKET_FILL (pnl=$0.00)

2026-03-30 23:30:11 CST | INFO     | shree.execution.ib_executor:get_active_order_count:2428 - 🔍 Sync: 0 active orders (0 PendingSubmit, lock=idle)

2026-03-30 23:30:11 CST | INFO     | shree.execution.components.signal_processor:process_trading_cycle:1222 - 🕐 New candle close at 23:30:00 CST

2026-03-30 23:30:11 CST | INFO     | shree.utils.structured_logging:log_structured_event:83 - Cycle start

2026-03-30 23:30:11 CST | INFO     | shree.strategies.es_fifteen_min:generate:478 - 🔁 OR reconstruction check: et_time=00:30:00 or_end=00:30:00 or_computed=False opening_bars=0

2026-03-30 23:30:11 CST | INFO     | shree.strategies.es_fifteen_min:generate:484 - 🔁 Enriched index range: 2026-03-27 15:30:00-05:00 -> 2026-03-30 23:30:00-05:00

2026-03-30 23:30:11 CST | INFO     | shree.strategies.es_fifteen_min:_compute_opening_range:1985 - 📊 OR computed: HIGH=6446.25 LOW=6442.75 (2 bars)

2026-03-30 23:30:11 CST | INFO     | shree.strategies.es_fifteen_min:_compute_opening_range:1996 - 💾 OR persisted to data/or_2026-03-31.json

2026-03-30 23:30:11 CST | INFO     | shree.strategies.es_fifteen_min:_reconstruct_or_from_history:2037 - 🔄 OR RECONSTRUCTED from 2 historical bars: HIGH=6446.25 LOW=6442.75

2026-03-30 23:30:11 CST | INFO     | shree.strategies.es_fifteen_min:generate:524 - 📌 Seeded prev_close=6445.25 from prior bar

2026-03-30 23:30:11 CST | INFO     | shree.strategies.es_fifteen_min:generate:993 - 🔍 NO_SIGNAL diag: A:low(6440.0)>touch(6436.2) | B:no_cross(c=6440.5,prev=6445.2,OR_H=6446.2) | C:close(6440.5)<=ema9(6442.9) | D:ema21(6429.8)>=ema50(6418.8) | E:ema9(6442.9)>=ema21(6429.8) | F:close(6440.5)<=ema9(6442.9) | G:outside_london(23:30:00)

2026-03-30 23:30:11 CST | INFO     | shree.execution.components.signal_processor:_generate_strategy_first_signal:438 - 📊 Strategy Signal: HOLD (conf=0.00, meta=NO_SIGNAL)

2026-03-30 23:30:11 CST | INFO     | shree.execution.ib_executor:get_active_order_count:2428 - 🔍 Sync: 0 active orders (0 PendingSubmit, lock=idle)

2026-03-30 23:30:11 CST | INFO     | shree.execution.components.signal_processor:process_trading_cycle:1438 - Skipping trade (HOLD)

2026-03-30 23:33:12 CST | INFO     | shree.execution.components.trading_session_manager:start:267 - 💓 Heartbeat: waiting for 15m bar | bars=121 | price=6440.5

2026-03-30 23:38:13 CST | INFO     | shree.execution.components.trading_session_manager:start:267 - 💓 Heartbeat: waiting for 15m bar | bars=121 | price=6440.5

2026-03-30 23:43:14 CST | INFO     | shree.execution.components.trading_session_manager:start:267 - 💓 Heartbeat: waiting for 15m bar | bars=121 | price=6440.5

2026-03-30 23:45:14 CST | INFO     | shree.execution.ib_executor:get_active_order_count:2428 - 🔍 Sync: 0 active orders (0 PendingSubmit, lock=idle)

2026-03-30 23:45:14 CST | INFO     | shree.execution.components.signal_processor:process_trading_cycle:1222 - 🕐 New candle close at 23:45:00 CST

2026-03-30 23:45:14 CST | INFO     | shree.utils.structured_logging:log_structured_event:83 - Cycle start

2026-03-30 23:45:15 CST | INFO     | shree.strategies.es_fifteen_min:generate:993 - 🔍 NO_SIGNAL diag: A:low(6440.5)>touch(6437.3) | B:no_cross(c=6441.0,prev=6440.5,OR_H=6446.2) | C:close(6441.0)<=ema9(6442.5) | D:ema21(6430.8)>=ema50(6419.7) | E:no_cross(c=6441.0,prev=6440.5,OR_L=6442.8) | F:close(6441.0)<=ema9(6442.5) | G:outside_london(23:45:00)

2026-03-30 23:45:15 CST | INFO     | shree.execution.components.signal_processor:_generate_strategy_first_signal:438 - 📊 Strategy Signal: HOLD (conf=0.00, meta=NO_SIGNAL)

2026-03-30 23:45:15 CST | INFO     | shree.execution.ib_executor:get_active_order_count:2428 - 🔍 Sync: 0 active orders (0 PendingSubmit, lock=idle)

2026-03-30 23:45:15 CST | INFO     | shree.execution.components.signal_processor:process_trading_cycle:1438 - Skipping trade (HOLD)

2026-03-30 23:48:15 CST | INFO     | shree.execution.components.trading_session_manager:start:267 - 💓 Heartbeat: waiting for 15m bar | bars=122 | price=6441.0

2026-03-30 23:53:16 CST | INFO     | shree.execution.components.trading_session_manager:start:267 - 💓 Heartbeat: waiting for 15m bar | bars=122 | price=6441.0

2026-03-30 23:58:18 CST | INFO     | shree.execution.components.trading_session_manager:start:267 - 💓 Heartbeat: waiting for 15m bar | bars=122 | price=6441.0

2026-03-31 00:00:18 CST | INFO     | shree.execution.ib_executor:get_active_order_count:2428 - 🔍 Sync: 0 active orders (0 PendingSubmit, lock=idle)

2026-03-31 00:00:18 CST | INFO     | shree.execution.components.signal_processor:process_trading_cycle:1222 - 🕐 New candle close at 00:00:00 CST

2026-03-31 00:00:18 CST | INFO     | shree.utils.structured_logging:log_structured_event:83 - Cycle start

2026-03-31 00:00:18 CST | INFO     | shree.strategies.es_fifteen_min:generate:993 - 🔍 NO_SIGNAL diag: A:bearish(c=6433.5,o=6434.0) | B:no_cross(c=6433.5,prev=6441.0,OR_H=6446.2) | C:close(6433.5)<=ema9(6440.7) | D:ema21(6431.1)>=ema50(6420.2) | E:no_cross(c=6433.5,prev=6441.0,OR_L=6442.8) | F:close(6433.5)<=ema9(6440.7) | G:outside_london(00:00:00)

2026-03-31 00:00:18 CST | INFO     | shree.execution.components.signal_processor:_generate_strategy_first_signal:438 - 📊 Strategy Signal: HOLD (conf=0.00, meta=NO_SIGNAL)

2026-03-31 00:00:18 CST | INFO     | shree.execution.ib_executor:get_active_order_count:2428 - 🔍 Sync: 0 active orders (0 PendingSubmit, lock=idle)

2026-03-31 00:00:18 CST | INFO     | shree.execution.components.signal_processor:process_trading_cycle:1438 - Skipping trade (HOLD)

2026-03-31 00:03:19 CST | INFO     | shree.execution.components.trading_session_manager:start:267 - 💓 Heartbeat: waiting for 15m bar | bars=123 | price=6433.5

2026-03-31 00:08:20 CST | INFO     | shree.execution.components.trading_session_manager:start:267 - 💓 Heartbeat: waiting for 15m bar | bars=123 | price=6433.5

2026-03-31 00:13:21 CST | INFO     | shree.execution.components.trading_session_manager:start:267 - 💓 Heartbeat: waiting for 15m bar | bars=123 | price=6433.5

2026-03-31 00:15:21 CST | INFO     | shree.execution.ib_executor:get_active_order_count:2428 - 🔍 Sync: 0 active orders (0 PendingSubmit, lock=idle)

2026-03-31 00:15:21 CST | INFO     | shree.execution.components.signal_processor:process_trading_cycle:1222 - 🕐 New candle close at 00:15:00 CST

2026-03-31 00:15:21 CST | INFO     | shree.utils.structured_logging:log_structured_event:83 - Cycle start

2026-03-31 00:15:22 CST | INFO     | shree.strategies.es_fifteen_min:generate:993 - 🔍 NO_SIGNAL diag: A:close(6423.8)<=ema21(6430.4) | B:no_cross(c=6423.8,prev=6433.5,OR_H=6446.2) | C:close(6423.8)<=ema9(6437.3) | D:ema21(6430.4)>=ema50(6420.4) | E:no_cross(c=6423.8,prev=6433.5,OR_L=6442.8) | F:adx(24)<25 | G:outside_london(00:15:00)

2026-03-31 00:15:22 CST | INFO     | shree.execution.components.signal_processor:_generate_strategy_first_signal:438 - 📊 Strategy Signal: HOLD (conf=0.00, meta=NO_SIGNAL)

2026-03-31 00:15:22 CST | INFO     | shree.execution.ib_executor:get_active_order_count:2428 - 🔍 Sync: 0 active orders (0 PendingSubmit, lock=idle)

2026-03-31 00:15:22 CST | INFO     | shree.execution.components.signal_processor:process_trading_cycle:1438 - Skipping trade (HOLD)

2026-03-31 00:18:22 CST | INFO     | shree.execution.components.trading_session_manager:start:267 - 💓 Heartbeat: waiting for 15m bar | bars=124 | price=6423.75

2026-03-31 00:23:23 CST | INFO     | shree.execution.components.trading_session_manager:start:267 - 💓 Heartbeat: waiting for 15m bar | bars=124 | price=6423.75

2026-03-31 00:28:24 CST | INFO     | shree.execution.components.trading_session_manager:start:267 - 💓 Heartbeat: waiting for 15m bar | bars=124 | price=6423.75

2026-03-31 00:30:25 CST | INFO     | shree.execution.ib_executor:get_active_order_count:2428 - 🔍 Sync: 0 active orders (0 PendingSubmit, lock=idle)

2026-03-31 00:30:25 CST | INFO     | shree.execution.components.signal_processor:process_trading_cycle:1222 - 🕐 New candle close at 00:30:00 CST

2026-03-31 00:30:25 CST | INFO     | shree.utils.structured_logging:log_structured_event:83 - Cycle start

2026-03-31 00:30:25 CST | INFO     | shree.strategies.es_fifteen_min:generate:993 - 🔍 NO_SIGNAL diag: A:bearish(c=6433.0,o=6434.0) | B:no_cross(c=6433.0,prev=6423.8,OR_H=6446.2) | C:close(6433.0)<=ema9(6436.5) | D:ema21(6430.6)>=ema50(6420.9) | E:no_cross(c=6433.0,prev=6423.8,OR_L=6442.8) | F:adx(23)<25 | G:outside_london(00:30:00)

2026-03-31 00:30:25 CST | INFO     | shree.execution.components.signal_processor:_generate_strategy_first_signal:438 - 📊 Strategy Signal: HOLD (conf=0.00, meta=NO_SIGNAL)

2026-03-31 00:30:25 CST | INFO     | shree.execution.ib_executor:get_active_order_count:2428 - 🔍 Sync: 0 active orders (0 PendingSubmit, lock=idle)

2026-03-31 00:30:25 CST | INFO     | shree.execution.components.signal_processor:process_trading_cycle:1438 - Skipping trade (HOLD)

2026-03-31 00:33:26 CST | INFO     | shree.execution.components.trading_session_manager:start:267 - 💓 Heartbeat: waiting for 15m bar | bars=125 | price=6433.0

2026-03-31 00:38:27 CST | INFO     | shree.execution.components.trading_session_manager:start:267 - 💓 Heartbeat: waiting for 15m bar | bars=125 | price=6433.0

2026-03-31 00:43:29 CST | INFO     | shree.execution.components.trading_session_manager:start:267 - 💓 Heartbeat: waiting for 15m bar | bars=125 | price=6433.0

2026-03-31 00:45:29 CST | INFO     | shree.execution.ib_executor:get_active_order_count:2428 - 🔍 Sync: 0 active orders (0 PendingSubmit, lock=idle)

2026-03-31 00:45:29 CST | INFO     | shree.execution.components.signal_processor:process_trading_cycle:1222 - 🕐 New candle close at 00:45:00 CST

2026-03-31 00:45:29 CST | INFO     | shree.utils.structured_logging:log_structured_event:83 - Cycle start

2026-03-31 00:45:29 CST | INFO     | shree.strategies.es_fifteen_min:generate:993 - 🔍 NO_SIGNAL diag: A:bearish(c=6436.8,o=6438.0) | B:no_cross(c=6436.8,prev=6433.0,OR_H=6446.2) | C:bearish(c=6436.8,o=6438.0) | D:ema21(6431.2)>=ema50(6421.5) | E:no_cross(c=6436.8,prev=6433.0,OR_L=6442.8) | F:adx(22)<25 | G:outside_london(00:45:00)

2026-03-31 00:45:29 CST | INFO     | shree.execution.components.signal_processor:_generate_strategy_first_signal:438 - 📊 Strategy Signal: HOLD (conf=0.00, meta=NO_SIGNAL)

2026-03-31 00:45:29 CST | INFO     | shree.execution.ib_executor:get_active_order_count:2428 - 🔍 Sync: 0 active orders (0 PendingSubmit, lock=idle)

2026-03-31 00:45:29 CST | INFO     | shree.execution.components.signal_processor:process_trading_cycle:1438 - Skipping trade (HOLD)

2026-03-31 00:48:30 CST | INFO     | shree.execution.components.trading_session_manager:start:267 - 💓 Heartbeat: waiting for 15m bar | bars=126 | price=6436.75

2026-03-31 00:53:31 CST | INFO     | shree.execution.components.trading_session_manager:start:267 - 💓 Heartbeat: waiting for 15m bar | bars=126 | price=6436.75

2026-03-31 00:58:33 CST | INFO     | shree.execution.components.trading_session_manager:start:267 - 💓 Heartbeat: waiting for 15m bar | bars=126 | price=6436.75

2026-03-31 01:00:33 CST | INFO     | shree.execution.ib_executor:get_active_order_count:2428 - 🔍 Sync: 0 active orders (0 PendingSubmit, lock=idle)

2026-03-31 01:00:33 CST | INFO     | shree.execution.components.signal_processor:process_trading_cycle:1222 - 🕐 New candle close at 01:00:00 CST

2026-03-31 01:00:33 CST | INFO     | shree.utils.structured_logging:log_structured_event:83 - Cycle start

2026-03-31 01:00:33 CST | INFO     | shree.strategies.es_fifteen_min:generate:993 - 🔍 NO_SIGNAL diag: A:bearish(c=6437.8,o=6438.5) | B:no_cross(c=6437.8,prev=6436.8,OR_H=6446.2) | C:bearish(c=6437.8,o=6438.5) | D:ema21(6431.8)>=ema50(6422.1) | E:no_cross(c=6437.8,prev=6436.8,OR_L=6442.8) | F:adx(21)<25 | G:outside_london(01:00:00)

2026-03-31 01:00:33 CST | INFO     | shree.execution.components.signal_processor:_generate_strategy_first_signal:438 - 📊 Strategy Signal: HOLD (conf=0.00, meta=NO_SIGNAL)

2026-03-31 01:00:33 CST | INFO     | shree.execution.ib_executor:get_active_order_count:2428 - 🔍 Sync: 0 active orders (0 PendingSubmit, lock=idle)

2026-03-31 01:00:33 CST | INFO     | shree.execution.components.signal_processor:process_trading_cycle:1438 - Skipping trade (HOLD)

2026-03-31 01:03:34 CST | INFO     | shree.execution.components.trading_session_manager:start:267 - 💓 Heartbeat: waiting for 15m bar | bars=127 | price=6437.75

2026-03-31 01:08:35 CST | INFO     | shree.execution.components.trading_session_manager:start:267 - 💓 Heartbeat: waiting for 15m bar | bars=127 | price=6437.75

2026-03-31 01:13:36 CST | INFO     | shree.execution.components.trading_session_manager:start:267 - 💓 Heartbeat: waiting for 15m bar | bars=127 | price=6437.75

2026-03-31 01:15:07 CST | INFO     | shree.execution.ib_executor:get_active_order_count:2428 - 🔍 Sync: 0 active orders (0 PendingSubmit, lock=idle)

2026-03-31 01:15:07 CST | INFO     | shree.execution.components.signal_processor:process_trading_cycle:1222 - 🕐 New candle close at 01:15:00 CST

2026-03-31 01:15:07 CST | INFO     | shree.utils.structured_logging:log_structured_event:83 - Cycle start

2026-03-31 01:15:07 CST | INFO     | shree.strategies.es_fifteen_min:generate:993 - 🔍 NO_SIGNAL diag: A:close(6430.2)<=ema21(6431.7) | B:no_cross(c=6430.2,prev=6437.8,OR_H=6446.2) | C:close(6430.2)<=ema9(6435.5) | D:ema21(6431.7)>=ema50(6422.4) | E:no_cross(c=6430.2,prev=6437.8,OR_L=6442.8) | F:adx(20)<25 | G:outside_london(01:15:00)

2026-03-31 01:15:07 CST | INFO     | shree.execution.components.signal_processor:_generate_strategy_first_signal:438 - 📊 Strategy Signal: HOLD (conf=0.00, meta=NO_SIGNAL)

2026-03-31 01:15:07 CST | INFO     | shree.execution.ib_executor:get_active_order_count:2428 - 🔍 Sync: 0 active orders (0 PendingSubmit, lock=idle)

2026-03-31 01:15:07 CST | INFO     | shree.execution.components.signal_processor:process_trading_cycle:1438 - Skipping trade (HOLD)

2026-03-31 01:18:38 CST | INFO     | shree.execution.components.trading_session_manager:start:267 - 💓 Heartbeat: waiting for 15m bar | bars=128 | price=6430.25

2026-03-31 01:23:39 CST | INFO     | shree.execution.components.trading_session_manager:start:267 - 💓 Heartbeat: waiting for 15m bar | bars=128 | price=6430.25

2026-03-31 01:28:40 CST | INFO     | shree.execution.components.trading_session_manager:start:267 - 💓 Heartbeat: waiting for 15m bar | bars=128 | price=6430.25

2026-03-31 01:30:10 CST | INFO     | shree.execution.ib_executor:get_active_order_count:2428 - 🔍 Sync: 0 active orders (0 PendingSubmit, lock=idle)

2026-03-31 01:30:10 CST | INFO     | shree.execution.components.signal_processor:process_trading_cycle:1222 - 🕐 New candle close at 01:30:00 CST

2026-03-31 01:30:10 CST | INFO     | shree.utils.structured_logging:log_structured_event:83 - Cycle start

2026-03-31 01:30:10 CST | INFO     | shree.strategies.es_fifteen_min:generate:993 - 🔍 NO_SIGNAL diag: A:macd_div(-2.70)<-0.5 | B:no_cross(c=6434.8,prev=6430.2,OR_H=6446.2) | C:close(6434.8)<=ema9(6435.3) | D:ema21(6431.9)>=ema50(6422.9) | E:no_cross(c=6434.8,prev=6430.2,OR_L=6442.8) | F:adx(19)<25 | G:outside_london(01:30:00)

2026-03-31 01:30:10 CST | INFO     | shree.execution.components.signal_processor:_generate_strategy_first_signal:438 - 📊 Strategy Signal: HOLD (conf=0.00, meta=NO_SIGNAL)

2026-03-31 01:30:10 CST | INFO     | shree.execution.ib_executor:get_active_order_count:2428 - 🔍 Sync: 0 active orders (0 PendingSubmit, lock=idle)

2026-03-31 01:30:10 CST | INFO     | shree.execution.components.signal_processor:process_trading_cycle:1438 - Skipping trade (HOLD)

2026-03-31 01:33:41 CST | INFO     | shree.execution.components.trading_session_manager:start:267 - 💓 Heartbeat: waiting for 15m bar | bars=129 | price=6434.75

2026-03-31 01:38:42 CST | INFO     | shree.execution.components.trading_session_manager:start:267 - 💓 Heartbeat: waiting for 15m bar | bars=129 | price=6434.75

2026-03-31 01:43:43 CST | INFO     | shree.execution.components.trading_session_manager:start:267 - 💓 Heartbeat: waiting for 15m bar | bars=129 | price=6434.75

2026-03-31 01:45:14 CST | INFO     | shree.execution.ib_executor:get_active_order_count:2428 - 🔍 Sync: 0 active orders (0 PendingSubmit, lock=idle)

2026-03-31 01:45:14 CST | INFO     | shree.execution.components.signal_processor:process_trading_cycle:1222 - 🕐 New candle close at 01:45:00 CST

2026-03-31 01:45:14 CST | INFO     | shree.utils.structured_logging:log_structured_event:83 - Cycle start

2026-03-31 01:45:14 CST | INFO     | shree.strategies.es_fifteen_min:generate:993 - 🔍 NO_SIGNAL diag: A:close(6428.5)<=ema21(6431.6) | B:no_cross(c=6428.5,prev=6434.8,OR_H=6446.2) | C:close(6428.5)<=ema9(6434.0) | D:ema21(6431.6)>=ema50(6423.1) | E:no_cross(c=6428.5,prev=6434.8,OR_L=6442.8) | F:adx(18)<25 | G:outside_london(01:45:00)

2026-03-31 01:45:14 CST | INFO     | shree.execution.components.signal_processor:_generate_strategy_first_signal:438 - 📊 Strategy Signal: HOLD (conf=0.00, meta=NO_SIGNAL)

2026-03-31 01:45:14 CST | INFO     | shree.execution.ib_executor:get_active_order_count:2428 - 🔍 Sync: 0 active orders (0 PendingSubmit, lock=idle)

2026-03-31 01:45:14 CST | INFO     | shree.execution.components.signal_processor:process_trading_cycle:1438 - Skipping trade (HOLD)

2026-03-31 01:48:44 CST | INFO     | shree.execution.components.trading_session_manager:start:267 - 💓 Heartbeat: waiting for 15m bar | bars=130 | price=6428.5

2026-03-31 01:53:46 CST | INFO     | shree.execution.components.trading_session_manager:start:267 - 💓 Heartbeat: waiting for 15m bar | bars=130 | price=6428.5

2026-03-31 01:58:47 CST | INFO     | shree.execution.components.trading_session_manager:start:267 - 💓 Heartbeat: waiting for 15m bar | bars=130 | price=6428.5

2026-03-31 02:00:17 CST | INFO     | shree.execution.ib_executor:get_active_order_count:2428 - 🔍 Sync: 0 active orders (0 PendingSubmit, lock=idle)

2026-03-31 02:00:17 CST | INFO     | shree.execution.components.signal_processor:process_trading_cycle:1222 - 🕐 New candle close at 02:00:00 CST

2026-03-31 02:00:17 CST | INFO     | shree.utils.structured_logging:log_structured_event:83 - Cycle start

2026-03-31 02:00:17 CST | INFO     | shree.strategies.es_fifteen_min:generate:993 - 🔍 NO_SIGNAL diag: A:bearish(c=6432.2,o=6433.2) | B:no_cross(c=6432.2,prev=6428.5,OR_H=6446.2) | C:close(6432.2)<=ema9(6433.6) | D:ema21(6431.7)>=ema50(6423.5) | E:no_cross(c=6432.2,prev=6428.5,OR_L=6442.8) | F:adx(17)<25 | G:no_cross(e9=6433.6,e21=6431.7,pe9=6434.0,pe21=6431.6)

2026-03-31 02:00:17 CST | INFO     | shree.execution.components.signal_processor:_generate_strategy_first_signal:438 - 📊 Strategy Signal: HOLD (conf=0.00, meta=NO_SIGNAL)

2026-03-31 02:00:17 CST | INFO     | shree.execution.ib_executor:get_active_order_count:2428 - 🔍 Sync: 0 active orders (0 PendingSubmit, lock=idle)

2026-03-31 02:00:17 CST | INFO     | shree.execution.components.signal_processor:process_trading_cycle:1438 - Skipping trade (HOLD)

2026-03-31 02:03:48 CST | INFO     | shree.execution.components.trading_session_manager:start:267 - 💓 Heartbeat: waiting for 15m bar | bars=131 | price=6432.25

2026-03-31 02:08:49 CST | INFO     | shree.execution.components.trading_session_manager:start:267 - 💓 Heartbeat: waiting for 15m bar | bars=131 | price=6432.25

2026-03-31 02:13:50 CST | INFO     | shree.execution.components.trading_session_manager:start:267 - 💓 Heartbeat: waiting for 15m bar | bars=131 | price=6432.25

2026-03-31 02:15:20 CST | INFO     | shree.execution.ib_executor:get_active_order_count:2428 - 🔍 Sync: 0 active orders (0 PendingSubmit, lock=idle)

2026-03-31 02:15:20 CST | INFO     | shree.execution.components.signal_processor:process_trading_cycle:1222 - 🕐 New candle close at 02:15:00 CST

2026-03-31 02:15:20 CST | INFO     | shree.utils.structured_logging:log_structured_event:83 - Cycle start

2026-03-31 02:15:20 CST | INFO     | shree.strategies.es_fifteen_min:generate:993 - 🔍 NO_SIGNAL diag: A:close(6426.8)<=ema21(6431.2) | B:no_cross(c=6426.8,prev=6432.2,OR_H=6446.2) | C:close(6426.8)<=ema9(6432.2) | D:ema21(6431.2)>=ema50(6423.6) | E:no_cross(c=6426.8,prev=6432.2,OR_L=6442.8) | F:adx(16)<25 | G:no_cross(e9=6432.2,e21=6431.2,pe9=6433.6,pe21=6431.7)

2026-03-31 02:15:20 CST | INFO     | shree.execution.components.signal_processor:_generate_strategy_first_signal:438 - 📊 Strategy Signal: HOLD (conf=0.00, meta=NO_SIGNAL)

2026-03-31 02:15:20 CST | INFO     | shree.execution.ib_executor:get_active_order_count:2428 - 🔍 Sync: 0 active orders (0 PendingSubmit, lock=idle)

2026-03-31 02:15:20 CST | INFO     | shree.execution.components.signal_processor:process_trading_cycle:1438 - Skipping trade (HOLD)

2026-03-31 02:18:52 CST | INFO     | shree.execution.components.trading_session_manager:start:267 - 💓 Heartbeat: waiting for 15m bar | bars=132 | price=6426.75

2026-03-31 02:23:53 CST | INFO     | shree.execution.components.trading_session_manager:start:267 - 💓 Heartbeat: waiting for 15m bar | bars=132 | price=6426.75

2026-03-31 02:28:54 CST | INFO     | shree.execution.components.trading_session_manager:start:267 - 💓 Heartbeat: waiting for 15m bar | bars=132 | price=6426.75

2026-03-31 02:30:24 CST | INFO     | shree.execution.ib_executor:get_active_order_count:2428 - 🔍 Sync: 0 active orders (0 PendingSubmit, lock=idle)

2026-03-31 02:30:24 CST | INFO     | shree.execution.components.signal_processor:process_trading_cycle:1222 - 🕐 New candle close at 02:30:00 CST

2026-03-31 02:30:24 CST | INFO     | shree.utils.structured_logging:log_structured_event:83 - Cycle start

2026-03-31 02:30:24 CST | INFO     | shree.strategies.es_fifteen_min:generate:993 - 🔍 NO_SIGNAL diag: A:adx(16)out[18.0-45.0] | B:no_cross(c=6432.5,prev=6426.8,OR_H=6446.2) | C:adx(16)out[22-45.0] | D:ema21(6431.3)>=ema50(6424.0) | E:no_cross(c=6432.5,prev=6426.8,OR_L=6442.8) | F:adx(16)<25 | G:no_cross(e9=6432.3,e21=6431.3,pe9=6432.2,pe21=6431.2)

2026-03-31 02:30:24 CST | INFO     | shree.execution.components.signal_processor:_generate_strategy_first_signal:438 - 📊 Strategy Signal: HOLD (conf=0.00, meta=NO_SIGNAL)

2026-03-31 02:30:24 CST | INFO     | shree.execution.ib_executor:get_active_order_count:2428 - 🔍 Sync: 0 active orders (0 PendingSubmit, lock=idle)

2026-03-31 02:30:24 CST | INFO     | shree.execution.components.signal_processor:process_trading_cycle:1438 - Skipping trade (HOLD)

2026-03-31 02:33:55 CST | INFO     | shree.execution.components.trading_session_manager:start:267 - 💓 Heartbeat: waiting for 15m bar | bars=133 | price=6432.5

2026-03-31 02:38:56 CST | INFO     | shree.execution.components.trading_session_manager:start:267 - 💓 Heartbeat: waiting for 15m bar | bars=133 | price=6432.5

2026-03-31 02:43:57 CST | INFO     | shree.execution.components.trading_session_manager:start:267 - 💓 Heartbeat: waiting for 15m bar | bars=133 | price=6432.5

2026-03-31 02:45:28 CST | INFO     | shree.execution.ib_executor:get_active_order_count:2428 - 🔍 Sync: 0 active orders (0 PendingSubmit, lock=idle)

2026-03-31 02:45:28 CST | INFO     | shree.execution.components.signal_processor:process_trading_cycle:1222 - 🕐 New candle close at 02:45:00 CST

2026-03-31 02:45:28 CST | INFO     | shree.utils.structured_logging:log_structured_event:83 - Cycle start

2026-03-31 02:45:28 CST | INFO     | shree.strategies.es_fifteen_min:generate:993 - 🔍 NO_SIGNAL diag: A:low(6446.5)>touch(6439.3) | B:adx(17)<18.0 | C:low(6446.5)>touch(6445.0) | D:ema21(6432.8)>=ema50(6424.9) | E:no_cross(c=6447.8,prev=6432.5,OR_L=6442.8) | F:adx(17)<25 | G:no_cross(e9=6435.4,e21=6432.8,pe9=6432.3,pe21=6431.3)

2026-03-31 02:45:28 CST | INFO     | shree.execution.components.signal_processor:_generate_strategy_first_signal:438 - 📊 Strategy Signal: HOLD (conf=0.00, meta=NO_SIGNAL)

2026-03-31 02:45:28 CST | INFO     | shree.execution.ib_executor:get_active_order_count:2428 - 🔍 Sync: 0 active orders (0 PendingSubmit, lock=idle)

2026-03-31 02:45:28 CST | INFO     | shree.execution.components.signal_processor:process_trading_cycle:1438 - Skipping trade (HOLD)

2026-03-31 02:48:59 CST | INFO     | shree.execution.components.trading_session_manager:start:267 - 💓 Heartbeat: waiting for 15m bar | bars=134 | price=6447.75

2026-03-31 02:54:00 CST | INFO     | shree.execution.components.trading_session_manager:start:267 - 💓 Heartbeat: waiting for 15m bar | bars=134 | price=6447.75

2026-03-31 02:59:01 CST | INFO     | shree.execution.components.trading_session_manager:start:267 - 💓 Heartbeat: waiting for 15m bar | bars=134 | price=6447.75

2026-03-31 03:00:31 CST | INFO     | shree.execution.ib_executor:get_active_order_count:2428 - 🔍 Sync: 0 active orders (0 PendingSubmit, lock=idle)

2026-03-31 03:00:31 CST | INFO     | shree.execution.components.signal_processor:process_trading_cycle:1222 - 🕐 New candle close at 03:00:00 CST

2026-03-31 03:00:31 CST | INFO     | shree.utils.structured_logging:log_structured_event:83 - Cycle start

2026-03-31 03:00:31 CST | INFO     | shree.strategies.es_fifteen_min:generate:993 - 🔍 NO_SIGNAL diag: A:low(6451.2)>touch(6441.1) | B:no_cross(c=6452.5,prev=6447.8,OR_H=6446.2) | C:low(6451.2)>touch(6448.5) | D:ema21(6434.6)>=ema50(6426.0) | E:no_cross(c=6452.5,prev=6447.8,OR_L=6442.8) | F:adx(18)<25 | G:no_cross(e9=6438.8,e21=6434.6,pe9=6435.4,pe21=6432.8)

2026-03-31 03:00:31 CST | INFO     | shree.execution.components.signal_processor:_generate_strategy_first_signal:438 - 📊 Strategy Signal: HOLD (conf=0.00, meta=NO_SIGNAL)

2026-03-31 03:00:31 CST | INFO     | shree.execution.ib_executor:get_active_order_count:2428 - 🔍 Sync: 0 active orders (0 PendingSubmit, lock=idle)

2026-03-31 03:00:31 CST | INFO     | shree.execution.components.signal_processor:process_trading_cycle:1438 - Skipping trade (HOLD)

2026-03-31 03:04:02 CST | INFO     | shree.execution.components.trading_session_manager:start:267 - 💓 Heartbeat: waiting for 15m bar | bars=135 | price=6452.5

2026-03-31 03:09:03 CST | INFO     | shree.execution.components.trading_session_manager:start:267 - 💓 Heartbeat: waiting for 15m bar | bars=135 | price=6452.5

2026-03-31 03:14:04 CST | INFO     | shree.execution.components.trading_session_manager:start:267 - 💓 Heartbeat: waiting for 15m bar | bars=135 | price=6452.5

2026-03-31 03:15:35 CST | INFO     | shree.execution.ib_executor:get_active_order_count:2428 - 🔍 Sync: 0 active orders (0 PendingSubmit, lock=idle)

2026-03-31 03:15:35 CST | INFO     | shree.execution.components.signal_processor:process_trading_cycle:1222 - 🕐 New candle close at 03:15:00 CST

2026-03-31 03:15:35 CST | INFO     | shree.utils.structured_logging:log_structured_event:83 - Cycle start

2026-03-31 03:15:35 CST | INFO     | shree.strategies.es_fifteen_min:generate:993 - 🔍 NO_SIGNAL diag: A:low(6444.5)>touch(6442.1) | B:no_cross(c=6446.0,prev=6452.5,OR_H=6446.2) | C:adx(18)out[22-45.0] | D:ema21(6435.7)>=ema50(6426.8) | E:no_cross(c=6446.0,prev=6452.5,OR_L=6442.8) | F:adx(18)<25 | G:no_cross(e9=6440.2,e21=6435.7,pe9=6438.8,pe21=6434.6)

2026-03-31 03:15:35 CST | INFO     | shree.execution.components.signal_processor:_generate_strategy_first_signal:438 - 📊 Strategy Signal: HOLD (conf=0.00, meta=NO_SIGNAL)

2026-03-31 03:15:35 CST | INFO     | shree.execution.ib_executor:get_active_order_count:2428 - 🔍 Sync: 0 active orders (0 PendingSubmit, lock=idle)

2026-03-31 03:15:35 CST | INFO     | shree.execution.components.signal_processor:process_trading_cycle:1438 - Skipping trade (HOLD)

2026-03-31 03:19:06 CST | INFO     | shree.execution.components.trading_session_manager:start:267 - 💓 Heartbeat: waiting for 15m bar | bars=136 | price=6446.0

2026-03-31 03:24:07 CST | INFO     | shree.execution.components.trading_session_manager:start:267 - 💓 Heartbeat: waiting for 15m bar | bars=136 | price=6446.0

2026-03-31 03:29:08 CST | INFO     | shree.execution.components.trading_session_manager:start:267 - 💓 Heartbeat: waiting for 15m bar | bars=136 | price=6446.0

2026-03-31 03:30:08 CST | INFO     | shree.execution.ib_executor:get_active_order_count:2428 - 🔍 Sync: 0 active orders (0 PendingSubmit, lock=idle)

2026-03-31 03:30:08 CST | INFO     | shree.execution.components.signal_processor:process_trading_cycle:1222 - 🕐 New candle close at 03:30:00 CST

2026-03-31 03:30:08 CST | INFO     | shree.utils.structured_logging:log_structured_event:83 - Cycle start

2026-03-31 03:30:08 CST | INFO     | shree.strategies.es_fifteen_min:generate:993 - 🔍 NO_SIGNAL diag: A:bearish(c=6443.0,o=6443.5) | B:no_cross(c=6443.0,prev=6446.0,OR_H=6446.2) | C:bearish(c=6443.0,o=6443.5) | D:ema21(6436.3)>=ema50(6427.4) | E:no_cross(c=6443.0,prev=6446.0,OR_L=6442.8) | F:adx(18)<25 | G:no_cross(e9=6440.8,e21=6436.3,pe9=6440.2,pe21=6435.7)

2026-03-31 03:30:08 CST | INFO     | shree.execution.components.signal_processor:_generate_strategy_first_signal:438 - 📊 Strategy Signal: HOLD (conf=0.00, meta=NO_SIGNAL)

2026-03-31 03:30:08 CST | INFO     | shree.execution.ib_executor:get_active_order_count:2428 - 🔍 Sync: 0 active orders (0 PendingSubmit, lock=idle)

2026-03-31 03:30:08 CST | INFO     | shree.execution.components.signal_processor:process_trading_cycle:1438 - Skipping trade (HOLD)

2026-03-31 03:34:09 CST | INFO     | shree.execution.components.trading_session_manager:start:267 - 💓 Heartbeat: waiting for 15m bar | bars=137 | price=6443.0

2026-03-31 03:39:10 CST | INFO     | shree.execution.components.trading_session_manager:start:267 - 💓 Heartbeat: waiting for 15m bar | bars=137 | price=6443.0

2026-03-31 03:44:11 CST | INFO     | shree.execution.components.trading_session_manager:start:267 - 💓 Heartbeat: waiting for 15m bar | bars=137 | price=6443.0

2026-03-31 03:45:11 CST | INFO     | shree.execution.ib_executor:get_active_order_count:2428 - 🔍 Sync: 0 active orders (0 PendingSubmit, lock=idle)

2026-03-31 03:45:11 CST | INFO     | shree.execution.components.signal_processor:process_trading_cycle:1222 - 🕐 New candle close at 03:45:00 CST

2026-03-31 03:45:11 CST | INFO     | shree.utils.structured_logging:log_structured_event:83 - Cycle start

2026-03-31 03:45:11 CST | INFO     | shree.strategies.es_fifteen_min:generate:993 - 🔍 NO_SIGNAL diag: A:bearish(c=6440.2,o=6440.5) | B:no_cross(c=6440.2,prev=6443.0,OR_H=6446.2) | C:close(6440.2)<=ema9(6440.7) | D:ema21(6436.7)>=ema50(6427.9) | E:ema9(6440.7)>=ema21(6436.7) | F:adx(18)<25 | G:no_cross(e9=6440.7,e21=6436.7,pe9=6440.8,pe21=6436.3)

2026-03-31 03:45:11 CST | INFO     | shree.execution.components.signal_processor:_generate_strategy_first_signal:438 - 📊 Strategy Signal: HOLD (conf=0.00, meta=NO_SIGNAL)

2026-03-31 03:45:11 CST | INFO     | shree.execution.ib_executor:get_active_order_count:2428 - 🔍 Sync: 0 active orders (0 PendingSubmit, lock=idle)

2026-03-31 03:45:11 CST | INFO     | shree.execution.components.signal_processor:process_trading_cycle:1438 - Skipping trade (HOLD)

2026-03-31 03:49:12 CST | INFO     | shree.execution.components.trading_session_manager:start:267 - 💓 Heartbeat: waiting for 15m bar | bars=138 | price=6440.25

2026-03-31 03:54:13 CST | INFO     | shree.execution.components.trading_session_manager:start:267 - 💓 Heartbeat: waiting for 15m bar | bars=138 | price=6440.25

2026-03-31 03:59:15 CST | INFO     | shree.execution.components.trading_session_manager:start:267 - 💓 Heartbeat: waiting for 15m bar | bars=138 | price=6440.25

2026-03-31 04:00:15 CST | INFO     | shree.execution.ib_executor:get_active_order_count:2428 - 🔍 Sync: 0 active orders (0 PendingSubmit, lock=idle)

2026-03-31 04:00:15 CST | INFO     | shree.execution.components.signal_processor:process_trading_cycle:1222 - 🕐 New candle close at 04:00:00 CST

2026-03-31 04:00:15 CST | INFO     | shree.utils.structured_logging:log_structured_event:83 - Cycle start

2026-03-31 04:00:15 CST | INFO     | shree.strategies.es_fifteen_min:generate:993 - 🔍 NO_SIGNAL diag: A:bearish(c=6440.2,o=6440.5) | B:no_cross(c=6440.2,prev=6440.2,OR_H=6446.2) | C:close(6440.2)<=ema9(6440.6) | D:ema21(6437.0)>=ema50(6428.4) | E:no_cross(c=6440.2,prev=6440.2,OR_L=6442.8) | F:adx(18)<25 | G:no_cross(e9=6440.6,e21=6437.0,pe9=6440.7,pe21=6436.7)

2026-03-31 04:00:15 CST | INFO     | shree.execution.components.signal_processor:_generate_strategy_first_signal:438 - 📊 Strategy Signal: HOLD (conf=0.00, meta=NO_SIGNAL)

2026-03-31 04:00:15 CST | INFO     | shree.execution.ib_executor:get_active_order_count:2428 - 🔍 Sync: 0 active orders (0 PendingSubmit, lock=idle)

2026-03-31 04:00:15 CST | INFO     | shree.execution.components.signal_processor:process_trading_cycle:1438 - Skipping trade (HOLD)

2026-03-31 04:04:16 CST | INFO     | shree.execution.components.trading_session_manager:start:267 - 💓 Heartbeat: waiting for 15m bar | bars=139 | price=6440.25

2026-03-31 04:09:17 CST | INFO     | shree.execution.components.trading_session_manager:start:267 - 💓 Heartbeat: waiting for 15m bar | bars=139 | price=6440.25

2026-03-31 04:14:18 CST | INFO     | shree.execution.components.trading_session_manager:start:267 - 💓 Heartbeat: waiting for 15m bar | bars=139 | price=6440.25

2026-03-31 04:15:18 CST | INFO     | shree.execution.ib_executor:get_active_order_count:2428 - 🔍 Sync: 0 active orders (0 PendingSubmit, lock=idle)

2026-03-31 04:15:18 CST | INFO     | shree.execution.components.signal_processor:process_trading_cycle:1222 - 🕐 New candle close at 04:15:00 CST

2026-03-31 04:15:18 CST | INFO     | shree.utils.structured_logging:log_structured_event:83 - Cycle start

2026-03-31 04:15:18 CST | INFO     | shree.strategies.es_fifteen_min:generate:993 - 🔍 NO_SIGNAL diag: A:low(6445.0)>touch(6444.2) | B:no_cross(c=6445.8,prev=6440.2,OR_H=6446.2) | C:adx(18)out[22-45.0] | D:ema21(6437.8)>=ema50(6429.1) | E:no_cross(c=6445.8,prev=6440.2,OR_L=6442.8) | F:adx(18)<25 | G:no_cross(e9=6441.6,e21=6437.8,pe9=6440.6,pe21=6437.0)

2026-03-31 04:15:18 CST | INFO     | shree.execution.components.signal_processor:_generate_strategy_first_signal:438 - 📊 Strategy Signal: HOLD (conf=0.00, meta=NO_SIGNAL)

2026-03-31 04:15:18 CST | INFO     | shree.execution.ib_executor:get_active_order_count:2428 - 🔍 Sync: 0 active orders (0 PendingSubmit, lock=idle)

2026-03-31 04:15:18 CST | INFO     | shree.execution.components.signal_processor:process_trading_cycle:1438 - Skipping trade (HOLD)

2026-03-31 04:19:19 CST | INFO     | shree.execution.components.trading_session_manager:start:267 - 💓 Heartbeat: waiting for 15m bar | bars=140 | price=6445.75

2026-03-31 04:24:20 CST | INFO     | shree.execution.components.trading_session_manager:start:267 - 💓 Heartbeat: waiting for 15m bar | bars=140 | price=6445.75

2026-03-31 04:29:21 CST | INFO     | shree.execution.components.trading_session_manager:start:267 - 💓 Heartbeat: waiting for 15m bar | bars=140 | price=6445.75

2026-03-31 04:30:21 CST | INFO     | shree.execution.ib_executor:get_active_order_count:2428 - 🔍 Sync: 0 active orders (0 PendingSubmit, lock=idle)

2026-03-31 04:30:21 CST | INFO     | shree.execution.components.signal_processor:process_trading_cycle:1222 - 🕐 New candle close at 04:30:00 CST

2026-03-31 04:30:21 CST | INFO     | shree.utils.structured_logging:log_structured_event:83 - Cycle start

2026-03-31 04:30:22 CST | INFO     | shree.strategies.es_fifteen_min:generate:993 - 🔍 NO_SIGNAL diag: A:bearish(c=6441.2,o=6442.2) | B:no_cross(c=6441.2,prev=6445.8,OR_H=6446.2) | C:close(6441.2)<=ema9(6441.6) | D:ema21(6438.1)>=ema50(6429.6) | E:ema9(6441.6)>=ema21(6438.1) | F:adx(17)<25 | G:no_cross(e9=6441.6,e21=6438.1,pe9=6441.6,pe21=6437.8)

2026-03-31 04:30:22 CST | INFO     | shree.execution.components.signal_processor:_generate_strategy_first_signal:438 - 📊 Strategy Signal: HOLD (conf=0.00, meta=NO_SIGNAL)

2026-03-31 04:30:22 CST | INFO     | shree.execution.ib_executor:get_active_order_count:2428 - 🔍 Sync: 0 active orders (0 PendingSubmit, lock=idle)

2026-03-31 04:30:22 CST | INFO     | shree.execution.components.signal_processor:process_trading_cycle:1438 - Skipping trade (HOLD)

2026-03-31 04:34:22 CST | INFO     | shree.execution.components.trading_session_manager:start:267 - 💓 Heartbeat: waiting for 15m bar | bars=141 | price=6441.25

2026-03-31 04:39:24 CST | INFO     | shree.execution.components.trading_session_manager:start:267 - 💓 Heartbeat: waiting for 15m bar | bars=141 | price=6441.25

2026-03-31 04:44:25 CST | INFO     | shree.execution.components.trading_session_manager:start:267 - 💓 Heartbeat: waiting for 15m bar | bars=141 | price=6441.25

2026-03-31 04:45:25 CST | INFO     | shree.execution.ib_executor:get_active_order_count:2428 - 🔍 Sync: 0 active orders (0 PendingSubmit, lock=idle)

2026-03-31 04:45:25 CST | INFO     | shree.execution.components.signal_processor:process_trading_cycle:1222 - 🕐 New candle close at 04:45:00 CST

2026-03-31 04:45:25 CST | INFO     | shree.utils.structured_logging:log_structured_event:83 - Cycle start

2026-03-31 04:45:25 CST | INFO     | shree.strategies.es_fifteen_min:generate:993 - 🔍 NO_SIGNAL diag: A:bearish(c=6441.0,o=6442.2) | B:no_cross(c=6441.0,prev=6441.2,OR_H=6446.2) | C:close(6441.0)<=ema9(6441.4) | D:ema21(6438.4)>=ema50(6430.0) | E:no_cross(c=6441.0,prev=6441.2,OR_L=6442.8) | F:adx(17)<25 | G:no_cross(e9=6441.4,e21=6438.4,pe9=6441.6,pe21=6438.1)

2026-03-31 04:45:25 CST | INFO     | shree.execution.components.signal_processor:_generate_strategy_first_signal:438 - 📊 Strategy Signal: HOLD (conf=0.00, meta=NO_SIGNAL)

2026-03-31 04:45:25 CST | INFO     | shree.execution.ib_executor:get_active_order_count:2428 - 🔍 Sync: 0 active orders (0 PendingSubmit, lock=idle)

2026-03-31 04:45:25 CST | INFO     | shree.execution.components.signal_processor:process_trading_cycle:1438 - Skipping trade (HOLD)

2026-03-31 04:49:26 CST | INFO     | shree.execution.components.trading_session_manager:start:267 - 💓 Heartbeat: waiting for 15m bar | bars=142 | price=6441.0

2026-03-31 04:54:27 CST | INFO     | shree.execution.components.trading_session_manager:start:267 - 💓 Heartbeat: waiting for 15m bar | bars=142 | price=6441.0

2026-03-31 04:59:28 CST | INFO     | shree.execution.components.trading_session_manager:start:267 - 💓 Heartbeat: waiting for 15m bar | bars=142 | price=6441.0

2026-03-31 05:00:28 CST | INFO     | shree.execution.ib_executor:get_active_order_count:2428 - 🔍 Sync: 0 active orders (0 PendingSubmit, lock=idle)

2026-03-31 05:00:28 CST | INFO     | shree.execution.components.signal_processor:process_trading_cycle:1222 - 🕐 New candle close at 05:00:00 CST

2026-03-31 05:00:28 CST | INFO     | shree.utils.structured_logging:log_structured_event:83 - Cycle start

2026-03-31 05:00:28 CST | INFO     | shree.strategies.es_fifteen_min:generate:993 - 🔍 NO_SIGNAL diag: A:adx(17)out[18.0-45.0] | B:no_cross(c=6442.2,prev=6441.0,OR_H=6446.2) | C:adx(17)out[22-45.0] | D:ema21(6438.7)>=ema50(6430.5) | E:no_cross(c=6442.2,prev=6441.0,OR_L=6442.8) | F:adx(17)<25 | G:outside_london(05:00:00)

2026-03-31 05:00:28 CST | INFO     | shree.execution.components.signal_processor:_generate_strategy_first_signal:438 - 📊 Strategy Signal: HOLD (conf=0.00, meta=NO_SIGNAL)

2026-03-31 05:00:28 CST | INFO     | shree.execution.ib_executor:get_active_order_count:2428 - 🔍 Sync: 0 active orders (0 PendingSubmit, lock=idle)

2026-03-31 05:00:28 CST | INFO     | shree.execution.components.signal_processor:process_trading_cycle:1438 - Skipping trade (HOLD)

2026-03-31 05:04:29 CST | INFO     | shree.execution.components.trading_session_manager:start:267 - 💓 Heartbeat: waiting for 15m bar | bars=143 | price=6442.25

2026-03-31 05:09:30 CST | INFO     | shree.execution.components.trading_session_manager:start:267 - 💓 Heartbeat: waiting for 15m bar | bars=143 | price=6442.25

2026-03-31 05:14:32 CST | INFO     | shree.execution.components.trading_session_manager:start:267 - 💓 Heartbeat: waiting for 15m bar | bars=143 | price=6442.25

2026-03-31 05:15:32 CST | INFO     | shree.execution.ib_executor:get_active_order_count:2428 - 🔍 Sync: 0 active orders (0 PendingSubmit, lock=idle)

2026-03-31 05:15:32 CST | INFO     | shree.execution.components.signal_processor:process_trading_cycle:1222 - 🕐 New candle close at 05:15:00 CST

2026-03-31 05:15:32 CST | INFO     | shree.utils.structured_logging:log_structured_event:83 - Cycle start

2026-03-31 05:15:32 CST | INFO     | shree.strategies.es_fifteen_min:generate:993 - 🔍 NO_SIGNAL diag: A:bearish(c=6439.2,o=6442.0) | B:no_cross(c=6439.2,prev=6442.2,OR_H=6446.2) | C:close(6439.2)<=ema9(6441.1) | D:ema21(6438.8)>=ema50(6430.8) | E:no_cross(c=6439.2,prev=6442.2,OR_L=6442.8) | F:adx(16)<25 | G:outside_london(05:15:00)

2026-03-31 05:15:32 CST | INFO     | shree.execution.components.signal_processor:_generate_strategy_first_signal:438 - 📊 Strategy Signal: HOLD (conf=0.00, meta=NO_SIGNAL)

2026-03-31 05:15:32 CST | INFO     | shree.execution.ib_executor:get_active_order_count:2428 - 🔍 Sync: 0 active orders (0 PendingSubmit, lock=idle)

2026-03-31 05:15:32 CST | INFO     | shree.execution.components.signal_processor:process_trading_cycle:1438 - Skipping trade (HOLD)

2026-03-31 05:19:33 CST | INFO     | shree.execution.components.trading_session_manager:start:267 - 💓 Heartbeat: waiting for 15m bar | bars=144 | price=6439.25

2026-03-31 05:24:34 CST | INFO     | shree.execution.components.trading_session_manager:start:267 - 💓 Heartbeat: waiting for 15m bar | bars=144 | price=6439.25

2026-03-31 05:29:35 CST | INFO     | shree.execution.components.trading_session_manager:start:267 - 💓 Heartbeat: waiting for 15m bar | bars=144 | price=6439.25

2026-03-31 05:30:35 CST | INFO     | shree.execution.ib_executor:get_active_order_count:2428 - 🔍 Sync: 0 active orders (0 PendingSubmit, lock=idle)

2026-03-31 05:30:35 CST | INFO     | shree.execution.components.signal_processor:process_trading_cycle:1222 - 🕐 New candle close at 05:30:00 CST

2026-03-31 05:30:35 CST | INFO     | shree.utils.structured_logging:log_structured_event:83 - Cycle start

2026-03-31 05:30:35 CST | INFO     | shree.strategies.es_fifteen_min:generate:993 - 🔍 NO_SIGNAL diag: A:bearish(c=6440.5,o=6441.2) | B:no_cross(c=6440.5,prev=6439.2,OR_H=6446.2) | C:close(6440.5)<=ema9(6441.0) | D:ema21(6438.9)>=ema50(6431.2) | E:no_cross(c=6440.5,prev=6439.2,OR_L=6442.8) | F:adx(15)<25 | G:outside_london(05:30:00)

2026-03-31 05:30:35 CST | INFO     | shree.execution.components.signal_processor:_generate_strategy_first_signal:438 - 📊 Strategy Signal: HOLD (conf=0.00, meta=NO_SIGNAL)

2026-03-31 05:30:35 CST | INFO     | shree.execution.ib_executor:get_active_order_count:2428 - 🔍 Sync: 0 active orders (0 PendingSubmit, lock=idle)

2026-03-31 05:30:35 CST | INFO     | shree.execution.components.signal_processor:process_trading_cycle:1438 - Skipping trade (HOLD)

2026-03-31 05:34:36 CST | INFO     | shree.execution.components.trading_session_manager:start:267 - 💓 Heartbeat: waiting for 15m bar | bars=145 | price=6440.5

2026-03-31 05:39:37 CST | INFO     | shree.execution.components.trading_session_manager:start:267 - 💓 Heartbeat: waiting for 15m bar | bars=145 | price=6440.5

2026-03-31 05:44:39 CST | INFO     | shree.execution.components.trading_session_manager:start:267 - 💓 Heartbeat: waiting for 15m bar | bars=145 | price=6440.5

2026-03-31 05:45:09 CST | INFO     | shree.execution.ib_executor:get_active_order_count:2428 - 🔍 Sync: 0 active orders (0 PendingSubmit, lock=idle)

2026-03-31 05:45:09 CST | INFO     | shree.execution.components.signal_processor:process_trading_cycle:1222 - 🕐 New candle close at 05:45:00 CST

2026-03-31 05:45:09 CST | INFO     | shree.utils.structured_logging:log_structured_event:83 - Cycle start

2026-03-31 05:45:09 CST | INFO     | shree.strategies.es_fifteen_min:generate:993 - 🔍 NO_SIGNAL diag: A:close(6425.8)<=ema21(6437.7) | B:no_cross(c=6425.8,prev=6440.5,OR_H=6446.2) | C:close(6425.8)<=ema9(6438.0) | D:ema21(6437.7)>=ema50(6431.0) | E:no_cross(c=6425.8,prev=6440.5,OR_L=6442.8) | F:adx(15)<25 | G:outside_london(05:45:00)

2026-03-31 05:45:09 CST | INFO     | shree.execution.components.signal_processor:_generate_strategy_first_signal:438 - 📊 Strategy Signal: HOLD (conf=0.00, meta=NO_SIGNAL)

2026-03-31 05:45:09 CST | INFO     | shree.execution.ib_executor:get_active_order_count:2428 - 🔍 Sync: 0 active orders (0 PendingSubmit, lock=idle)

2026-03-31 05:45:09 CST | INFO     | shree.execution.components.signal_processor:process_trading_cycle:1438 - Skipping trade (HOLD)

2026-03-31 05:49:40 CST | INFO     | shree.execution.components.trading_session_manager:start:267 - 💓 Heartbeat: waiting for 15m bar | bars=146 | price=6425.75

2026-03-31 05:54:41 CST | INFO     | shree.execution.components.trading_session_manager:start:267 - 💓 Heartbeat: waiting for 15m bar | bars=146 | price=6425.75

2026-03-31 05:59:42 CST | INFO     | shree.execution.components.trading_session_manager:start:267 - 💓 Heartbeat: waiting for 15m bar | bars=146 | price=6425.75

2026-03-31 06:00:12 CST | INFO     | shree.execution.ib_executor:get_active_order_count:2428 - 🔍 Sync: 0 active orders (0 PendingSubmit, lock=idle)

2026-03-31 06:00:12 CST | INFO     | shree.execution.components.signal_processor:process_trading_cycle:1222 - 🕐 New candle close at 06:00:00 CST

2026-03-31 06:00:12 CST | INFO     | shree.utils.structured_logging:log_structured_event:83 - Cycle start

2026-03-31 06:00:12 CST | INFO     | shree.strategies.es_fifteen_min:generate:993 - 🔍 NO_SIGNAL diag: A:close(6436.2)<=ema21(6437.6) | B:no_cross(c=6436.2,prev=6425.8,OR_H=6446.2) | C:close(6436.2)<=ema9(6437.6) | D:ema21(6437.6)>=ema50(6431.2) | E:no_cross(c=6436.2,prev=6425.8,OR_L=6442.8) | F:adx(14)<25 | G:outside_london(06:00:00)

2026-03-31 06:00:12 CST | INFO     | shree.execution.components.signal_processor:_generate_strategy_first_signal:438 - 📊 Strategy Signal: HOLD (conf=0.00, meta=NO_SIGNAL)

2026-03-31 06:00:12 CST | INFO     | shree.execution.ib_executor:get_active_order_count:2428 - 🔍 Sync: 0 active orders (0 PendingSubmit, lock=idle)

2026-03-31 06:00:12 CST | INFO     | shree.execution.components.signal_processor:process_trading_cycle:1438 - Skipping trade (HOLD)

2026-03-31 06:04:43 CST | INFO     | shree.execution.components.trading_session_manager:start:267 - 💓 Heartbeat: waiting for 15m bar | bars=147 | price=6436.25

2026-03-31 06:09:45 CST | INFO     | shree.execution.components.trading_session_manager:start:267 - 💓 Heartbeat: waiting for 15m bar | bars=147 | price=6436.25

2026-03-31 06:14:46 CST | INFO     | shree.execution.components.trading_session_manager:start:267 - 💓 Heartbeat: waiting for 15m bar | bars=147 | price=6436.25

2026-03-31 06:15:16 CST | INFO     | shree.execution.ib_executor:get_active_order_count:2428 - 🔍 Sync: 0 active orders (0 PendingSubmit, lock=idle)

2026-03-31 06:15:16 CST | INFO     | shree.execution.components.signal_processor:process_trading_cycle:1222 - 🕐 New candle close at 06:15:00 CST

2026-03-31 06:15:16 CST | INFO     | shree.utils.structured_logging:log_structured_event:83 - Cycle start

2026-03-31 06:15:16 CST | INFO     | shree.strategies.es_fifteen_min:generate:993 - 🔍 NO_SIGNAL diag: A:low(6447.0)>touch(6444.9) | B:adx(15)<18.0 | C:bearish(c=6447.0,o=6450.0) | D:ema21(6438.5)>=ema50(6431.8) | E:no_cross(c=6447.0,prev=6436.2,OR_L=6442.8) | F:adx(15)<25 | G:outside_london(06:15:00)

2026-03-31 06:15:16 CST | INFO     | shree.execution.components.signal_processor:_generate_strategy_first_signal:438 - 📊 Strategy Signal: HOLD (conf=0.00, meta=NO_SIGNAL)

2026-03-31 06:15:16 CST | INFO     | shree.execution.ib_executor:get_active_order_count:2428 - 🔍 Sync: 0 active orders (0 PendingSubmit, lock=idle)

2026-03-31 06:15:16 CST | INFO     | shree.execution.components.signal_processor:process_trading_cycle:1438 - Skipping trade (HOLD)

2026-03-31 06:19:47 CST | INFO     | shree.execution.components.trading_session_manager:start:267 - 💓 Heartbeat: waiting for 15m bar | bars=148 | price=6447.0

2026-03-31 06:24:48 CST | INFO     | shree.execution.components.trading_session_manager:start:267 - 💓 Heartbeat: waiting for 15m bar | bars=148 | price=6447.0

2026-03-31 06:29:49 CST | INFO     | shree.execution.components.trading_session_manager:start:267 - 💓 Heartbeat: waiting for 15m bar | bars=148 | price=6447.0

2026-03-31 06:30:19 CST | INFO     | shree.execution.ib_executor:get_active_order_count:2428 - 🔍 Sync: 0 active orders (0 PendingSubmit, lock=idle)

2026-03-31 06:30:19 CST | INFO     | shree.execution.components.signal_processor:process_trading_cycle:1222 - 🕐 New candle close at 06:30:00 CST

2026-03-31 06:30:19 CST | INFO     | shree.utils.structured_logging:log_structured_event:83 - Cycle start

2026-03-31 06:30:19 CST | INFO     | shree.strategies.es_fifteen_min:generate:993 - 🔍 NO_SIGNAL diag: A:low(6449.5)>touch(6446.1) | B:no_cross(c=6451.8,prev=6447.0,OR_H=6446.2) | C:adx(15)out[22-45.0] | D:ema21(6439.7)>=ema50(6432.6) | E:no_cross(c=6451.8,prev=6447.0,OR_L=6442.8) | F:adx(15)<25 | G:outside_london(06:30:00)

2026-03-31 06:30:19 CST | INFO     | shree.execution.components.signal_processor:_generate_strategy_first_signal:438 - 📊 Strategy Signal: HOLD (conf=0.00, meta=NO_SIGNAL)

2026-03-31 06:30:19 CST | INFO     | shree.execution.ib_executor:get_active_order_count:2428 - 🔍 Sync: 0 active orders (0 PendingSubmit, lock=idle)

2026-03-31 06:30:19 CST | INFO     | shree.execution.components.signal_processor:process_trading_cycle:1438 - Skipping trade (HOLD)

2026-03-31 06:34:50 CST | INFO     | shree.execution.components.trading_session_manager:start:267 - 💓 Heartbeat: waiting for 15m bar | bars=149 | price=6451.75

2026-03-31 06:39:51 CST | INFO     | shree.execution.components.trading_session_manager:start:267 - 💓 Heartbeat: waiting for 15m bar | bars=149 | price=6451.75

2026-03-31 06:44:53 CST | INFO     | shree.execution.components.trading_session_manager:start:267 - 💓 Heartbeat: waiting for 15m bar | bars=149 | price=6451.75

2026-03-31 06:45:23 CST | INFO     | shree.execution.ib_executor:get_active_order_count:2428 - 🔍 Sync: 0 active orders (0 PendingSubmit, lock=idle)

2026-03-31 06:45:23 CST | INFO     | shree.execution.components.signal_processor:process_trading_cycle:1222 - 🕐 New candle close at 06:45:00 CST

2026-03-31 06:45:23 CST | INFO     | shree.utils.structured_logging:log_structured_event:83 - Cycle start

2026-03-31 06:45:23 CST | INFO     | shree.strategies.es_fifteen_min:generate:993 - 🔍 NO_SIGNAL diag: A:low(6457.2)>touch(6447.7) | B:no_cross(c=6457.5,prev=6451.8,OR_H=6446.2) | C:low(6457.2)>touch(6454.7) | D:ema21(6441.3)>=ema50(6433.6) | E:no_cross(c=6457.5,prev=6451.8,OR_L=6442.8) | F:adx(16)<25 | G:outside_london(06:45:00)

2026-03-31 06:45:23 CST | INFO     | shree.execution.components.signal_processor:_generate_strategy_first_signal:438 - 📊 Strategy Signal: HOLD (conf=0.00, meta=NO_SIGNAL)

2026-03-31 06:45:23 CST | INFO     | shree.execution.ib_executor:get_active_order_count:2428 - 🔍 Sync: 0 active orders (0 PendingSubmit, lock=idle)

2026-03-31 06:45:23 CST | INFO     | shree.execution.components.signal_processor:process_trading_cycle:1438 - Skipping trade (HOLD)

2026-03-31 06:49:54 CST | INFO     | shree.execution.components.trading_session_manager:start:267 - 💓 Heartbeat: waiting for 15m bar | bars=150 | price=6457.5

2026-03-31 06:54:55 CST | INFO     | shree.execution.components.trading_session_manager:start:267 - 💓 Heartbeat: waiting for 15m bar | bars=150 | price=6457.5

2026-03-31 06:59:56 CST | INFO     | shree.execution.components.trading_session_manager:start:267 - 💓 Heartbeat: waiting for 15m bar | bars=150 | price=6457.5

2026-03-31 07:00:00 CST | INFO     | shree.data.vx_futures_feed:_connect_async:156 - VX Feed: Connecting to IBKR at 127.0.0.1:4001 with client_id=71 (attempt 1/5)

2026-03-31 07:00:00 CST | WARNING  | shree.data.vx_futures_feed:_connect_async:191 - VX Feed connection failed (attempt 1/5): [Errno 61] Connect call failed ('127.0.0.1', 4001)

2026-03-31 07:00:00 CST | INFO     | shree.data.vx_futures_feed:_connect_async:203 - VX Feed: Retrying in 1.0s...

2026-03-31 07:00:01 CST | INFO     | shree.data.vx_futures_feed:_connect_async:156 - VX Feed: Connecting to IBKR at 127.0.0.1:4001 with client_id=71 (attempt 2/5)

2026-03-31 07:00:01 CST | WARNING  | shree.data.vx_futures_feed:_connect_async:191 - VX Feed connection failed (attempt 2/5): [Errno 61] Connect call failed ('127.0.0.1', 4001)

2026-03-31 07:00:01 CST | INFO     | shree.data.vx_futures_feed:_connect_async:203 - VX Feed: Retrying in 2.0s...

2026-03-31 07:00:03 CST | INFO     | shree.data.vx_futures_feed:_connect_async:156 - VX Feed: Connecting to IBKR at 127.0.0.1:4001 with client_id=71 (attempt 3/5)

2026-03-31 07:00:03 CST | WARNING  | shree.data.vx_futures_feed:_connect_async:191 - VX Feed connection failed (attempt 3/5): [Errno 61] Connect call failed ('127.0.0.1', 4001)

2026-03-31 07:00:03 CST | INFO     | shree.data.vx_futures_feed:_connect_async:203 - VX Feed: Retrying in 4.0s...

2026-03-31 07:00:07 CST | INFO     | shree.data.vx_futures_feed:_connect_async:156 - VX Feed: Connecting to IBKR at 127.0.0.1:4001 with client_id=71 (attempt 4/5)

2026-03-31 07:00:07 CST | WARNING  | shree.data.vx_futures_feed:_connect_async:191 - VX Feed connection failed (attempt 4/5): [Errno 61] Connect call failed ('127.0.0.1', 4001)

2026-03-31 07:00:07 CST | INFO     | shree.data.vx_futures_feed:_connect_async:203 - VX Feed: Retrying in 8.0s...

2026-03-31 07:00:12 CST | WARNING  | shree.execution.ib_executor:keepalive_loop:2843 - ⚠️  Connection lost, attempting auto-reconnect...

2026-03-31 07:00:13 CST | INFO     | shree.execution.ib_executor:_register_event_handlers:504 - 📡 Registering IB event handlers

2026-03-31 07:00:13 CST | INFO     | shree.execution.ib_executor:keepalive_loop:2875 - ✅ Auto-reconnection successful

2026-03-31 07:00:13 CST | INFO     | shree.execution.ib_executor:_reconcile_orders:635 - ✅ No active orders

2026-03-31 07:00:15 CST | INFO     | shree.data.vx_futures_feed:_connect_async:156 - VX Feed: Connecting to IBKR at 127.0.0.1:4001 with client_id=71 (attempt 5/5)

2026-03-31 07:00:16 CST | INFO     | shree.data.vx_futures_feed:_connect_async:177 - ✅ VX Feed connected successfully (client_id=71, Live data)

2026-03-31 07:00:27 CST | INFO     | shree.execution.ib_executor:get_active_order_count:2428 - 🔍 Sync: 0 active orders (0 PendingSubmit, lock=idle)

2026-03-31 07:00:27 CST | INFO     | shree.execution.components.signal_processor:process_trading_cycle:1222 - 🕐 New candle close at 07:00:00 CST

2026-03-31 07:00:27 CST | INFO     | shree.utils.structured_logging:log_structured_event:83 - Cycle start

2026-03-31 07:00:27 CST | INFO     | shree.strategies.es_fifteen_min:generate:993 - 🔍 NO_SIGNAL diag: A:low(6453.5)>touch(6449.1) | B:no_cross(c=6456.0,prev=6457.5,OR_H=6446.2) | C:adx(16)out[22-45.0] | D:ema21(6442.6)>=ema50(6434.5) | E:no_cross(c=6456.0,prev=6457.5,OR_L=6442.8) | F:adx(16)<25 | G:outside_london(07:00:00)

2026-03-31 07:00:27 CST | INFO     | shree.execution.components.signal_processor:_generate_strategy_first_signal:438 - 📊 Strategy Signal: HOLD (conf=0.00, meta=NO_SIGNAL)

2026-03-31 07:00:27 CST | INFO     | shree.execution.ib_executor:get_active_order_count:2428 - 🔍 Sync: 0 active orders (0 PendingSubmit, lock=idle)

2026-03-31 07:00:27 CST | INFO     | shree.execution.components.signal_processor:process_trading_cycle:1438 - Skipping trade (HOLD)

2026-03-31 07:04:58 CST | INFO     | shree.execution.components.trading_session_manager:start:267 - 💓 Heartbeat: waiting for 15m bar | bars=151 | price=6456.0

2026-03-31 07:09:59 CST | INFO     | shree.execution.components.trading_session_manager:start:267 - 💓 Heartbeat: waiting for 15m bar | bars=151 | price=6456.0

2026-03-31 07:15:01 CST | INFO     | shree.execution.components.trading_session_manager:start:267 - 💓 Heartbeat: waiting for 15m bar | bars=151 | price=6456.0

2026-03-31 07:15:31 CST | INFO     | shree.execution.ib_executor:get_active_order_count:2428 - 🔍 Sync: 0 active orders (0 PendingSubmit, lock=idle)

2026-03-31 07:15:31 CST | INFO     | shree.execution.components.signal_processor:process_trading_cycle:1222 - 🕐 New candle close at 07:15:00 CST

2026-03-31 07:15:31 CST | INFO     | shree.utils.structured_logging:log_structured_event:83 - Cycle start

2026-03-31 07:15:31 CST | INFO     | shree.strategies.es_fifteen_min:generate:993 - 🔍 NO_SIGNAL diag: A:close(6442.2)<=ema21(6442.6) | B:no_cross(c=6442.2,prev=6456.0,OR_H=6446.2) | C:close(6442.2)<=ema9(6446.2) | D:ema21(6442.6)>=ema50(6434.8) | E:ema9(6446.2)>=ema21(6442.6) | F:adx(15)<25 | G:outside_london(07:15:00)

2026-03-31 07:15:31 CST | INFO     | shree.execution.components.signal_processor:_generate_strategy_first_signal:438 - 📊 Strategy Signal: HOLD (conf=0.00, meta=NO_SIGNAL)

2026-03-31 07:15:31 CST | INFO     | shree.execution.ib_executor:get_active_order_count:2428 - 🔍 Sync: 0 active orders (0 PendingSubmit, lock=idle)

2026-03-31 07:15:31 CST | INFO     | shree.execution.components.signal_processor:process_trading_cycle:1438 - Skipping trade (HOLD)

2026-03-31 07:20:02 CST | INFO     | shree.execution.components.trading_session_manager:start:267 - 💓 Heartbeat: waiting for 15m bar | bars=152 | price=6442.25

2026-03-31 07:25:03 CST | INFO     | shree.execution.components.trading_session_manager:start:267 - 💓 Heartbeat: waiting for 15m bar | bars=152 | price=6442.25

2026-03-31 07:30:05 CST | INFO     | shree.execution.components.trading_session_manager:start:267 - 💓 Heartbeat: waiting for 15m bar | bars=152 | price=6442.25

2026-03-31 07:30:35 CST | INFO     | shree.execution.ib_executor:get_active_order_count:2428 - 🔍 Sync: 0 active orders (0 PendingSubmit, lock=idle)

2026-03-31 07:30:35 CST | INFO     | shree.execution.components.signal_processor:process_trading_cycle:1222 - 🕐 New candle close at 07:30:00 CST

2026-03-31 07:30:35 CST | INFO     | shree.utils.structured_logging:log_structured_event:83 - Cycle start

2026-03-31 07:30:35 CST | INFO     | shree.strategies.es_fifteen_min:generate:993 - 🔍 NO_SIGNAL diag: A:low(6458.0)>touch(6453.9) | B:adx(16)<18.0 | C:adx(16)out[22-45.0] | D:ema21(6444.2)>=ema50(6435.8) | E:no_cross(c=6460.8,prev=6442.2,OR_L=6442.8) | F:adx(16)<25 | G:outside_london(07:30:00)

2026-03-31 07:30:35 CST | INFO     | shree.execution.components.signal_processor:_generate_strategy_first_signal:438 - 📊 Strategy Signal: HOLD (conf=0.00, meta=NO_SIGNAL)

2026-03-31 07:30:35 CST | INFO     | shree.execution.ib_executor:get_active_order_count:2428 - 🔍 Sync: 0 active orders (0 PendingSubmit, lock=idle)

2026-03-31 07:30:35 CST | INFO     | shree.execution.components.signal_processor:process_trading_cycle:1438 - Skipping trade (HOLD)

2026-03-31 07:35:06 CST | INFO     | shree.execution.components.trading_session_manager:start:267 - 💓 Heartbeat: waiting for 15m bar | bars=153 | price=6460.75

2026-03-31 07:40:07 CST | INFO     | shree.execution.components.trading_session_manager:start:267 - 💓 Heartbeat: waiting for 15m bar | bars=153 | price=6460.75

2026-03-31 07:45:09 CST | INFO     | shree.execution.ib_executor:get_active_order_count:2428 - 🔍 Sync: 0 active orders (0 PendingSubmit, lock=idle)

2026-03-31 07:45:09 CST | INFO     | shree.execution.components.signal_processor:process_trading_cycle:1222 - 🕐 New candle close at 07:45:00 CST

2026-03-31 07:45:09 CST | INFO     | shree.utils.structured_logging:log_structured_event:83 - Cycle start

2026-03-31 07:45:09 CST | INFO     | shree.strategies.es_fifteen_min:generate:993 - 🔍 NO_SIGNAL diag: A:low(6466.2)>touch(6452.8) | B:no_cross(c=6467.2,prev=6460.8,OR_H=6446.2) | C:low(6466.2)>touch(6462.4) | D:ema21(6446.3)>=ema50(6437.0) | E:no_cross(c=6467.2,prev=6460.8,OR_L=6442.8) | F:adx(17)<25 | G:outside_london(07:45:00)

2026-03-31 07:45:09 CST | INFO     | shree.execution.components.signal_processor:_generate_strategy_first_signal:438 - 📊 Strategy Signal: HOLD (conf=0.00, meta=NO_SIGNAL)

2026-03-31 07:45:09 CST | INFO     | shree.execution.ib_executor:get_active_order_count:2428 - 🔍 Sync: 0 active orders (0 PendingSubmit, lock=idle)

2026-03-31 07:45:09 CST | INFO     | shree.execution.components.signal_processor:process_trading_cycle:1438 - Skipping trade (HOLD)

2026-03-31 07:45:39 CST | INFO     | shree.execution.components.trading_session_manager:start:267 - 💓 Heartbeat: waiting for 15m bar | bars=154 | price=6467.25

2026-03-31 07:50:40 CST | INFO     | shree.execution.components.trading_session_manager:start:267 - 💓 Heartbeat: waiting for 15m bar | bars=154 | price=6467.25

2026-03-31 07:55:42 CST | INFO     | shree.execution.components.trading_session_manager:start:267 - 💓 Heartbeat: waiting for 15m bar | bars=154 | price=6467.25

2026-03-31 08:00:13 CST | INFO     | shree.execution.ib_executor:get_active_order_count:2428 - 🔍 Sync: 0 active orders (0 PendingSubmit, lock=idle)

2026-03-31 08:00:13 CST | INFO     | shree.execution.components.signal_processor:process_trading_cycle:1222 - 🕐 New candle close at 08:00:00 CST

2026-03-31 08:00:13 CST | INFO     | shree.utils.structured_logging:log_structured_event:83 - Cycle start

2026-03-31 08:00:13 CST | INFO     | shree.strategies.es_fifteen_min:generate:993 - 🔍 NO_SIGNAL diag: A:adx(16)out[18.0-45.0] | B:no_cross(c=6455.0,prev=6467.2,OR_H=6446.2) | C:adx(16)out[22-45.0] | D:ema21(6447.1)>=ema50(6437.7) | E:no_cross(c=6455.0,prev=6467.2,OR_L=6442.8) | F:adx(16)<25 | G:outside_london(08:00:00)

2026-03-31 08:00:13 CST | INFO     | shree.execution.components.signal_processor:_generate_strategy_first_signal:438 - 📊 Strategy Signal: HOLD (conf=0.00, meta=NO_SIGNAL)

2026-03-31 08:00:13 CST | INFO     | shree.execution.ib_executor:get_active_order_count:2428 - 🔍 Sync: 0 active orders (0 PendingSubmit, lock=idle)

2026-03-31 08:00:13 CST | INFO     | shree.execution.components.signal_processor:process_trading_cycle:1438 - Skipping trade (HOLD)

2026-03-31 08:00:43 CST | INFO     | shree.execution.components.trading_session_manager:start:267 - 💓 Heartbeat: waiting for 15m bar | bars=155 | price=6455.0

2026-03-31 08:05:45 CST | INFO     | shree.execution.components.trading_session_manager:start:267 - 💓 Heartbeat: waiting for 15m bar | bars=155 | price=6455.0

2026-03-31 08:10:46 CST | INFO     | shree.execution.components.trading_session_manager:start:267 - 💓 Heartbeat: waiting for 15m bar | bars=155 | price=6455.0

2026-03-31 08:15:18 CST | INFO     | shree.execution.ib_executor:get_active_order_count:2428 - 🔍 Sync: 0 active orders (0 PendingSubmit, lock=idle)

2026-03-31 08:15:18 CST | INFO     | shree.execution.components.signal_processor:process_trading_cycle:1222 - 🕐 New candle close at 08:15:00 CST

2026-03-31 08:15:18 CST | INFO     | shree.utils.structured_logging:log_structured_event:83 - Cycle start

2026-03-31 08:15:18 CST | INFO     | shree.strategies.es_fifteen_min:generate:993 - 🔍 NO_SIGNAL diag: A:low(6455.8)>touch(6454.4) | B:no_cross(c=6456.0,prev=6455.0,OR_H=6446.2) | C:bearish(c=6456.0,o=6456.5) | D:ema21(6447.9)>=ema50(6438.4) | E:no_cross(c=6456.0,prev=6455.0,OR_L=6442.8) | F:adx(16)<25 | G:outside_london(08:15:00)

2026-03-31 08:15:18 CST | INFO     | shree.execution.components.signal_processor:_generate_strategy_first_signal:438 - 📊 Strategy Signal: HOLD (conf=0.00, meta=NO_SIGNAL)

2026-03-31 08:15:18 CST | INFO     | shree.execution.ib_executor:get_active_order_count:2428 - 🔍 Sync: 0 active orders (0 PendingSubmit, lock=idle)

2026-03-31 08:15:18 CST | INFO     | shree.execution.components.signal_processor:process_trading_cycle:1438 - Skipping trade (HOLD)

2026-03-31 08:15:48 CST | INFO     | shree.execution.components.trading_session_manager:start:267 - 💓 Heartbeat: waiting for 15m bar | bars=156 | price=6456.0

2026-03-31 08:20:18 CST | INFO     | __main__:handle_signal:78 - 🛑 Shutdown signal received

2026-03-31 08:20:19 CST | INFO     | shree.execution.components.trading_session_manager:stop:396 - Trading session stopped

2026-03-31 08:20:19 CST | WARNING  | shree.execution.components.trading_session_manager:start:368 - ⚠️ Trading loop exited: running=False, stop_requested=True

2026-03-31 08:20:19 CST | INFO     | shree.execution.components.trading_session_manager:start:382 - 🔚 Trading loop finally block — calling stop()

2026-03-31 08:20:19 CST | INFO     | shree.execution.components.trading_session_manager:stop:396 - Trading session stopped

2026-03-31 08:20:37 CST | INFO     | __main__:main:49 - 🚀 Starting Shree RAG-Enhanced Bot (LIVE MODE)

2026-03-31 08:20:37 CST | INFO     | shree.rag.local_vector_store:__init__:46 - Local vector store ready at rag_data/local_kb/local_kb.sqlite

2026-03-31 08:20:37 CST | INFO     | shree.data.candle_aggregator:__init__:125 - MultiTimeframeCandleBuilder initialized: 1m -> 5m (EMA period=20)

2026-03-31 08:20:37 CST | INFO     | shree.data.candle_aggregator:__init__:125 - MultiTimeframeCandleBuilder initialized: 1m -> 15m (EMA period=20)

2026-03-31 08:20:37 CST | INFO     | shree.data.candle_aggregator:__init__:125 - MultiTimeframeCandleBuilder initialized: 1m -> 30m (EMA period=20)

2026-03-31 08:20:37 CST | INFO     | shree.data.candle_aggregator:__init__:457 - MTFCandleManager initialized: 5m(ema=20), 15m(ema=20), 30m(ema=20)

2026-03-31 08:20:37 CST | INFO     | shree.execution.components.mtf_gate_manager:init_mtf_manager:113 - ✅ MTFCandleManager initialized (5m, 15m, 30m aggregators)

2026-03-31 08:20:37 CST | INFO     | shree.execution.components.mtf_gate_manager:init_mtf_gate:131 - MTFTrendGate disabled via config

2026-03-31 08:20:37 CST | INFO     | shree.execution.components.sentiment_evaluator:_init_multi_source_sentiment:113 - ======================================================================

2026-03-31 08:20:37 CST | INFO     | shree.execution.components.sentiment_evaluator:_init_multi_source_sentiment:114 - 📊 MULTI-SOURCE SENTIMENT AGGREGATOR ENABLED

2026-03-31 08:20:37 CST | INFO     | shree.execution.components.sentiment_evaluator:_init_multi_source_sentiment:115 - ======================================================================

2026-03-31 08:20:37 CST | INFO     | shree.execution.components.sentiment_evaluator:_init_multi_source_sentiment:116 -    Sources & Weights:

2026-03-31 08:20:37 CST | INFO     | shree.execution.components.sentiment_evaluator:_init_multi_source_sentiment:117 -       Stocktwits: 55%

2026-03-31 08:20:37 CST | INFO     | shree.execution.components.sentiment_evaluator:_init_multi_source_sentiment:118 -       Reddit:     45%

2026-03-31 08:20:37 CST | INFO     | shree.execution.components.sentiment_evaluator:_init_multi_source_sentiment:122 -       Twitter:    DISABLED (no API credentials)

2026-03-31 08:20:37 CST | INFO     | shree.execution.components.sentiment_evaluator:_init_multi_source_sentiment:123 -    RTH Thresholds (8:30 AM - 3:00 PM CT):

2026-03-31 08:20:37 CST | INFO     | shree.execution.components.sentiment_evaluator:_init_multi_source_sentiment:124 -       Entry block: ±0.3

2026-03-31 08:20:37 CST | INFO     | shree.execution.components.sentiment_evaluator:_init_multi_source_sentiment:125 -       Weak threshold: ±0.15

2026-03-31 08:20:37 CST | INFO     | shree.execution.components.sentiment_evaluator:_init_multi_source_sentiment:126 -    Low-Volume Thresholds (Evening/Overnight):

2026-03-31 08:20:37 CST | INFO     | shree.execution.components.sentiment_evaluator:_init_multi_source_sentiment:127 -       Entry block: ±0.35

2026-03-31 08:20:37 CST | INFO     | shree.execution.components.sentiment_evaluator:_init_multi_source_sentiment:128 -       Weak threshold: ±0.15

2026-03-31 08:20:37 CST | INFO     | shree.execution.components.sentiment_evaluator:_init_multi_source_sentiment:129 -    Refresh interval: 300s

2026-03-31 08:20:37 CST | INFO     | shree.execution.components.sentiment_evaluator:_init_multi_source_sentiment:130 - ======================================================================

2026-03-31 08:20:37 CST | INFO     | shree.data.sentiment_aggregator:get_combined_mes_sentiment:1239 - 🔄 Fetching fresh multi-source sentiment... [fetch_id=132037]

2026-03-31 08:20:38 CST | INFO     | shree.data.sentiment_aggregator:get_stocktwits_sentiment:467 - 📊 Stocktwits: score=0.18 (bull=13, bear=9, total=60) [ts=13:20:38]

2026-03-31 08:20:41 CST | INFO     | shree.data.sentiment_aggregator:_get_reddit_sentiment_public:696 - 📱 Reddit (public): score=0.26 (samples=17, unique_posts=11)

2026-03-31 08:20:41 CST | INFO     | shree.data.sentiment_aggregator:get_combined_mes_sentiment:1271 - ==================================================

2026-03-31 08:20:41 CST | INFO     | shree.data.sentiment_aggregator:get_combined_mes_sentiment:1272 - 📊 MULTI-SOURCE SENTIMENT SUMMARY

2026-03-31 08:20:41 CST | INFO     | shree.data.sentiment_aggregator:get_combined_mes_sentiment:1273 - ==================================================

2026-03-31 08:20:41 CST | INFO     | shree.data.sentiment_aggregator:get_combined_mes_sentiment:1274 -    Stocktwits: +0.18 (60 samples)

2026-03-31 08:20:41 CST | INFO     | shree.data.sentiment_aggregator:get_combined_mes_sentiment:1275 -    Reddit:     +0.26 (17 samples)

2026-03-31 08:20:41 CST | INFO     | shree.data.sentiment_aggregator:get_combined_mes_sentiment:1276 -    Twitter:    +0.00 (0 samples)

2026-03-31 08:20:41 CST | INFO     | shree.data.sentiment_aggregator:get_combined_mes_sentiment:1277 -    VIX:        +0.00 (market-based)

2026-03-31 08:20:41 CST | INFO     | shree.data.sentiment_aggregator:get_combined_mes_sentiment:1278 -    ━━━━━━━━━━━━━━━━━━━━━━━━━━

2026-03-31 08:20:41 CST | INFO     | shree.data.sentiment_aggregator:get_combined_mes_sentiment:1279 -    COMBINED:   +0.21

2026-03-31 08:20:41 CST | INFO     | shree.data.sentiment_aggregator:get_combined_mes_sentiment:1280 - ==================================================

2026-03-31 08:20:41 CST | INFO     | shree.execution.components.sentiment_evaluator:_init_multi_source_sentiment:134 -    ✅ Initial combined sentiment: +0.21

2026-03-31 08:20:41 CST | INFO     | shree.execution.components.sentiment_evaluator:_init_multi_source_sentiment:135 -       Stocktwits: +0.18 (60 samples)

2026-03-31 08:20:41 CST | INFO     | shree.execution.components.sentiment_evaluator:_init_multi_source_sentiment:136 -       Reddit: +0.26 (17 samples)

2026-03-31 08:20:41 CST | INFO     | shree.execution.components.sentiment_evaluator:init_vx_feed:198 - ======================================================================

2026-03-31 08:20:41 CST | INFO     | shree.execution.components.sentiment_evaluator:init_vx_feed:199 - 📈 VX FUTURES FEED INITIALIZATION

2026-03-31 08:20:41 CST | INFO     | shree.execution.components.sentiment_evaluator:init_vx_feed:200 - ======================================================================

2026-03-31 08:20:41 CST | INFO     | shree.execution.components.sentiment_evaluator:init_vx_feed:201 -    IBKR Connection: 127.0.0.1:4001 (client_id=71)

2026-03-31 08:20:41 CST | INFO     | shree.execution.components.sentiment_evaluator:init_vx_feed:202 -    Market Data Type: Live

2026-03-31 08:20:41 CST | INFO     | shree.execution.components.sentiment_evaluator:init_vx_feed:203 -    Stale Threshold: 120s

2026-03-31 08:20:41 CST | INFO     | shree.execution.components.sentiment_evaluator:init_vx_feed:204 -    Volatility Thresholds:

2026-03-31 08:20:41 CST | INFO     | shree.execution.components.sentiment_evaluator:init_vx_feed:205 -       VX >= 30.0: 0.4x multiplier (extreme fear)

2026-03-31 08:20:41 CST | INFO     | shree.execution.components.sentiment_evaluator:init_vx_feed:206 -       VX >= 20.0: 0.7x multiplier (elevated)

2026-03-31 08:20:41 CST | INFO     | shree.execution.components.sentiment_evaluator:init_vx_feed:207 -       VX < 20.0: 1.0x multiplier (normal)

2026-03-31 08:20:41 CST | INFO     | shree.data.vx_futures_feed:_connect_async:156 - VX Feed: Connecting to IBKR at 127.0.0.1:4001 with client_id=71 (attempt 1/5)

2026-03-31 08:20:42 CST | INFO     | shree.data.vx_futures_feed:_connect_async:177 - ✅ VX Feed connected successfully (client_id=71, Live data)

2026-03-31 08:20:42 CST | INFO     | shree.data.vx_futures_feed:_get_front_month_contract:364 - VX Feed: Selected front-month contract: VX13J6 (expiry: 20260401)

2026-03-31 08:20:42 CST | INFO     | shree.data.vx_futures_feed:_background_main:285 - VX Feed: Using contract VX13J6 (exp=20260401)

2026-03-31 08:20:42 CST | INFO     | shree.data.vx_futures_feed:_subscribe_market_data:392 - VX Feed: Subscribed to market data for VX13J6

2026-03-31 08:20:43 CST | INFO     | shree.data.vx_futures_feed:start_in_background:244 - ✅ VX Feed background thread started successfully

2026-03-31 08:20:43 CST | INFO     | shree.execution.components.sentiment_evaluator:init_vx_feed:225 -    ✅ VX Feed background thread started

2026-03-31 08:20:43 CST | INFO     | shree.execution.components.sentiment_evaluator:init_vx_feed:229 - ======================================================================

2026-03-31 08:20:43 CST | INFO     | shree.utils.bot_state:load_bot_state:81 - bot_state: day rollover detected (last_trade_date=2026-03-30, today=2026-03-31) → resetting consecutive_loss_count 1 → 0, realized_pnl_today -51.25 → 0.00

2026-03-31 08:20:43 CST | INFO     | shree.utils.bot_state:load_bot_state:118 - bot_state: loaded — consecutive_loss_count=0, realized_pnl_today=0.00, cooldown=none, written_at=2026-03-31T04:27:13.186877+00:00

2026-03-31 08:20:43 CST | INFO     | shree.execution.live_trading_manager:__init__:534 - ✅ Prometheus metrics initialized on port 8000

2026-03-31 08:20:43 CST | INFO     | shree.execution.components.trading_session_manager:initialize:48 - Initializing trading components...

2026-03-31 08:20:43 CST | INFO     | shree.strategies.es_fifteen_min:_load_counters:2163 - 📂 Loaded signal counters from disk (session=2026-03-30): A=0 D=0 B=0 E=0 F_L=0 F_S=0 A'=0 D'=0 G=0

2026-03-31 08:20:43 CST | INFO     | shree.execution.components.trading_session_manager:initialize:84 - ============================================================

2026-03-31 08:20:43 CST | INFO     | shree.execution.components.trading_session_manager:initialize:85 - 📊 STRATEGY: ES 15-Minute (EMA21 Pullback + OR Breakout)

2026-03-31 08:20:43 CST | INFO     | shree.execution.components.trading_session_manager:initialize:86 -    Timeframe: 15m | Max hold: 120 min

2026-03-31 08:20:43 CST | INFO     | shree.execution.components.trading_session_manager:initialize:87 -    Warmup: 60 bars | Window: 200 bars

2026-03-31 08:20:43 CST | INFO     | shree.execution.components.trading_session_manager:initialize:90 -    Mode: LONG + SHORT (short-side signals enabled)

2026-03-31 08:20:43 CST | INFO     | shree.execution.components.trading_session_manager:initialize:93 - ============================================================

2026-03-31 08:20:43 CST | INFO     | shree.utils.telegram_notifier:__init__:56 - ✅ Telegram notifications enabled

2026-03-31 08:20:43 CST | INFO     | shree.execution.components.trading_session_manager:initialize:118 - ✅ Telegram notifications initialized

2026-03-31 08:20:43 CST | INFO     | shree.monitoring.order_tracker:_init_database:195 - Order tracker database initialized: /Users/svss/Documents/code/ShreeBot/data/orders.db

2026-03-31 08:20:43 CST | INFO     | shree.execution.ib_executor:connect:439 - Connecting executor to IBKR 127.0.0.1:4001 (client_id=11, timeout=120s)

2026-03-31 08:20:44 CST | INFO     | shree.execution.ib_executor:connect:477 - Connected to IBKR - using snapshot market data requests

2026-03-31 08:20:44 CST | INFO     | shree.execution.ib_executor:_register_event_handlers:504 - 📡 Registering IB event handlers

2026-03-31 08:20:44 CST | INFO     | shree.execution.ib_executor:connect:486 - Skipping startup order cancel per config (cancel_orders_on_startup=False)

2026-03-31 08:20:44 CST | INFO     | shree.execution.ib_executor:_start_keepalive:2929 - Keepalive task started

2026-03-31 08:20:44 CST | INFO     | shree.execution.components.trading_session_manager:force_order_reconciliation:400 - Forcing reconciliation of active orders with IBKR...

2026-03-31 08:20:44 CST | INFO     | shree.execution.ib_executor:_reconcile_orders:635 - ✅ No active orders

2026-03-31 08:20:44 CST | INFO     | shree.execution.components.trading_session_manager:force_order_reconciliation:402 - Order reconciliation complete.

2026-03-31 08:20:44 CST | INFO     | shree.execution.components.cooldown_manager:load_persistent_cooldown_state:79 - ⏱️ Cooldown resume: last trade at 2026-03-30 22:30:26 CST

2026-03-31 08:20:44 CST | INFO     | shree.rag.s3_storage:__init__:137 - S3Storage initialized: s3://rag-bot-storage-897729113303/spy-futures-bot/

2026-03-31 08:20:44 CST | INFO     | shree.rag.rag_storage_manager:__init__:200 - RAGStorageManager initialized with S3: s3://rag-bot-storage-897729113303/spy-futures-bot/

2026-03-31 08:20:44 CST | INFO     | shree.execution.components.trading_session_manager:initialize:155 - ✅ RAG Storage initialized

2026-03-31 08:20:44 CST | INFO     | shree.llm.trade_logger:_init_database:77 - Trade logger database initialized: /Users/svss/Documents/code/ShreeBot/data/llm_trades.db

2026-03-31 08:20:44 CST | INFO     | shree.execution.components.trading_session_manager:initialize:162 - ✅ Decision metrics logger initialized

2026-03-31 08:20:44 CST | INFO     | shree.rag.s3_storage:__init__:137 - S3Storage initialized: s3://rag-bot-storage-897729113303/spy-futures-bot/

2026-03-31 08:20:44 CST | INFO     | shree.rag.rag_storage_manager:__init__:200 - RAGStorageManager initialized with S3: s3://rag-bot-storage-897729113303/spy-futures-bot/

2026-03-31 08:20:44 CST | INFO     | shree.rag.trade_logger:__init__:67 - TradeLogger initialized

2026-03-31 08:20:44 CST | INFO     | shree.rag.mistake_analyzer:__init__:146 - MistakeAnalyzer initialized

2026-03-31 08:20:44 CST | INFO     | shree.rag.s3_storage:__init__:137 - S3Storage initialized: s3://rag-bot-storage-897729113303/spy-futures-bot/

2026-03-31 08:20:46 CST | INFO     | shree.rag.embedding_builder:_init_sentence_transformer:120 - Loaded sentence transformer: all-MiniLM-L6-v2 (dim=384)

2026-03-31 08:20:46 CST | INFO     | shree.rag.s3_storage:read_binary_from_s3:350 - Downloaded binary from S3: spy-futures-bot/vectors/index.faiss

2026-03-31 08:20:46 CST | INFO     | shree.rag.s3_storage:read_binary_from_s3:350 - Downloaded binary from S3: spy-futures-bot/vectors/metadata.pkl

2026-03-31 08:20:46 CST | INFO     | shree.rag.embedding_builder:_load_index:600 - Loaded FAISS index from S3 with 6 vectors

2026-03-31 08:20:46 CST | INFO     | shree.rag.embedding_builder:__init__:109 - EmbeddingBuilder initialized with S3 (dim=384, backend=local)

2026-03-31 08:20:46 CST | INFO     | shree.hybrid.multi_factor_scorer:__init__:71 - 📰 High-impact event day: boosted news weight 0.10→0.20, macro weight 0.10→0.20

2026-03-31 08:20:46 CST | INFO     | shree.hybrid.multi_factor_scorer:__init__:80 - MultiFactorScorer initialized with weights={'technical': 0.33333333333333337, 'llm': 0.0, 'rag': 0.25, 'news': 0.16666666666666669, 'macro': 0.16666666666666669, 'risk': 0.08333333333333334}

2026-03-31 08:20:46 CST | INFO     | shree.rag.hybrid_rag_pipeline:__init__:246 - RuleEngine initialized

2026-03-31 08:20:46 CST | INFO     | shree.rag.hybrid_rag_pipeline:__init__:1236 - RAGRetriever initialized

2026-03-31 08:20:46 CST | INFO     | shree.rag.hybrid_rag_pipeline:__init__:1458 - LLMDecisionMaker initialized

2026-03-31 08:20:46 CST | INFO     | shree.rag.hybrid_rag_pipeline:__init__:2002 - HybridRAGPipeline initialized

2026-03-31 08:20:46 CST | INFO     | shree.rag.data_ingestion:__init__:49 - RAGDataIngestionPipeline watching data

2026-03-31 08:20:46 CST | INFO     | shree.rag.rag_daily_updater:__init__:47 - RAGDailyUpdater initialized

2026-03-31 08:20:46 CST | INFO     | shree.rag.pipeline_integration:__init__:220 - HybridPipelineIntegration initialized

2026-03-31 08:20:46 CST | INFO     | shree.execution.components.trading_session_manager:initialize:182 - 🔎 Hybrid RAG index ready (faiss, 6 docs)

2026-03-31 08:20:46 CST | INFO     | shree.execution.components.trading_session_manager:initialize:186 - ✅ Hybrid RAG+LLM Pipeline initialized (3-layer decision system)

2026-03-31 08:20:46 CST | INFO     | shree.execution.live_trading_manager:_configure_aws_agents:623 - ℹ️  AWS Agents disabled: OpenSearch backend not permitted

2026-03-31 08:20:46 CST | INFO     | shree.execution.live_trading_manager:_load_historical_context:675 - 📊 Loading historical market context...

2026-03-31 08:20:46 CST | INFO     | shree.execution.ib_executor:keepalive_loop:2837 - Starting connection keepalive task (checking every 30s)

2026-03-31 08:20:46 CST | INFO     | shree.execution.ib_executor:get_qualified_contract:411 - Qualified contract: MESM6 (exp: 20260618) [offset=0]

2026-03-31 08:20:47 CST | INFO     | shree.execution.live_trading_manager:_load_historical_context:773 - ✅ Historical context loaded from IBKR daily bars:

2026-03-31 08:20:47 CST | INFO     | shree.execution.live_trading_manager:_load_historical_context:774 -    📈 Previous Day (2026-03-27): High=6495.75, Low=6389.00, Close=6412.25

2026-03-31 08:20:47 CST | INFO     | shree.execution.live_trading_manager:_load_historical_context:778 -    📊 Today (2026-03-30): High=6471.00, Low=6359.50

2026-03-31 08:20:47 CST | INFO     | shree.execution.live_trading_manager:_load_historical_context:779 -    📅 Weekly Range: 6359.50 - 6684.75

2026-03-31 08:20:47 CST | INFO     | shree.execution.live_trading_manager:_load_historical_context:780 -    ⏱️  Loaded at: 2026-03-31T08:20:47.097801-05:00

2026-03-31 08:20:47 CST | INFO     | shree.execution.live_trading_manager:_store_historical_context_in_rag:848 - ✅ Stored market context in RAG: rag_data/docs_dynamic/market_context_2026-03-31.txt

2026-03-31 08:20:47 CST | INFO     | shree.risk.dynamic_support:_recompute:175 - 🛡️ Dynamic support floor updated: 6354.50 (lowest=WL=6359.50 - 5.0pt buffer) [sources: PDL=6389.00, WL=6359.50] trigger=historical_context

2026-03-31 08:20:47 CST | INFO     | shree.rag.pipeline_integration:set_price_levels:246 - 📊 Price levels set from ibkr_historical: PDH=6495.75, PDL=6389.0, WeekHigh=6684.75, WeekLow=6359.5

2026-03-31 08:20:47 CST | INFO     | shree.execution.components.trading_session_manager:initialize:208 - ✅ Historical context wired to hybrid pipeline for decision-making

2026-03-31 08:20:47 CST | INFO     | shree.execution.live_trading_manager:_bootstrap_price_history:966 - 📚 Bootstrapped 61 historical 15m bars for structural context

2026-03-31 08:20:47 CST | INFO     | shree.execution.live_trading_manager:_bootstrap_price_history:969 -    ⏱️  First bar: 2026-03-30 17:15:00-05:00, Last bar: 2026-03-31 08:15:00-05:00, Now: 2026-03-31T08:20:47.188044-05:00

2026-03-31 08:20:47 CST | INFO     | shree.execution.live_trading_manager:_bootstrap_price_history:974 -    ⏱️  Data age: 347s (acceptable if <1200s)

2026-03-31 08:20:47 CST | INFO     | shree.execution.components.trading_session_manager:initialize:217 - ✅ Connected to IBKR

2026-03-31 08:20:47 CST | INFO     | shree.execution.components.trading_session_manager:initialize:224 - ✅ Live trading manager initialized

2026-03-31 08:20:47 CST | INFO     | shree.execution.components.trading_session_manager:start:239 - 🔄 Starting trading loop...

2026-03-31 08:20:47 CST | INFO     | shree.execution.components.trading_session_manager:start:253 - 🔁 Entering main loop: running=True, stop_requested=False, tf=15m, poll=30s

2026-03-31 08:20:52 CST | INFO     | shree.data.vx_futures_feed:_background_main:305 - 📈 VX Feed: Price=28.20 (multiplier=0.5x)

2026-03-31 08:25:49 CST | INFO     | shree.execution.components.trading_session_manager:start:267 - 💓 Heartbeat: waiting for 15m bar | bars=61 | price=None

2026-03-31 08:30:20 CST | INFO     | shree.execution.live_trading_manager:_should_block_new_entry:1421 - Entry blocked: waiting for 1/2 completed bars after startup

2026-03-31 08:30:50 CST | INFO     | shree.execution.components.trading_session_manager:start:267 - 💓 Heartbeat: waiting for 15m bar | bars=62 | price=6459.25

2026-03-31 08:35:51 CST | INFO     | shree.execution.components.trading_session_manager:start:267 - 💓 Heartbeat: waiting for 15m bar | bars=62 | price=6459.25

2026-03-31 08:38:22 CST | INFO     | shree.data.vx_futures_feed:_background_main:305 - 📈 VX Feed: Price=24.88 (multiplier=0.6x)

2026-03-31 08:40:53 CST | INFO     | shree.execution.components.trading_session_manager:start:267 - 💓 Heartbeat: waiting for 15m bar | bars=62 | price=6459.25

2026-03-31 08:45:24 CST | INFO     | shree.execution.ib_executor:get_active_order_count:2428 - 🔍 Sync: 0 active orders (0 PendingSubmit, lock=idle)

2026-03-31 08:45:24 CST | INFO     | shree.execution.components.signal_processor:process_trading_cycle:1246 - 🕐 New candle close at 08:45:00 CST

2026-03-31 08:45:24 CST | INFO     | shree.utils.structured_logging:log_structured_event:83 - Cycle start

2026-03-31 08:45:24 CST | INFO     | shree.strategies.es_fifteen_min:generate:478 - 🔁 OR reconstruction check: et_time=09:45:00 or_end=00:30:00 or_computed=False opening_bars=0

2026-03-31 08:45:24 CST | INFO     | shree.strategies.es_fifteen_min:generate:484 - 🔁 Enriched index range: 2026-03-30 17:15:00-05:00 -> 2026-03-31 08:45:00-05:00

2026-03-31 08:45:24 CST | INFO     | shree.strategies.es_fifteen_min:_compute_opening_range:1985 - 📊 OR computed: HIGH=6449.00 LOW=6438.50 (2 bars)

2026-03-31 08:45:24 CST | INFO     | shree.strategies.es_fifteen_min:_compute_opening_range:1996 - 💾 OR persisted to data/or_2026-03-31.json

2026-03-31 08:45:24 CST | INFO     | shree.strategies.es_fifteen_min:_reconstruct_or_from_history:2037 - 🔄 OR RECONSTRUCTED from 2 historical bars: HIGH=6449.00 LOW=6438.50

2026-03-31 08:45:24 CST | INFO     | shree.strategies.es_fifteen_min:generate:524 - 📌 Seeded prev_close=6459.25 from prior bar

2026-03-31 08:45:24 CST | INFO     | shree.strategies.es_fifteen_min:_check_ema21_pullback:1206 - 🚫 PDH_PROXIMITY_BLOCK: close=6470.00 within 0.25% of PDH=6470.25 (0.00% below) — blocking BUY

2026-03-31 08:45:24 CST | INFO     | shree.strategies.es_fifteen_min:generate:993 - 🔍 NO_SIGNAL diag: B:no_cross(c=6470.0,prev=6459.2,OR_H=6449.0) | C:adx(21)out[22-45.0] | D:ema21(6451.8)>=ema50(6439.5) | E:no_cross(c=6470.0,prev=6459.2,OR_L=6438.5) | F:adx(21)<25 | G:outside_london(08:45:00)

2026-03-31 08:45:24 CST | INFO     | shree.execution.components.signal_processor:_generate_strategy_first_signal:438 - 📊 Strategy Signal: HOLD (conf=0.00, meta=NO_SIGNAL)

2026-03-31 08:45:24 CST | INFO     | shree.execution.ib_executor:get_active_order_count:2428 - 🔍 Sync: 0 active orders (0 PendingSubmit, lock=idle)

2026-03-31 08:45:24 CST | INFO     | shree.execution.components.signal_processor:process_trading_cycle:1462 - Skipping trade (HOLD)

2026-03-31 08:45:54 CST | INFO     | shree.execution.components.trading_session_manager:start:267 - 💓 Heartbeat: waiting for 15m bar | bars=63 | price=6470.0

2026-03-31 08:50:55 CST | INFO     | shree.execution.components.trading_session_manager:start:267 - 💓 Heartbeat: waiting for 15m bar | bars=63 | price=6470.0

2026-03-31 08:55:57 CST | INFO     | shree.execution.components.trading_session_manager:start:267 - 💓 Heartbeat: waiting for 15m bar | bars=63 | price=6470.0

2026-03-31 09:00:28 CST | INFO     | shree.execution.ib_executor:get_active_order_count:2428 - 🔍 Sync: 0 active orders (0 PendingSubmit, lock=idle)

2026-03-31 09:00:28 CST | INFO     | shree.execution.components.signal_processor:process_trading_cycle:1246 - 🕐 New candle close at 09:00:00 CST

2026-03-31 09:00:28 CST | INFO     | shree.utils.structured_logging:log_structured_event:83 - Cycle start

2026-03-31 09:00:28 CST | INFO     | shree.strategies.es_fifteen_min:generate:993 - 🔍 NO_SIGNAL diag: A:low(6489.0)>touch(6466.1) | B:no_cross(c=6493.8,prev=6470.0,OR_H=6449.0) | C:low(6489.0)>touch(6475.4) | D:ema21(6455.6)>=ema50(6441.6) | E:no_cross(c=6493.8,prev=6470.0,OR_L=6438.5) | F:adx(23)<25 | G:outside_london(09:00:00)

2026-03-31 09:00:28 CST | INFO     | shree.execution.components.signal_processor:_generate_strategy_first_signal:438 - 📊 Strategy Signal: HOLD (conf=0.00, meta=NO_SIGNAL)

2026-03-31 09:00:28 CST | INFO     | shree.execution.ib_executor:get_active_order_count:2428 - 🔍 Sync: 0 active orders (0 PendingSubmit, lock=idle)

2026-03-31 09:00:28 CST | INFO     | shree.execution.components.signal_processor:process_trading_cycle:1462 - Skipping trade (HOLD)

2026-03-31 09:00:58 CST | INFO     | shree.execution.components.trading_session_manager:start:267 - 💓 Heartbeat: waiting for 15m bar | bars=64 | price=6493.75

2026-03-31 09:06:00 CST | INFO     | shree.execution.components.trading_session_manager:start:267 - 💓 Heartbeat: waiting for 15m bar | bars=64 | price=6493.75

2026-03-31 09:11:01 CST | INFO     | shree.execution.components.trading_session_manager:start:267 - 💓 Heartbeat: waiting for 15m bar | bars=64 | price=6493.75

2026-03-31 09:15:33 CST | INFO     | shree.execution.ib_executor:get_active_order_count:2428 - 🔍 Sync: 0 active orders (0 PendingSubmit, lock=idle)

2026-03-31 09:15:33 CST | INFO     | shree.execution.components.signal_processor:process_trading_cycle:1246 - 🕐 New candle close at 09:15:00 CST

2026-03-31 09:15:33 CST | INFO     | shree.utils.structured_logging:log_structured_event:83 - Cycle start

2026-03-31 09:15:33 CST | INFO     | shree.strategies.es_fifteen_min:generate:993 - 🔍 NO_SIGNAL diag: A:low(6481.8)>touch(6468.7) | B:no_cross(c=6485.2,prev=6493.8,OR_H=6449.0) | C:low(6481.8)>touch(6479.4) | D:ema21(6458.3)>=ema50(6443.3) | E:no_cross(c=6485.2,prev=6493.8,OR_L=6438.5) | F:adx(24)<25 | G:outside_london(09:15:00)

2026-03-31 09:15:33 CST | INFO     | shree.execution.components.signal_processor:_generate_strategy_first_signal:438 - 📊 Strategy Signal: HOLD (conf=0.00, meta=NO_SIGNAL)

2026-03-31 09:15:33 CST | INFO     | shree.execution.ib_executor:get_active_order_count:2428 - 🔍 Sync: 0 active orders (0 PendingSubmit, lock=idle)

2026-03-31 09:15:33 CST | INFO     | shree.execution.components.signal_processor:process_trading_cycle:1462 - Skipping trade (HOLD)

2026-03-31 09:16:03 CST | INFO     | shree.execution.components.trading_session_manager:start:267 - 💓 Heartbeat: waiting for 15m bar | bars=65 | price=6485.25

2026-03-31 09:21:05 CST | INFO     | shree.execution.components.trading_session_manager:start:267 - 💓 Heartbeat: waiting for 15m bar | bars=65 | price=6485.25

2026-03-31 09:26:06 CST | INFO     | shree.execution.components.trading_session_manager:start:267 - 💓 Heartbeat: waiting for 15m bar | bars=65 | price=6485.25

2026-03-31 09:30:07 CST | INFO     | shree.execution.ib_executor:get_active_order_count:2428 - 🔍 Sync: 0 active orders (0 PendingSubmit, lock=idle)

2026-03-31 09:30:07 CST | INFO     | shree.execution.components.signal_processor:process_trading_cycle:1246 - 🕐 New candle close at 09:30:00 CST

2026-03-31 09:30:07 CST | INFO     | shree.utils.structured_logging:log_structured_event:83 - Cycle start

2026-03-31 09:30:07 CST | INFO     | shree.strategies.es_fifteen_min:generate:993 - 🔍 NO_SIGNAL diag: A:low(6492.2)>touch(6471.5) | B:no_cross(c=6492.5,prev=6485.2,OR_H=6449.0) | C:low(6492.2)>touch(6483.9) | D:ema21(6461.4)>=ema50(6445.3) | E:no_cross(c=6492.5,prev=6485.2,OR_L=6438.5) | F:bearish(c=6492.5,o=6492.5) | G:outside_london(09:30:00)

2026-03-31 09:30:07 CST | INFO     | shree.execution.components.signal_processor:_generate_strategy_first_signal:438 - 📊 Strategy Signal: HOLD (conf=0.00, meta=NO_SIGNAL)

2026-03-31 09:30:07 CST | INFO     | shree.execution.ib_executor:get_active_order_count:2428 - 🔍 Sync: 0 active orders (0 PendingSubmit, lock=idle)

2026-03-31 09:30:07 CST | INFO     | shree.execution.components.signal_processor:process_trading_cycle:1462 - Skipping trade (HOLD)

2026-03-31 09:31:08 CST | INFO     | shree.execution.components.trading_session_manager:start:267 - 💓 Heartbeat: waiting for 15m bar | bars=66 | price=6492.5

2026-03-31 09:36:09 CST | INFO     | shree.execution.components.trading_session_manager:start:267 - 💓 Heartbeat: waiting for 15m bar | bars=66 | price=6492.5

2026-03-31 09:41:11 CST | INFO     | shree.execution.components.trading_session_manager:start:267 - 💓 Heartbeat: waiting for 15m bar | bars=66 | price=6492.5

2026-03-31 09:45:12 CST | INFO     | shree.execution.ib_executor:get_active_order_count:2428 - 🔍 Sync: 0 active orders (0 PendingSubmit, lock=idle)

2026-03-31 09:45:12 CST | INFO     | shree.execution.components.signal_processor:process_trading_cycle:1246 - 🕐 New candle close at 09:45:00 CST

2026-03-31 09:45:12 CST | INFO     | shree.utils.structured_logging:log_structured_event:83 - Cycle start

2026-03-31 09:45:12 CST | INFO     | shree.strategies.es_fifteen_min:generate:993 - 🔍 NO_SIGNAL diag: A:bearish(c=6469.8,o=6470.0) | B:no_cross(c=6469.8,prev=6492.5,OR_H=6449.0) | C:close(6469.8)<=ema9(6473.3) | D:ema21(6462.2)>=ema50(6446.2) | E:no_cross(c=6469.8,prev=6492.5,OR_L=6438.5) | F:adx(25)<25 | G:outside_london(09:45:00)

2026-03-31 09:45:12 CST | INFO     | shree.execution.components.signal_processor:_generate_strategy_first_signal:438 - 📊 Strategy Signal: HOLD (conf=0.00, meta=NO_SIGNAL)

2026-03-31 09:45:12 CST | INFO     | shree.execution.ib_executor:get_active_order_count:2428 - 🔍 Sync: 0 active orders (0 PendingSubmit, lock=idle)

2026-03-31 09:45:12 CST | INFO     | shree.execution.components.signal_processor:process_trading_cycle:1462 - Skipping trade (HOLD)

2026-03-31 09:46:12 CST | INFO     | shree.execution.components.trading_session_manager:start:267 - 💓 Heartbeat: waiting for 15m bar | bars=67 | price=6469.75

2026-03-31 09:51:14 CST | INFO     | shree.execution.components.trading_session_manager:start:267 - 💓 Heartbeat: waiting for 15m bar | bars=67 | price=6469.75

2026-03-31 09:56:15 CST | INFO     | shree.execution.components.trading_session_manager:start:267 - 💓 Heartbeat: waiting for 15m bar | bars=67 | price=6469.75

2026-03-31 10:00:16 CST | INFO     | shree.execution.ib_executor:get_active_order_count:2428 - 🔍 Sync: 0 active orders (0 PendingSubmit, lock=idle)

2026-03-31 10:00:16 CST | INFO     | shree.execution.components.signal_processor:process_trading_cycle:1246 - 🕐 New candle close at 10:00:00 CST

2026-03-31 10:00:16 CST | INFO     | shree.utils.structured_logging:log_structured_event:83 - Cycle start

2026-03-31 10:00:17 CST | INFO     | shree.strategies.es_fifteen_min:generate:993 - 🔍 NO_SIGNAL diag: A:close(6455.5)<=ema21(6461.6) | B:no_cross(c=6455.5,prev=6469.8,OR_H=6449.0) | C:close(6455.5)<=ema9(6469.8) | D:ema21(6461.6)>=ema50(6446.6) | E:no_cross(c=6455.5,prev=6469.8,OR_L=6438.5) | F:adx(23)<25 | G:outside_london(10:00:00)

2026-03-31 10:00:17 CST | INFO     | shree.execution.components.signal_processor:_generate_strategy_first_signal:438 - 📊 Strategy Signal: HOLD (conf=0.00, meta=NO_SIGNAL)

2026-03-31 10:00:17 CST | INFO     | shree.execution.ib_executor:get_active_order_count:2428 - 🔍 Sync: 0 active orders (0 PendingSubmit, lock=idle)

2026-03-31 10:00:17 CST | INFO     | shree.execution.components.signal_processor:process_trading_cycle:1462 - Skipping trade (HOLD)

2026-03-31 10:01:17 CST | INFO     | shree.execution.components.trading_session_manager:start:267 - 💓 Heartbeat: waiting for 15m bar | bars=68 | price=6455.5

2026-03-31 10:06:18 CST | INFO     | shree.execution.components.trading_session_manager:start:267 - 💓 Heartbeat: waiting for 15m bar | bars=68 | price=6455.5

2026-03-31 10:11:19 CST | INFO     | shree.execution.components.trading_session_manager:start:267 - 💓 Heartbeat: waiting for 15m bar | bars=68 | price=6455.5

2026-03-31 10:15:20 CST | INFO     | shree.execution.ib_executor:get_active_order_count:2428 - 🔍 Sync: 0 active orders (0 PendingSubmit, lock=idle)

2026-03-31 10:15:20 CST | INFO     | shree.execution.components.signal_processor:process_trading_cycle:1246 - 🕐 New candle close at 10:15:00 CST

2026-03-31 10:15:20 CST | INFO     | shree.utils.structured_logging:log_structured_event:83 - Cycle start

2026-03-31 10:15:20 CST | INFO     | shree.strategies.es_fifteen_min:generate:993 - 🔍 NO_SIGNAL diag: A:low(6486.5)>touch(6475.6) | B:no_cross(c=6487.0,prev=6455.5,OR_H=6449.0) | C:low(6486.5)>touch(6482.9) | D:ema21(6463.9)>=ema50(6448.2) | E:no_cross(c=6487.0,prev=6455.5,OR_L=6438.5) | F:adx(23)<25 | G:outside_london(10:15:00)

2026-03-31 10:15:20 CST | INFO     | shree.execution.components.signal_processor:_generate_strategy_first_signal:438 - 📊 Strategy Signal: HOLD (conf=0.00, meta=NO_SIGNAL)

2026-03-31 10:15:20 CST | INFO     | shree.execution.ib_executor:get_active_order_count:2428 - 🔍 Sync: 0 active orders (0 PendingSubmit, lock=idle)

2026-03-31 10:15:20 CST | INFO     | shree.execution.components.signal_processor:process_trading_cycle:1462 - Skipping trade (HOLD)

2026-03-31 10:16:21 CST | INFO     | shree.execution.components.trading_session_manager:start:267 - 💓 Heartbeat: waiting for 15m bar | bars=69 | price=6487.0

2026-03-31 10:21:22 CST | INFO     | shree.execution.components.trading_session_manager:start:267 - 💓 Heartbeat: waiting for 15m bar | bars=69 | price=6487.0

2026-03-31 10:26:24 CST | INFO     | shree.execution.components.trading_session_manager:start:267 - 💓 Heartbeat: waiting for 15m bar | bars=69 | price=6487.0

2026-03-31 10:30:25 CST | INFO     | shree.execution.ib_executor:get_active_order_count:2428 - 🔍 Sync: 0 active orders (0 PendingSubmit, lock=idle)

2026-03-31 10:30:25 CST | INFO     | shree.execution.components.signal_processor:process_trading_cycle:1246 - 🕐 New candle close at 10:30:00 CST

2026-03-31 10:30:25 CST | INFO     | shree.utils.structured_logging:log_structured_event:83 - Cycle start

2026-03-31 10:30:25 CST | INFO     | shree.strategies.es_fifteen_min:generate:993 - 🔍 NO_SIGNAL diag: A:bearish(c=6472.0,o=6474.2) | B:no_cross(c=6472.0,prev=6487.0,OR_H=6449.0) | C:close(6472.0)<=ema9(6473.0) | D:ema21(6464.6)>=ema50(6449.1) | E:no_cross(c=6472.0,prev=6487.0,OR_L=6438.5) | F:adx(22)<25 | G:outside_london(10:30:00)

2026-03-31 10:30:25 CST | INFO     | shree.execution.components.signal_processor:_generate_strategy_first_signal:438 - 📊 Strategy Signal: HOLD (conf=0.00, meta=NO_SIGNAL)

2026-03-31 10:30:25 CST | INFO     | shree.execution.ib_executor:get_active_order_count:2428 - 🔍 Sync: 0 active orders (0 PendingSubmit, lock=idle)

2026-03-31 10:30:25 CST | INFO     | shree.execution.components.signal_processor:process_trading_cycle:1462 - Skipping trade (HOLD)

2026-03-31 10:31:25 CST | INFO     | shree.execution.components.trading_session_manager:start:267 - 💓 Heartbeat: waiting for 15m bar | bars=70 | price=6472.0

2026-03-31 10:36:27 CST | INFO     | shree.execution.components.trading_session_manager:start:267 - 💓 Heartbeat: waiting for 15m bar | bars=70 | price=6472.0

2026-03-31 10:41:28 CST | INFO     | shree.execution.components.trading_session_manager:start:267 - 💓 Heartbeat: waiting for 15m bar | bars=70 | price=6472.0

2026-03-31 10:45:29 CST | INFO     | shree.execution.ib_executor:get_active_order_count:2428 - 🔍 Sync: 0 active orders (0 PendingSubmit, lock=idle)

2026-03-31 10:45:29 CST | INFO     | shree.execution.components.signal_processor:process_trading_cycle:1246 - 🕐 New candle close at 10:45:00 CST

2026-03-31 10:45:29 CST | INFO     | shree.utils.structured_logging:log_structured_event:83 - Cycle start

2026-03-31 10:45:30 CST | INFO     | shree.strategies.es_fifteen_min:generate:993 - 🔍 NO_SIGNAL diag: A:bearish(c=6473.5,o=6474.8) | B:no_cross(c=6473.5,prev=6472.0,OR_H=6449.0) | C:bearish(c=6473.5,o=6474.8) | D:ema21(6465.4)>=ema50(6450.1) | E:no_cross(c=6473.5,prev=6472.0,OR_L=6438.5) | F:adx(21)<25 | G:outside_london(10:45:00)

2026-03-31 10:45:30 CST | INFO     | shree.execution.components.signal_processor:_generate_strategy_first_signal:438 - 📊 Strategy Signal: HOLD (conf=0.00, meta=NO_SIGNAL)

2026-03-31 10:45:30 CST | INFO     | shree.execution.ib_executor:get_active_order_count:2428 - 🔍 Sync: 0 active orders (0 PendingSubmit, lock=idle)

2026-03-31 10:45:30 CST | INFO     | shree.execution.components.signal_processor:process_trading_cycle:1462 - Skipping trade (HOLD)

2026-03-31 10:46:30 CST | INFO     | shree.execution.components.trading_session_manager:start:267 - 💓 Heartbeat: waiting for 15m bar | bars=71 | price=6473.5

2026-03-31 10:51:31 CST | INFO     | shree.execution.components.trading_session_manager:start:267 - 💓 Heartbeat: waiting for 15m bar | bars=71 | price=6473.5

2026-03-31 10:56:33 CST | INFO     | shree.execution.components.trading_session_manager:start:267 - 💓 Heartbeat: waiting for 15m bar | bars=71 | price=6473.5

2026-03-31 11:00:34 CST | INFO     | shree.execution.ib_executor:get_active_order_count:2428 - 🔍 Sync: 0 active orders (0 PendingSubmit, lock=idle)

2026-03-31 11:00:34 CST | INFO     | shree.execution.components.signal_processor:process_trading_cycle:1246 - 🕐 New candle close at 11:00:00 CST

2026-03-31 11:00:34 CST | INFO     | shree.utils.structured_logging:log_structured_event:83 - Cycle start

2026-03-31 11:00:34 CST | INFO     | shree.strategies.es_fifteen_min:generate:993 - 🔍 NO_SIGNAL diag: A:macd_div(-1.03)<-0.5 | B:no_cross(c=6466.5,prev=6473.5,OR_H=6449.0) | C:close(6466.5)<=ema9(6471.8) | D:ema21(6465.5)>=ema50(6450.7) | E:no_cross(c=6466.5,prev=6473.5,OR_L=6438.5) | F:adx(19)<25 | G:outside_london(11:00:00)

2026-03-31 11:00:34 CST | INFO     | shree.execution.components.signal_processor:_generate_strategy_first_signal:438 - 📊 Strategy Signal: HOLD (conf=0.00, meta=NO_SIGNAL)

2026-03-31 11:00:34 CST | INFO     | shree.execution.ib_executor:get_active_order_count:2428 - 🔍 Sync: 0 active orders (0 PendingSubmit, lock=idle)

2026-03-31 11:00:34 CST | INFO     | shree.execution.components.signal_processor:process_trading_cycle:1462 - Skipping trade (HOLD)

2026-03-31 11:01:34 CST | INFO     | shree.execution.components.trading_session_manager:start:267 - 💓 Heartbeat: waiting for 15m bar | bars=72 | price=6466.5

2026-03-31 11:06:36 CST | INFO     | shree.execution.components.trading_session_manager:start:267 - 💓 Heartbeat: waiting for 15m bar | bars=72 | price=6466.5

2026-03-31 11:11:37 CST | INFO     | shree.execution.components.trading_session_manager:start:267 - 💓 Heartbeat: waiting for 15m bar | bars=72 | price=6466.5

2026-03-31 11:15:08 CST | INFO     | shree.execution.ib_executor:get_active_order_count:2428 - 🔍 Sync: 0 active orders (0 PendingSubmit, lock=idle)

2026-03-31 11:15:08 CST | INFO     | shree.execution.components.signal_processor:process_trading_cycle:1246 - 🕐 New candle close at 11:15:00 CST

2026-03-31 11:15:08 CST | INFO     | shree.utils.structured_logging:log_structured_event:83 - Cycle start

2026-03-31 11:15:08 CST | INFO     | shree.strategies.es_fifteen_min:generate:993 - 🔍 NO_SIGNAL diag: A:low(6480.5)>touch(6477.8) | B:no_cross(c=6480.8,prev=6466.5,OR_H=6449.0) | C:adx(19)out[22-45.0] | D:ema21(6466.9)>=ema50(6451.9) | E:no_cross(c=6480.8,prev=6466.5,OR_L=6438.5) | F:adx(19)<25 | G:outside_london(11:15:00)

2026-03-31 11:15:08 CST | INFO     | shree.execution.components.signal_processor:_generate_strategy_first_signal:438 - 📊 Strategy Signal: HOLD (conf=0.00, meta=NO_SIGNAL)

2026-03-31 11:15:08 CST | INFO     | shree.execution.ib_executor:get_active_order_count:2428 - 🔍 Sync: 0 active orders (0 PendingSubmit, lock=idle)

2026-03-31 11:15:08 CST | INFO     | shree.execution.components.signal_processor:process_trading_cycle:1462 - Skipping trade (HOLD)

2026-03-31 11:16:38 CST | INFO     | shree.execution.components.trading_session_manager:start:267 - 💓 Heartbeat: waiting for 15m bar | bars=73 | price=6480.75

2026-03-31 11:21:40 CST | INFO     | shree.execution.components.trading_session_manager:start:267 - 💓 Heartbeat: waiting for 15m bar | bars=73 | price=6480.75

2026-03-31 11:26:42 CST | INFO     | shree.execution.components.trading_session_manager:start:267 - 💓 Heartbeat: waiting for 15m bar | bars=73 | price=6480.75

2026-03-31 11:30:13 CST | INFO     | shree.execution.ib_executor:get_active_order_count:2428 - 🔍 Sync: 0 active orders (0 PendingSubmit, lock=idle)

2026-03-31 11:30:13 CST | INFO     | shree.execution.components.signal_processor:process_trading_cycle:1246 - 🕐 New candle close at 11:30:00 CST

2026-03-31 11:30:13 CST | INFO     | shree.utils.structured_logging:log_structured_event:83 - Cycle start

2026-03-31 11:30:13 CST | INFO     | shree.strategies.es_fifteen_min:generate:993 - 🔍 NO_SIGNAL diag: A:low(6486.0)>touch(6479.3) | B:no_cross(c=6486.8,prev=6480.8,OR_H=6449.0) | C:low(6486.0)>touch(6485.9) | D:ema21(6468.7)>=ema50(6453.3) | E:no_cross(c=6486.8,prev=6480.8,OR_L=6438.5) | F:adx(18)<25 | G:outside_london(11:30:00)

2026-03-31 11:30:13 CST | INFO     | shree.execution.components.signal_processor:_generate_strategy_first_signal:438 - 📊 Strategy Signal: HOLD (conf=0.00, meta=NO_SIGNAL)

2026-03-31 11:30:13 CST | INFO     | shree.execution.ib_executor:get_active_order_count:2428 - 🔍 Sync: 0 active orders (0 PendingSubmit, lock=idle)

2026-03-31 11:30:13 CST | INFO     | shree.execution.components.signal_processor:process_trading_cycle:1462 - Skipping trade (HOLD)

2026-03-31 11:31:44 CST | INFO     | shree.execution.components.trading_session_manager:start:267 - 💓 Heartbeat: waiting for 15m bar | bars=74 | price=6486.75

2026-03-31 11:36:45 CST | INFO     | shree.execution.components.trading_session_manager:start:267 - 💓 Heartbeat: waiting for 15m bar | bars=74 | price=6486.75

2026-03-31 11:41:47 CST | INFO     | shree.execution.components.trading_session_manager:start:267 - 💓 Heartbeat: waiting for 15m bar | bars=74 | price=6486.75

2026-03-31 11:45:18 CST | INFO     | shree.execution.ib_executor:get_active_order_count:2428 - 🔍 Sync: 0 active orders (0 PendingSubmit, lock=idle)

2026-03-31 11:45:18 CST | INFO     | shree.execution.components.signal_processor:process_trading_cycle:1246 - 🕐 New candle close at 11:45:00 CST

2026-03-31 11:45:18 CST | INFO     | shree.utils.structured_logging:log_structured_event:83 - Cycle start

2026-03-31 11:45:18 CST | INFO     | shree.strategies.es_fifteen_min:generate:993 - 🔍 NO_SIGNAL diag: A:low(6535.0)>touch(6487.6) | B:no_cross(c=6537.5,prev=6486.8,OR_H=6449.0) | C:low(6535.0)>touch(6498.2) | D:ema21(6475.0)>=ema50(6456.6) | E:no_cross(c=6537.5,prev=6486.8,OR_L=6438.5) | F:adx(20)<25 | G:outside_london(11:45:00)

2026-03-31 11:45:18 CST | INFO     | shree.execution.components.signal_processor:_generate_strategy_first_signal:438 - 📊 Strategy Signal: HOLD (conf=0.00, meta=NO_SIGNAL)

2026-03-31 11:45:18 CST | INFO     | shree.execution.ib_executor:get_active_order_count:2428 - 🔍 Sync: 0 active orders (0 PendingSubmit, lock=idle)

2026-03-31 11:45:18 CST | INFO     | shree.execution.components.signal_processor:process_trading_cycle:1462 - Skipping trade (HOLD)

2026-03-31 11:46:49 CST | INFO     | shree.execution.components.trading_session_manager:start:267 - 💓 Heartbeat: waiting for 15m bar | bars=75 | price=6537.5

2026-03-31 11:51:51 CST | INFO     | shree.execution.components.trading_session_manager:start:267 - 💓 Heartbeat: waiting for 15m bar | bars=75 | price=6537.5

2026-03-31 11:56:53 CST | INFO     | shree.execution.components.trading_session_manager:start:267 - 💓 Heartbeat: waiting for 15m bar | bars=75 | price=6537.5

2026-03-31 12:00:24 CST | INFO     | shree.execution.ib_executor:get_active_order_count:2428 - 🔍 Sync: 0 active orders (0 PendingSubmit, lock=idle)

2026-03-31 12:00:24 CST | INFO     | shree.execution.components.signal_processor:process_trading_cycle:1246 - 🕐 New candle close at 12:00:00 CST

2026-03-31 12:00:24 CST | INFO     | shree.utils.structured_logging:log_structured_event:83 - Cycle start

2026-03-31 12:00:24 CST | INFO     | shree.strategies.es_fifteen_min:generate:993 - 🔍 NO_SIGNAL diag: A:low(6534.0)>touch(6492.9) | B:no_cross(c=6539.2,prev=6537.5,OR_H=6449.0) | C:low(6534.0)>touch(6508.4) | D:ema21(6480.8)>=ema50(6459.8) | E:no_cross(c=6539.2,prev=6537.5,OR_L=6438.5) | F:adx(21)<25 | G:outside_london(12:00:00)

2026-03-31 12:00:24 CST | INFO     | shree.execution.components.signal_processor:_generate_strategy_first_signal:438 - 📊 Strategy Signal: HOLD (conf=0.00, meta=NO_SIGNAL)

2026-03-31 12:00:24 CST | INFO     | shree.execution.ib_executor:get_active_order_count:2428 - 🔍 Sync: 0 active orders (0 PendingSubmit, lock=idle)

2026-03-31 12:00:24 CST | INFO     | shree.execution.components.signal_processor:process_trading_cycle:1462 - Skipping trade (HOLD)

2026-03-31 12:01:55 CST | INFO     | shree.execution.components.trading_session_manager:start:267 - 💓 Heartbeat: waiting for 15m bar | bars=76 | price=6539.25

2026-03-31 12:06:56 CST | INFO     | shree.execution.components.trading_session_manager:start:267 - 💓 Heartbeat: waiting for 15m bar | bars=76 | price=6539.25

2026-03-31 12:11:58 CST | INFO     | shree.execution.components.trading_session_manager:start:267 - 💓 Heartbeat: waiting for 15m bar | bars=76 | price=6539.25

2026-03-31 12:15:29 CST | INFO     | shree.execution.ib_executor:get_active_order_count:2428 - 🔍 Sync: 0 active orders (0 PendingSubmit, lock=idle)

2026-03-31 12:15:29 CST | INFO     | shree.execution.components.signal_processor:process_trading_cycle:1246 - 🕐 New candle close at 12:15:00 CST

2026-03-31 12:15:29 CST | INFO     | shree.utils.structured_logging:log_structured_event:83 - Cycle start

2026-03-31 12:15:29 CST | INFO     | shree.strategies.es_fifteen_min:generate:993 - 🔍 NO_SIGNAL diag: A:low(6542.5)>touch(6498.0) | B:no_cross(c=6543.5,prev=6539.2,OR_H=6449.0) | C:low(6542.5)>touch(6517.4) | D:ema21(6486.5)>=ema50(6463.1) | E:no_cross(c=6543.5,prev=6539.2,OR_L=6438.5) | F:adx(22)<25 | G:outside_london(12:15:00)

2026-03-31 12:15:29 CST | INFO     | shree.execution.components.signal_processor:_generate_strategy_first_signal:438 - 📊 Strategy Signal: HOLD (conf=0.00, meta=NO_SIGNAL)

2026-03-31 12:15:29 CST | INFO     | shree.execution.ib_executor:get_active_order_count:2428 - 🔍 Sync: 0 active orders (0 PendingSubmit, lock=idle)

2026-03-31 12:15:29 CST | INFO     | shree.execution.components.signal_processor:process_trading_cycle:1462 - Skipping trade (HOLD)

2026-03-31 12:16:59 CST | INFO     | shree.execution.components.trading_session_manager:start:267 - 💓 Heartbeat: waiting for 15m bar | bars=77 | price=6543.5

2026-03-31 12:22:01 CST | INFO     | shree.execution.components.trading_session_manager:start:267 - 💓 Heartbeat: waiting for 15m bar | bars=77 | price=6543.5

2026-03-31 12:27:02 CST | INFO     | shree.execution.components.trading_session_manager:start:267 - 💓 Heartbeat: waiting for 15m bar | bars=77 | price=6543.5

2026-03-31 12:30:33 CST | INFO     | shree.execution.ib_executor:get_active_order_count:2428 - 🔍 Sync: 0 active orders (0 PendingSubmit, lock=idle)

2026-03-31 12:30:33 CST | INFO     | shree.execution.components.signal_processor:process_trading_cycle:1246 - 🕐 New candle close at 12:30:00 CST

2026-03-31 12:30:33 CST | INFO     | shree.utils.structured_logging:log_structured_event:83 - Cycle start

2026-03-31 12:30:33 CST | INFO     | shree.strategies.es_fifteen_min:generate:993 - 🔍 NO_SIGNAL diag: A:low(6537.8)>touch(6502.4) | B:no_cross(c=6540.5,prev=6543.5,OR_H=6449.0) | C:low(6537.8)>touch(6523.9) | D:ema21(6491.4)>=ema50(6466.1) | E:no_cross(c=6540.5,prev=6543.5,OR_L=6438.5) | F:adx(23)<25 | G:outside_london(12:30:00)

2026-03-31 12:30:33 CST | INFO     | shree.execution.components.signal_processor:_generate_strategy_first_signal:438 - 📊 Strategy Signal: HOLD (conf=0.00, meta=NO_SIGNAL)

2026-03-31 12:30:33 CST | INFO     | shree.execution.ib_executor:get_active_order_count:2428 - 🔍 Sync: 0 active orders (0 PendingSubmit, lock=idle)

2026-03-31 12:30:33 CST | INFO     | shree.execution.components.signal_processor:process_trading_cycle:1462 - Skipping trade (HOLD)

2026-03-31 12:32:04 CST | INFO     | shree.execution.components.trading_session_manager:start:267 - 💓 Heartbeat: waiting for 15m bar | bars=78 | price=6540.5

2026-03-31 12:37:06 CST | INFO     | shree.execution.components.trading_session_manager:start:267 - 💓 Heartbeat: waiting for 15m bar | bars=78 | price=6540.5

2026-03-31 12:42:08 CST | INFO     | shree.execution.components.trading_session_manager:start:267 - 💓 Heartbeat: waiting for 15m bar | bars=78 | price=6540.5

2026-03-31 12:45:09 CST | INFO     | shree.execution.ib_executor:get_active_order_count:2428 - 🔍 Sync: 0 active orders (0 PendingSubmit, lock=idle)

2026-03-31 12:45:09 CST | INFO     | shree.execution.components.signal_processor:process_trading_cycle:1246 - 🕐 New candle close at 12:45:00 CST

2026-03-31 12:45:09 CST | INFO     | shree.utils.structured_logging:log_structured_event:83 - Cycle start

2026-03-31 12:45:09 CST | INFO     | shree.strategies.es_fifteen_min:generate:993 - 🔍 NO_SIGNAL diag: A:low(6534.5)>touch(6505.9) | B:no_cross(c=6535.0,prev=6540.5,OR_H=6449.0) | C:low(6534.5)>touch(6528.1) | D:ema21(6495.4)>=ema50(6468.8) | E:no_cross(c=6535.0,prev=6540.5,OR_L=6438.5) | F:adx(24)<25 | G:outside_london(12:45:00)

2026-03-31 12:45:09 CST | INFO     | shree.execution.components.signal_processor:_generate_strategy_first_signal:438 - 📊 Strategy Signal: HOLD (conf=0.00, meta=NO_SIGNAL)

2026-03-31 12:45:09 CST | INFO     | shree.execution.ib_executor:get_active_order_count:2428 - 🔍 Sync: 0 active orders (0 PendingSubmit, lock=idle)

2026-03-31 12:45:09 CST | INFO     | shree.execution.components.signal_processor:process_trading_cycle:1462 - Skipping trade (HOLD)

2026-03-31 12:47:09 CST | INFO     | shree.execution.components.trading_session_manager:start:267 - 💓 Heartbeat: waiting for 15m bar | bars=79 | price=6535.0

2026-03-31 12:52:11 CST | INFO     | shree.execution.components.trading_session_manager:start:267 - 💓 Heartbeat: waiting for 15m bar | bars=79 | price=6535.0

2026-03-31 12:57:12 CST | INFO     | shree.execution.components.trading_session_manager:start:267 - 💓 Heartbeat: waiting for 15m bar | bars=79 | price=6535.0

2026-03-31 13:00:13 CST | INFO     | shree.execution.ib_executor:get_active_order_count:2428 - 🔍 Sync: 0 active orders (0 PendingSubmit, lock=idle)

2026-03-31 13:00:13 CST | INFO     | shree.execution.components.signal_processor:process_trading_cycle:1246 - 🕐 New candle close at 13:00:00 CST

2026-03-31 13:00:13 CST | INFO     | shree.utils.structured_logging:log_structured_event:83 - Cycle start

2026-03-31 13:00:13 CST | INFO     | shree.strategies.es_fifteen_min:generate:993 - 🔍 NO_SIGNAL diag: A:low(6531.8)>touch(6508.8) | B:no_cross(c=6533.5,prev=6535.0,OR_H=6449.0) | C:low(6531.8)>touch(6531.2) | D:ema21(6498.8)>=ema50(6471.4) | E:no_cross(c=6533.5,prev=6535.0,OR_L=6438.5) | F:adx(24)<25 | G:outside_london(13:00:00)

2026-03-31 13:00:13 CST | INFO     | shree.execution.components.signal_processor:_generate_strategy_first_signal:438 - 📊 Strategy Signal: HOLD (conf=0.00, meta=NO_SIGNAL)

2026-03-31 13:00:13 CST | INFO     | shree.execution.ib_executor:get_active_order_count:2428 - 🔍 Sync: 0 active orders (0 PendingSubmit, lock=idle)

2026-03-31 13:00:13 CST | INFO     | shree.execution.components.signal_processor:process_trading_cycle:1462 - Skipping trade (HOLD)

2026-03-31 13:02:14 CST | INFO     | shree.execution.components.trading_session_manager:start:267 - 💓 Heartbeat: waiting for 15m bar | bars=80 | price=6533.5

2026-03-31 13:07:16 CST | INFO     | shree.execution.components.trading_session_manager:start:267 - 💓 Heartbeat: waiting for 15m bar | bars=80 | price=6533.5

2026-03-31 13:12:17 CST | INFO     | shree.execution.components.trading_session_manager:start:267 - 💓 Heartbeat: waiting for 15m bar | bars=80 | price=6533.5

2026-03-31 13:15:18 CST | INFO     | shree.execution.ib_executor:get_active_order_count:2428 - 🔍 Sync: 0 active orders (0 PendingSubmit, lock=idle)

2026-03-31 13:15:18 CST | INFO     | shree.execution.components.signal_processor:process_trading_cycle:1246 - 🕐 New candle close at 13:15:00 CST

2026-03-31 13:15:18 CST | INFO     | shree.utils.structured_logging:log_structured_event:83 - Cycle start

2026-03-31 13:15:18 CST | INFO     | shree.strategies.es_fifteen_min:generate:1094 - 📊 2026-03-31 13:15:00-05:00 | BUY: close=6543.25 ema21=6502.88 atr=13.1 adx=25 rsi=68 macd_h=4.49 SL=6530.13 TP=6559.65 [RTH] | TREND_CONT_LONG | ADX=25 | RSI=68 | MACD_H=4.49 | e9=6525.7 | #1 | SL=13.1pts | TP=16.4pts

2026-03-31 13:15:18 CST | INFO     | shree.execution.components.signal_processor:_generate_strategy_first_signal:438 - 📊 Strategy Signal: BUY (conf=0.70, meta=TREND_CONT_LONG | ADX=25 | RSI=68 | MACD_H=4.49 | e9=6525.7 | #1 | SL=13.1pts | TP=16.4pts)

2026-03-31 13:15:18 CST | INFO     | shree.data.sentiment_aggregator:get_combined_mes_sentiment:1239 - 🔄 Fetching fresh multi-source sentiment... [fetch_id=181518]

2026-03-31 13:15:23 CST | INFO     | shree.data.sentiment_aggregator:get_stocktwits_sentiment:467 - 📊 Stocktwits: score=-0.73 (bull=4, bear=26, total=60) [ts=18:15:23]

2026-03-31 13:15:26 CST | INFO     | shree.data.sentiment_aggregator:_get_reddit_sentiment_public:696 - 📱 Reddit (public): score=0.03 (samples=18, unique_posts=12)

2026-03-31 13:15:26 CST | INFO     | shree.data.sentiment_aggregator:get_vix_sentiment:978 - 📊 VIX Regime: VIX=24.88 -> ELEVATED (score=-0.20, conf=0.70, source=vx_futures)

2026-03-31 13:15:26 CST | INFO     | shree.data.sentiment_aggregator:get_combined_mes_sentiment:1256 -    Blended with VIX: social=-0.41, vix=-0.20 -> -0.33

2026-03-31 13:15:26 CST | INFO     | shree.data.sentiment_aggregator:get_combined_mes_sentiment:1271 - ==================================================

2026-03-31 13:15:26 CST | INFO     | shree.data.sentiment_aggregator:get_combined_mes_sentiment:1272 - 📊 MULTI-SOURCE SENTIMENT SUMMARY

2026-03-31 13:15:26 CST | INFO     | shree.data.sentiment_aggregator:get_combined_mes_sentiment:1273 - ==================================================

2026-03-31 13:15:26 CST | INFO     | shree.data.sentiment_aggregator:get_combined_mes_sentiment:1274 -    Stocktwits: -0.73 (60 samples)

2026-03-31 13:15:26 CST | INFO     | shree.data.sentiment_aggregator:get_combined_mes_sentiment:1275 -    Reddit:     +0.03 (18 samples)

2026-03-31 13:15:26 CST | INFO     | shree.data.sentiment_aggregator:get_combined_mes_sentiment:1276 -    Twitter:    +0.00 (0 samples)

2026-03-31 13:15:26 CST | INFO     | shree.data.sentiment_aggregator:get_combined_mes_sentiment:1277 -    VIX:        -0.20 (market-based)

2026-03-31 13:15:26 CST | INFO     | shree.data.sentiment_aggregator:get_combined_mes_sentiment:1278 -    ━━━━━━━━━━━━━━━━━━━━━━━━━━

2026-03-31 13:15:26 CST | INFO     | shree.data.sentiment_aggregator:get_combined_mes_sentiment:1279 -    COMBINED:   -0.33

2026-03-31 13:15:26 CST | INFO     | shree.data.sentiment_aggregator:get_combined_mes_sentiment:1280 - ==================================================

2026-03-31 13:15:26 CST | INFO     | shree.execution.components.sentiment_evaluator:_evaluate_multi_source_sentiment:330 - 📊 Multi-Source Sentiment Check (RTH):

2026-03-31 13:15:26 CST | INFO     | shree.execution.components.sentiment_evaluator:_evaluate_multi_source_sentiment:331 -    Combined Score: -0.33

2026-03-31 13:15:26 CST | INFO     | shree.execution.components.sentiment_evaluator:_evaluate_multi_source_sentiment:333 -    Breakdown:

2026-03-31 13:15:26 CST | INFO     | shree.execution.components.sentiment_evaluator:_evaluate_multi_source_sentiment:334 -       Stocktwits: -0.73

2026-03-31 13:15:26 CST | INFO     | shree.execution.components.sentiment_evaluator:_evaluate_multi_source_sentiment:335 -       Reddit:     +0.03

2026-03-31 13:15:26 CST | INFO     | shree.execution.components.sentiment_evaluator:_evaluate_multi_source_sentiment:336 -       Twitter:    +0.00

2026-03-31 13:15:26 CST | INFO     | shree.execution.components.sentiment_evaluator:_evaluate_multi_source_sentiment:337 -    Thresholds: block=±0.3, weak=±0.15

2026-03-31 13:15:26 CST | INFO     | shree.execution.components.sentiment_evaluator:_evaluate_multi_source_sentiment:338 -    Recommendation: BLOCK

2026-03-31 13:15:26 CST | INFO     | shree.execution.components.sentiment_evaluator:_evaluate_multi_source_sentiment:339 -    Reason: Strong bearish sentiment (-0.33) blocks LONG entry

2026-03-31 13:15:26 CST | INFO     | shree.utils.structured_logging:log_structured_event:83 - MultiSource Sentiment BLOCK

2026-03-31 13:15:26 CST | WARNING  | shree.execution.components.sentiment_evaluator:_evaluate_multi_source_sentiment:361 - 🚫 MULTI-SOURCE SENTIMENT BLOCK (RTH): Strong bearish sentiment (-0.33) blocks LONG entry

2026-03-31 13:15:26 CST | INFO     | shree.execution.components.signal_processor:_generate_strategy_first_signal:493 - 📡 Sentiment overlay: score=-0.327 bias=BEARISH

2026-03-31 13:15:26 CST | INFO     | shree.execution.components.sentiment_evaluator:get_vx_multiplier:249 - 📈 VX Volatility Adjustment: VX=24.88 → 0.6x multiplier

2026-03-31 13:15:26 CST | INFO     | shree.execution.components.signal_processor:_generate_strategy_first_signal:567 - 📈 VX Adjustment: VX=24.9 | 0.000 +0.050 = 0.100 (trend_cont)

2026-03-31 13:15:26 CST | INFO     | shree.llm.trade_logger:_init_database:77 - Trade logger database initialized: /Users/svss/Documents/code/ShreeBot/data/llm_trades.db

2026-03-31 13:15:26 CST | INFO     | shree.rag.trade_logger:_get_metrics_logger:464 - Metrics logger ready for structural persistence

2026-03-31 13:15:26 CST | INFO     | shree.rag.hybrid_rag_pipeline:evaluate:1168 - SCORE_DEBUG: buy=65.0, sell=0.0, threshold=20, scalp_mode=False, daily_bias=BULLISH

2026-03-31 13:15:26 CST | INFO     | shree.rag.hybrid_rag_pipeline:evaluate:1170 - SCORE_BREAKDOWN: TREND_SCORE:+105(EMA_STACK_UP+ABOVE_EMA50+MACD_POS) | UPTREND:+30 | RSI_BULLISH_ZONE(68.4):BUY+7.5 | MACD_STRONG_POS(4.49):+12.5 | NO_LEVEL(PDH:0.73%,PDL:2.36%) | BULLISH_ACCEPTANCE(BUY*1.3,SELL*0.4)

2026-03-31 13:15:28 CST | INFO     | shree.rag.s3_storage:read_from_s3:311 - Downloaded from S3: spy-futures-bot/trade-logs/2026-01-02/190810_efcfe16e.json

2026-03-31 13:15:29 CST | INFO     | shree.rag.s3_storage:read_from_s3:311 - Downloaded from S3: spy-futures-bot/trade-logs/2026-01-02/173410_6a54a25b.json

2026-03-31 13:15:29 CST | INFO     | shree.rag.s3_storage:read_from_s3:311 - Downloaded from S3: spy-futures-bot/trade-logs/2026-01-02/162307_d9c30f67.json

2026-03-31 13:15:29 CST | INFO     | shree.rag.s3_storage:read_from_s3:311 - Downloaded from S3: spy-futures-bot/trade-logs/2026-01-02/161355_f188b596.json

2026-03-31 13:15:29 CST | INFO     | shree.rag.s3_storage:read_from_s3:311 - Downloaded from S3: spy-futures-bot/trade-logs/2026-01-02/161208_d2dab2af.json

2026-03-31 13:15:29 CST | INFO     | shree.rag.s3_storage:read_from_s3:311 - Downloaded from S3: spy-futures-bot/trade-logs/2026-01-02/155109_ad4e5ed7.json

2026-03-31 13:15:29 CST | INFO     | shree.rag.s3_storage:read_from_s3:311 - Downloaded from S3: spy-futures-bot/trade-logs/2026-01-02/152211_8cb8fc7e.json

2026-03-31 13:15:29 CST | INFO     | shree.rag.s3_storage:read_from_s3:311 - Downloaded from S3: spy-futures-bot/trade-logs/2026-01-02/152108_8dd091ac.json

2026-03-31 13:15:29 CST | INFO     | shree.rag.s3_storage:read_from_s3:311 - Downloaded from S3: spy-futures-bot/trade-logs/2026-01-02/151810_abe7cb47.json

2026-03-31 13:15:29 CST | INFO     | shree.rag.s3_storage:read_from_s3:311 - Downloaded from S3: spy-futures-bot/trade-logs/2026-01-02/151710_7fb00e3e.json

2026-03-31 13:15:29 CST | INFO     | shree.rag.s3_storage:read_from_s3:311 - Downloaded from S3: spy-futures-bot/trade-logs/2026-01-02/151112_8a29fbc2.json

2026-03-31 13:15:29 CST | INFO     | shree.rag.s3_storage:read_from_s3:311 - Downloaded from S3: spy-futures-bot/trade-logs/2026-01-02/145010_be4875e4.json

2026-03-31 13:15:29 CST | INFO     | shree.rag.s3_storage:read_from_s3:311 - Downloaded from S3: spy-futures-bot/trade-logs/2025-12-31/201011_f138ff7d.json

2026-03-31 13:15:30 CST | INFO     | shree.rag.s3_storage:read_from_s3:311 - Downloaded from S3: spy-futures-bot/trade-logs/2025-12-31/200906_c2a58ac5.json

2026-03-31 13:15:30 CST | INFO     | shree.rag.s3_storage:read_from_s3:311 - Downloaded from S3: spy-futures-bot/trade-logs/2025-12-31/150907_ca768f54.json

2026-03-31 13:15:30 CST | INFO     | shree.rag.s3_storage:read_from_s3:311 - Downloaded from S3: spy-futures-bot/trade-logs/2025-12-31/150839_84fc1132.json

2026-03-31 13:15:30 CST | INFO     | shree.rag.s3_storage:read_from_s3:311 - Downloaded from S3: spy-futures-bot/trade-logs/2025-12-31/145218_c4d72f32.json

2026-03-31 13:15:30 CST | INFO     | shree.rag.s3_storage:read_from_s3:311 - Downloaded from S3: spy-futures-bot/trade-logs/2025-12-30/174320_2bbc848b.json

2026-03-31 13:15:30 CST | INFO     | shree.rag.s3_storage:read_from_s3:311 - Downloaded from S3: spy-futures-bot/trade-logs/2025-12-30/173609_1ab59c03.json

2026-03-31 13:15:30 CST | INFO     | shree.rag.s3_storage:read_from_s3:311 - Downloaded from S3: spy-futures-bot/trade-logs/2025-12-29/194840_24ff5aff.json

2026-03-31 13:15:30 CST | INFO     | shree.rag.s3_storage:read_from_s3:311 - Downloaded from S3: spy-futures-bot/trade-logs/2025-12-29/181706_8f6e4b9f.json

2026-03-31 13:15:30 CST | INFO     | shree.rag.s3_storage:read_from_s3:311 - Downloaded from S3: spy-futures-bot/trade-logs/2025-12-29/181701_544a9807.json

2026-03-31 13:15:31 CST | INFO     | shree.rag.s3_storage:read_from_s3:311 - Downloaded from S3: spy-futures-bot/trade-logs/2025-12-29/153512_858a8feb.json

2026-03-31 13:15:31 CST | INFO     | shree.rag.s3_storage:read_from_s3:311 - Downloaded from S3: spy-futures-bot/trade-logs/2025-12-26/025007_d8415f56.json

2026-03-31 13:15:31 CST | INFO     | shree.rag.s3_storage:read_from_s3:311 - Downloaded from S3: spy-futures-bot/trade-logs/2025-12-19/153007_53e3be8b.json

2026-03-31 13:15:31 CST | INFO     | shree.rag.s3_storage:read_from_s3:311 - Downloaded from S3: spy-futures-bot/trade-logs/2025-12-18/013010_02879f3e.json

2026-03-31 13:15:31 CST | INFO     | shree.rag.s3_storage:read_from_s3:311 - Downloaded from S3: spy-futures-bot/trade-logs/2025-12-16/020504_3d5d3415.json

2026-03-31 13:15:31 CST | INFO     | shree.rag.s3_storage:read_from_s3:311 - Downloaded from S3: spy-futures-bot/trade-logs/2025-12-15/172708_349b8dd1.json

2026-03-31 13:15:31 CST | INFO     | shree.rag.s3_storage:read_from_s3:311 - Downloaded from S3: spy-futures-bot/trade-logs/2025-12-12/094939_cfbffda2.json

2026-03-31 13:15:31 CST | INFO     | shree.rag.s3_storage:read_from_s3:311 - Downloaded from S3: spy-futures-bot/trade-logs/2025-12-08/190350_test_007.json

2026-03-31 13:15:31 CST | INFO     | shree.rag.s3_storage:read_from_s3:311 - Downloaded from S3: spy-futures-bot/trade-logs/2025-12-07/190350_test_006.json

2026-03-31 13:15:31 CST | INFO     | shree.rag.s3_storage:read_from_s3:311 - Downloaded from S3: spy-futures-bot/trade-logs/2025-12-06/190350_test_005.json

2026-03-31 13:15:31 CST | INFO     | shree.rag.s3_storage:read_from_s3:311 - Downloaded from S3: spy-futures-bot/trade-logs/2025-12-05/190350_test_004.json

2026-03-31 13:15:32 CST | INFO     | shree.rag.s3_storage:read_from_s3:311 - Downloaded from S3: spy-futures-bot/trade-logs/2025-12-04/190350_test_003.json

2026-03-31 13:15:32 CST | INFO     | shree.rag.s3_storage:read_from_s3:311 - Downloaded from S3: spy-futures-bot/trade-logs/2025-12-03/190350_test_002.json

2026-03-31 13:15:32 CST | INFO     | shree.rag.s3_storage:read_from_s3:311 - Downloaded from S3: spy-futures-bot/trade-logs/2025-12-02/190350_test_001.json

2026-03-31 13:15:32 CST | INFO     | shree.rag.hybrid_rag_pipeline:process:2744 - Pipeline result: BUY (conf=52%, time=5706ms)

2026-03-31 13:15:32 CST | INFO     | shree.utils.structured_logging:log_structured_event:83 - BUY entry=6543.25 SL=6503.89 (39.36) TP=6621.98 (78.73)

2026-03-31 13:15:32 CST | INFO     | shree.rag.pipeline_integration:_log_protection_snapshot:1001 - 🛡️ Protection snapshot | BUY entry=6543.25 SL=6503.89 (39.36) TP=6621.98 (78.73) fallback=no

2026-03-31 13:15:32 CST | INFO     | shree.utils.structured_logging:log_structured_event:83 - BUY @ 0.52

2026-03-31 13:15:32 CST | INFO     | shree.rag.pipeline_integration:process_sync:827 - Hybrid Pipeline: BUY (conf=0.52, trend=UPTREND, vol=MEDIUM)

2026-03-31 13:15:32 CST | INFO     | shree.execution.components.signal_processor:_generate_strategy_first_signal:647 - 🤖 Hybrid OPPOSES (BUY vs HOLD): conf dampen -0.100 → 0.100

2026-03-31 13:15:32 CST | WARNING  | shree.execution.components.signal_processor:_generate_strategy_first_signal:956 - ⚠️ Safety: overlay changed action from BUY to HOLD. Restoring strategy action.

2026-03-31 13:15:32 CST | INFO     | shree.execution.components.signal_processor:_generate_strategy_first_signal:968 - 📊 Final Signal: BUY conf=0.100 (base=0.700, overlays={'sentiment': -0.32670473821989526, 'vx_additive': 0.05, 'hybrid_oppose_dampen': -0.1})

2026-03-31 13:15:32 CST | INFO     | shree.execution.live_trading_manager:_process_hybrid_signal:1753 -   ↳ BLOCKED: Signal confidence 0.10 < threshold 0.40

2026-03-31 13:17:32 CST | INFO     | shree.execution.components.trading_session_manager:start:267 - 💓 Heartbeat: waiting for 15m bar | bars=81 | price=6543.25

2026-03-31 13:22:34 CST | INFO     | shree.execution.components.trading_session_manager:start:267 - 💓 Heartbeat: waiting for 15m bar | bars=81 | price=6543.25

2026-03-31 13:27:36 CST | INFO     | shree.execution.components.trading_session_manager:start:267 - 💓 Heartbeat: waiting for 15m bar | bars=81 | price=6543.25

2026-03-31 13:30:06 CST | INFO     | shree.execution.ib_executor:get_active_order_count:2428 - 🔍 Sync: 0 active orders (0 PendingSubmit, lock=idle)

2026-03-31 13:30:06 CST | INFO     | shree.execution.components.signal_processor:process_trading_cycle:1246 - 🕐 New candle close at 13:30:00 CST

2026-03-31 13:30:06 CST | INFO     | shree.utils.structured_logging:log_structured_event:83 - Cycle start

2026-03-31 13:30:07 CST | INFO     | shree.strategies.es_fifteen_min:generate:619 - 🚫 EXHAUSTION_COOLDOWN: LONG exhaustion detected | move=+101.2pts (8.2×ATR) — blocking BUY signals for 4 bars

2026-03-31 13:30:07 CST | INFO     | shree.strategies.es_fifteen_min:_check_trend_continuation_long:1780 - TREND_EXHAUSTION_LONG: move=+101.2pts (8.2×ATR) > 8.0×ATR threshold — blocking TREND_CONT_LONG

2026-03-31 13:30:07 CST | INFO     | shree.strategies.es_fifteen_min:_check_trend_continuation_short:1898 - TREND_EXHAUSTION_SHORT: move=-101.2pts (8.2×ATR) > 8.0×ATR threshold — blocking TREND_CONT_SHORT

2026-03-31 13:30:07 CST | INFO     | shree.strategies.es_fifteen_min:generate:993 - 🔍 NO_SIGNAL diag: A:low(6543.8)>touch(6516.5) | B:no_cross(c=6545.0,prev=6543.2,OR_H=6449.0) | C:low(6543.8)>touch(6539.4) | D:ema21(6506.7)>=ema50(6477.0) | E:no_cross(c=6545.0,prev=6543.2,OR_L=6438.5) | F:bearish(c=6545.0,o=6545.0) | G:outside_london(13:30:00)

2026-03-31 13:30:07 CST | INFO     | shree.execution.components.signal_processor:_generate_strategy_first_signal:438 - 📊 Strategy Signal: HOLD (conf=0.00, meta=NO_SIGNAL)

2026-03-31 13:30:07 CST | INFO     | shree.execution.ib_executor:get_active_order_count:2428 - 🔍 Sync: 0 active orders (0 PendingSubmit, lock=idle)

2026-03-31 13:30:07 CST | INFO     | shree.execution.components.signal_processor:process_trading_cycle:1462 - Skipping trade (HOLD)

2026-03-31 13:32:37 CST | INFO     | shree.execution.components.trading_session_manager:start:267 - 💓 Heartbeat: waiting for 15m bar | bars=82 | price=6545.0

2026-03-31 13:37:39 CST | INFO     | shree.execution.components.trading_session_manager:start:267 - 💓 Heartbeat: waiting for 15m bar | bars=82 | price=6545.0

2026-03-31 13:42:41 CST | INFO     | shree.execution.components.trading_session_manager:start:267 - 💓 Heartbeat: waiting for 15m bar | bars=82 | price=6545.0

2026-03-31 13:45:11 CST | INFO     | shree.execution.ib_executor:get_active_order_count:2428 - 🔍 Sync: 0 active orders (0 PendingSubmit, lock=idle)

2026-03-31 13:45:11 CST | INFO     | shree.execution.components.signal_processor:process_trading_cycle:1246 - 🕐 New candle close at 13:45:00 CST

2026-03-31 13:45:11 CST | INFO     | shree.utils.structured_logging:log_structured_event:83 - Cycle start

2026-03-31 13:45:11 CST | INFO     | shree.strategies.es_fifteen_min:_check_trend_continuation_long:1780 - TREND_EXHAUSTION_LONG: move=+107.8pts (9.0×ATR) > 8.0×ATR threshold — blocking TREND_CONT_LONG

2026-03-31 13:45:11 CST | INFO     | shree.strategies.es_fifteen_min:_check_trend_continuation_short:1898 - TREND_EXHAUSTION_SHORT: move=-107.8pts (9.0×ATR) > 8.0×ATR threshold — blocking TREND_CONT_SHORT

2026-03-31 13:45:11 CST | INFO     | shree.strategies.es_fifteen_min:generate:993 - 🔍 NO_SIGNAL diag: A:low(6547.8)>touch(6520.5) | B:no_cross(c=6551.5,prev=6545.0,OR_H=6449.0) | C:low(6547.8)>touch(6543.8) | D:ema21(6510.8)>=ema50(6479.9) | E:no_cross(c=6551.5,prev=6545.0,OR_L=6438.5) | F:asc(6551.5,6545.0,6543.2) | G:outside_london(13:45:00)

2026-03-31 13:45:11 CST | INFO     | shree.execution.components.signal_processor:_generate_strategy_first_signal:438 - 📊 Strategy Signal: HOLD (conf=0.00, meta=NO_SIGNAL)

2026-03-31 13:45:11 CST | INFO     | shree.execution.ib_executor:get_active_order_count:2428 - 🔍 Sync: 0 active orders (0 PendingSubmit, lock=idle)

2026-03-31 13:45:11 CST | INFO     | shree.execution.components.signal_processor:process_trading_cycle:1462 - Skipping trade (HOLD)

2026-03-31 13:47:42 CST | INFO     | shree.execution.components.trading_session_manager:start:267 - 💓 Heartbeat: waiting for 15m bar | bars=83 | price=6551.5

2026-03-31 13:49:57 CST | INFO     | shree.data.vx_futures_feed:_background_main:305 - 📈 VX Feed: Price=28.20 (multiplier=0.5x)

2026-03-31 13:52:44 CST | INFO     | shree.execution.components.trading_session_manager:start:267 - 💓 Heartbeat: waiting for 15m bar | bars=83 | price=6551.5

2026-03-31 13:57:45 CST | INFO     | shree.execution.components.trading_session_manager:start:267 - 💓 Heartbeat: waiting for 15m bar | bars=83 | price=6551.5

2026-03-31 13:57:47 CST | INFO     | shree.data.vx_futures_feed:_background_main:305 - 📈 VX Feed: Price=22.18 (multiplier=0.7x)

2026-03-31 14:00:16 CST | INFO     | shree.execution.ib_executor:get_active_order_count:2428 - 🔍 Sync: 0 active orders (0 PendingSubmit, lock=idle)

2026-03-31 14:00:16 CST | INFO     | shree.execution.components.signal_processor:process_trading_cycle:1246 - 🕐 New candle close at 14:00:00 CST

2026-03-31 14:00:16 CST | INFO     | shree.utils.structured_logging:log_structured_event:83 - Cycle start

2026-03-31 14:00:16 CST | INFO     | shree.strategies.es_fifteen_min:_check_trend_continuation_long:1780 - TREND_EXHAUSTION_LONG: move=+110.5pts (9.7×ATR) > 8.0×ATR threshold — blocking TREND_CONT_LONG

2026-03-31 14:00:16 CST | INFO     | shree.strategies.es_fifteen_min:_check_trend_continuation_short:1898 - TREND_EXHAUSTION_SHORT: move=-110.5pts (9.7×ATR) > 8.0×ATR threshold — blocking TREND_CONT_SHORT

2026-03-31 14:00:16 CST | INFO     | shree.strategies.es_fifteen_min:generate:993 - 🔍 NO_SIGNAL diag: A:low(6553.8)>touch(6524.5) | B:no_cross(c=6554.2,prev=6551.5,OR_H=6449.0) | C:low(6553.8)>touch(6547.8) | D:ema21(6514.7)>=ema50(6482.8) | E:no_cross(c=6554.2,prev=6551.5,OR_L=6438.5) | F:bearish(c=6554.2,o=6554.2) | G:outside_london(14:00:00)

2026-03-31 14:00:16 CST | INFO     | shree.execution.components.signal_processor:_generate_strategy_first_signal:438 - 📊 Strategy Signal: HOLD (conf=0.00, meta=NO_SIGNAL)

2026-03-31 14:00:16 CST | INFO     | shree.execution.ib_executor:get_active_order_count:2428 - 🔍 Sync: 0 active orders (0 PendingSubmit, lock=idle)

2026-03-31 14:00:16 CST | INFO     | shree.execution.components.signal_processor:process_trading_cycle:1462 - Skipping trade (HOLD)

2026-03-31 14:02:47 CST | INFO     | shree.execution.components.trading_session_manager:start:267 - 💓 Heartbeat: waiting for 15m bar | bars=84 | price=6554.25

2026-03-31 14:03:37 CST | INFO     | shree.data.vx_futures_feed:_background_main:305 - 📈 VX Feed: Price=25.80 (multiplier=0.5x)

2026-03-31 14:07:48 CST | INFO     | shree.execution.components.trading_session_manager:start:267 - 💓 Heartbeat: waiting for 15m bar | bars=84 | price=6554.25

2026-03-31 14:12:50 CST | INFO     | shree.execution.components.trading_session_manager:start:267 - 💓 Heartbeat: waiting for 15m bar | bars=84 | price=6554.25

2026-03-31 14:15:21 CST | INFO     | shree.execution.ib_executor:get_active_order_count:2428 - 🔍 Sync: 0 active orders (0 PendingSubmit, lock=idle)

2026-03-31 14:15:21 CST | INFO     | shree.execution.components.signal_processor:process_trading_cycle:1246 - 🕐 New candle close at 14:15:00 CST

2026-03-31 14:15:21 CST | INFO     | shree.utils.structured_logging:log_structured_event:83 - Cycle start

2026-03-31 14:15:21 CST | INFO     | shree.strategies.es_fifteen_min:_check_trend_continuation_long:1780 - TREND_EXHAUSTION_LONG: move=+118.0pts (10.5×ATR) > 8.0×ATR threshold — blocking TREND_CONT_LONG

2026-03-31 14:15:21 CST | INFO     | shree.strategies.es_fifteen_min:_check_trend_continuation_short:1898 - TREND_EXHAUSTION_SHORT: move=-118.0pts (10.5×ATR) > 8.0×ATR threshold — blocking TREND_CONT_SHORT

2026-03-31 14:15:21 CST | INFO     | shree.strategies.es_fifteen_min:generate:993 - 🔍 NO_SIGNAL diag: A:low(6558.5)>touch(6528.8) | B:no_cross(c=6561.8,prev=6554.2,OR_H=6449.0) | C:low(6558.5)>touch(6552.6) | D:ema21(6519.0)>=ema50(6485.9) | E:no_cross(c=6561.8,prev=6554.2,OR_L=6438.5) | F:asc(6561.8,6554.2,6551.5) | G:outside_london(14:15:00)

2026-03-31 14:15:21 CST | INFO     | shree.execution.components.signal_processor:_generate_strategy_first_signal:438 - 📊 Strategy Signal: HOLD (conf=0.00, meta=NO_SIGNAL)

2026-03-31 14:15:21 CST | INFO     | shree.execution.ib_executor:get_active_order_count:2428 - 🔍 Sync: 0 active orders (0 PendingSubmit, lock=idle)

2026-03-31 14:15:21 CST | INFO     | shree.execution.components.signal_processor:process_trading_cycle:1462 - Skipping trade (HOLD)

2026-03-31 14:16:17 CST | INFO     | shree.data.vx_futures_feed:_background_main:305 - 📈 VX Feed: Price=28.20 (multiplier=0.5x)

2026-03-31 14:17:52 CST | INFO     | shree.execution.components.trading_session_manager:start:267 - 💓 Heartbeat: waiting for 15m bar | bars=85 | price=6561.75

2026-03-31 14:22:53 CST | INFO     | shree.execution.components.trading_session_manager:start:267 - 💓 Heartbeat: waiting for 15m bar | bars=85 | price=6561.75

2026-03-31 14:27:55 CST | INFO     | shree.execution.components.trading_session_manager:start:267 - 💓 Heartbeat: waiting for 15m bar | bars=85 | price=6561.75

2026-03-31 14:30:25 CST | INFO     | shree.execution.ib_executor:get_active_order_count:2428 - 🔍 Sync: 0 active orders (0 PendingSubmit, lock=idle)

2026-03-31 14:30:25 CST | INFO     | shree.execution.components.signal_processor:process_trading_cycle:1246 - 🕐 New candle close at 14:30:00 CST

2026-03-31 14:30:25 CST | INFO     | shree.utils.structured_logging:log_structured_event:83 - Cycle start

2026-03-31 14:30:26 CST | INFO     | shree.strategies.es_fifteen_min:generate:619 - 🚫 EXHAUSTION_COOLDOWN: LONG exhaustion detected | move=+122.8pts (11.4×ATR) — blocking BUY signals for 4 bars

2026-03-31 14:30:26 CST | INFO     | shree.strategies.es_fifteen_min:_check_trend_continuation_long:1780 - TREND_EXHAUSTION_LONG: move=+122.8pts (11.4×ATR) > 8.0×ATR threshold — blocking TREND_CONT_LONG

2026-03-31 14:30:26 CST | INFO     | shree.strategies.es_fifteen_min:_check_trend_continuation_short:1898 - TREND_EXHAUSTION_SHORT: move=-122.8pts (11.4×ATR) > 8.0×ATR threshold — blocking TREND_CONT_SHORT

2026-03-31 14:30:26 CST | INFO     | shree.strategies.es_fifteen_min:generate:993 - 🔍 NO_SIGNAL diag: A:low(6561.0)>touch(6533.1) | B:no_cross(c=6566.5,prev=6561.8,OR_H=6449.0) | C:low(6561.0)>touch(6557.3) | D:ema21(6523.3)>=ema50(6489.1) | E:no_cross(c=6566.5,prev=6561.8,OR_L=6438.5) | F:asc(6566.5,6561.8,6554.2) | G:outside_london(14:30:00)

2026-03-31 14:30:26 CST | INFO     | shree.execution.components.signal_processor:_generate_strategy_first_signal:438 - 📊 Strategy Signal: HOLD (conf=0.00, meta=NO_SIGNAL)

2026-03-31 14:30:26 CST | INFO     | shree.execution.ib_executor:get_active_order_count:2428 - 🔍 Sync: 0 active orders (0 PendingSubmit, lock=idle)

2026-03-31 14:30:26 CST | INFO     | shree.execution.components.signal_processor:process_trading_cycle:1462 - Skipping trade (HOLD)

2026-03-31 14:32:56 CST | INFO     | shree.execution.components.trading_session_manager:start:267 - 💓 Heartbeat: waiting for 15m bar | bars=86 | price=6566.5

2026-03-31 14:37:58 CST | INFO     | shree.execution.components.trading_session_manager:start:267 - 💓 Heartbeat: waiting for 15m bar | bars=86 | price=6566.5

2026-03-31 14:42:59 CST | INFO     | shree.execution.components.trading_session_manager:start:267 - 💓 Heartbeat: waiting for 15m bar | bars=86 | price=6566.5

2026-03-31 14:45:30 CST | INFO     | shree.execution.ib_executor:get_active_order_count:2428 - 🔍 Sync: 0 active orders (0 PendingSubmit, lock=idle)

2026-03-31 14:45:30 CST | INFO     | shree.execution.components.signal_processor:process_trading_cycle:1246 - 🕐 New candle close at 14:45:00 CST

2026-03-31 14:45:30 CST | INFO     | shree.utils.structured_logging:log_structured_event:83 - Cycle start

2026-03-31 14:45:30 CST | INFO     | shree.strategies.es_fifteen_min:_check_trend_continuation_long:1780 - TREND_EXHAUSTION_LONG: move=+126.8pts (12.3×ATR) > 8.0×ATR threshold — blocking TREND_CONT_LONG

2026-03-31 14:45:30 CST | INFO     | shree.strategies.es_fifteen_min:_check_trend_continuation_short:1898 - TREND_EXHAUSTION_SHORT: move=-126.8pts (12.3×ATR) > 8.0×ATR threshold — blocking TREND_CONT_SHORT

2026-03-31 14:45:30 CST | INFO     | shree.strategies.es_fifteen_min:generate:993 - 🔍 NO_SIGNAL diag: A:low(6567.2)>touch(6537.4) | B:no_cross(c=6570.5,prev=6566.5,OR_H=6449.0) | C:low(6567.2)>touch(6561.9) | D:ema21(6527.6)>=ema50(6492.2) | E:no_cross(c=6570.5,prev=6566.5,OR_L=6438.5) | F:asc(6570.5,6566.5,6561.8) | G:outside_london(14:45:00)

2026-03-31 14:45:30 CST | INFO     | shree.execution.components.signal_processor:_generate_strategy_first_signal:438 - 📊 Strategy Signal: HOLD (conf=0.00, meta=NO_SIGNAL)

2026-03-31 14:45:30 CST | INFO     | shree.execution.ib_executor:get_active_order_count:2428 - 🔍 Sync: 0 active orders (0 PendingSubmit, lock=idle)

2026-03-31 14:45:30 CST | INFO     | shree.execution.components.signal_processor:process_trading_cycle:1462 - Skipping trade (HOLD)

2026-03-31 14:48:01 CST | INFO     | shree.execution.components.trading_session_manager:start:267 - 💓 Heartbeat: waiting for 15m bar | bars=87 | price=6570.5

2026-03-31 14:53:03 CST | INFO     | shree.execution.components.trading_session_manager:start:267 - 💓 Heartbeat: waiting for 15m bar | bars=87 | price=6570.5

2026-03-31 14:58:05 CST | INFO     | shree.execution.components.trading_session_manager:start:267 - 💓 Heartbeat: waiting for 15m bar | bars=87 | price=6570.5

2026-03-31 15:00:05 CST | INFO     | shree.execution.ib_executor:get_active_order_count:2428 - 🔍 Sync: 0 active orders (0 PendingSubmit, lock=idle)

2026-03-31 15:00:05 CST | INFO     | shree.execution.components.signal_processor:process_trading_cycle:1246 - 🕐 New candle close at 15:00:00 CST

2026-03-31 15:00:05 CST | INFO     | shree.utils.structured_logging:log_structured_event:83 - Cycle start

2026-03-31 15:00:05 CST | INFO     | shree.strategies.es_fifteen_min:_check_trend_continuation_long:1780 - TREND_EXHAUSTION_LONG: move=+130.0pts (13.0×ATR) > 8.0×ATR threshold — blocking TREND_CONT_LONG

2026-03-31 15:00:05 CST | INFO     | shree.strategies.es_fifteen_min:_check_trend_continuation_short:1898 - TREND_EXHAUSTION_SHORT: move=-130.0pts (13.0×ATR) > 8.0×ATR threshold — blocking TREND_CONT_SHORT

2026-03-31 15:00:05 CST | INFO     | shree.strategies.es_fifteen_min:generate:993 - 🔍 NO_SIGNAL diag: A:low(6567.2)>touch(6541.6) | B:no_cross(c=6573.8,prev=6570.5,OR_H=6449.0) | C:low(6567.2)>touch(6566.3) | D:ema21(6531.8)>=ema50(6495.4) | E:no_cross(c=6573.8,prev=6570.5,OR_L=6438.5) | F:asc(6573.8,6570.5,6566.5) | G:outside_london(15:00:00)

2026-03-31 15:00:05 CST | INFO     | shree.execution.components.signal_processor:_generate_strategy_first_signal:438 - 📊 Strategy Signal: HOLD (conf=0.00, meta=NO_SIGNAL)

2026-03-31 15:00:05 CST | INFO     | shree.execution.ib_executor:get_active_order_count:2428 - 🔍 Sync: 0 active orders (0 PendingSubmit, lock=idle)

2026-03-31 15:00:05 CST | INFO     | shree.execution.components.signal_processor:process_trading_cycle:1462 - Skipping trade (HOLD)

2026-03-31 15:03:07 CST | INFO     | shree.execution.components.trading_session_manager:start:267 - 💓 Heartbeat: waiting for 15m bar | bars=88 | price=6573.75

2026-03-31 15:08:08 CST | INFO     | shree.execution.components.trading_session_manager:start:267 - 💓 Heartbeat: waiting for 15m bar | bars=88 | price=6573.75

2026-03-31 15:13:10 CST | INFO     | shree.execution.components.trading_session_manager:start:267 - 💓 Heartbeat: waiting for 15m bar | bars=88 | price=6573.75

2026-03-31 15:15:10 CST | INFO     | shree.execution.ib_executor:get_active_order_count:2428 - 🔍 Sync: 0 active orders (0 PendingSubmit, lock=idle)

2026-03-31 15:15:10 CST | INFO     | shree.execution.components.signal_processor:process_trading_cycle:1246 - 🕐 New candle close at 15:15:00 CST

2026-03-31 15:15:10 CST | INFO     | shree.utils.structured_logging:log_structured_event:83 - Cycle start

2026-03-31 15:15:10 CST | INFO     | shree.strategies.es_fifteen_min:_check_trend_continuation_long:1780 - TREND_EXHAUSTION_LONG: move=+129.0pts (13.4×ATR) > 8.0×ATR threshold — blocking TREND_CONT_LONG

2026-03-31 15:15:10 CST | INFO     | shree.strategies.es_fifteen_min:_check_trend_continuation_short:1898 - TREND_EXHAUSTION_SHORT: move=-129.0pts (13.4×ATR) > 8.0×ATR threshold — blocking TREND_CONT_SHORT

2026-03-31 15:15:10 CST | INFO     | shree.strategies.es_fifteen_min:generate:993 - 🔍 NO_SIGNAL diag: A:low(6569.5)>touch(6545.3) | B:no_cross(c=6572.8,prev=6573.8,OR_H=6449.0) | C:rsi(75)out[40-70] | D:ema21(6535.5)>=ema50(6498.5) | E:no_cross(c=6572.8,prev=6573.8,OR_L=6438.5) | F:asc(6572.8,6573.8,6570.5) | G:outside_london(15:15:00)

2026-03-31 15:15:10 CST | INFO     | shree.execution.components.signal_processor:_generate_strategy_first_signal:438 - 📊 Strategy Signal: HOLD (conf=0.00, meta=NO_SIGNAL)

2026-03-31 15:15:10 CST | INFO     | shree.execution.ib_executor:get_active_order_count:2428 - 🔍 Sync: 0 active orders (0 PendingSubmit, lock=idle)

2026-03-31 15:15:10 CST | INFO     | shree.execution.components.signal_processor:process_trading_cycle:1462 - Skipping trade (HOLD)

2026-03-31 15:18:12 CST | INFO     | shree.execution.components.trading_session_manager:start:267 - 💓 Heartbeat: waiting for 15m bar | bars=89 | price=6572.75

2026-03-31 15:23:13 CST | INFO     | shree.execution.components.trading_session_manager:start:267 - 💓 Heartbeat: waiting for 15m bar | bars=89 | price=6572.75

2026-03-31 15:28:15 CST | INFO     | shree.execution.components.trading_session_manager:start:267 - 💓 Heartbeat: waiting for 15m bar | bars=89 | price=6572.75

2026-03-31 15:30:16 CST | INFO     | shree.execution.ib_executor:get_active_order_count:2428 - 🔍 Sync: 0 active orders (0 PendingSubmit, lock=idle)

2026-03-31 15:30:16 CST | INFO     | shree.execution.components.signal_processor:process_trading_cycle:1246 - 🕐 New candle close at 15:30:00 CST

2026-03-31 15:30:16 CST | INFO     | shree.utils.structured_logging:log_structured_event:83 - Cycle start

2026-03-31 15:30:16 CST | INFO     | shree.strategies.es_fifteen_min:generate:619 - 🚫 EXHAUSTION_COOLDOWN: LONG exhaustion detected | move=+132.8pts (14.4×ATR) — blocking BUY signals for 4 bars

2026-03-31 15:30:16 CST | INFO     | shree.strategies.es_fifteen_min:_check_trend_continuation_long:1780 - TREND_EXHAUSTION_LONG: move=+132.8pts (14.4×ATR) > 8.0×ATR threshold — blocking TREND_CONT_LONG

2026-03-31 15:30:16 CST | INFO     | shree.strategies.es_fifteen_min:_check_trend_continuation_short:1898 - TREND_EXHAUSTION_SHORT: move=-132.8pts (14.4×ATR) > 8.0×ATR threshold — blocking TREND_CONT_SHORT

2026-03-31 15:30:16 CST | INFO     | shree.strategies.es_fifteen_min:generate:993 - 🔍 NO_SIGNAL diag: A:low(6575.8)>touch(6549.1) | B:no_cross(c=6576.5,prev=6572.8,OR_H=6449.0) | C:low(6575.8)>touch(6572.9) | D:ema21(6539.3)>=ema50(6501.5) | E:no_cross(c=6576.5,prev=6572.8,OR_L=6438.5) | F:asc(6576.5,6572.8,6573.8) | G:outside_london(15:30:00)

2026-03-31 15:30:16 CST | INFO     | shree.execution.components.signal_processor:_generate_strategy_first_signal:438 - 📊 Strategy Signal: HOLD (conf=0.00, meta=NO_SIGNAL)

2026-03-31 15:30:16 CST | INFO     | shree.execution.ib_executor:get_active_order_count:2428 - 🔍 Sync: 0 active orders (0 PendingSubmit, lock=idle)

2026-03-31 15:30:16 CST | INFO     | shree.execution.components.signal_processor:process_trading_cycle:1462 - Skipping trade (HOLD)

2026-03-31 15:33:17 CST | INFO     | shree.execution.components.trading_session_manager:start:267 - 💓 Heartbeat: waiting for 15m bar | bars=90 | price=6576.5

2026-03-31 15:38:18 CST | INFO     | shree.execution.components.trading_session_manager:start:267 - 💓 Heartbeat: waiting for 15m bar | bars=90 | price=6576.5

2026-03-31 15:43:20 CST | INFO     | shree.execution.components.trading_session_manager:start:267 - 💓 Heartbeat: waiting for 15m bar | bars=90 | price=6576.5

2026-03-31 15:45:21 CST | INFO     | shree.execution.ib_executor:get_active_order_count:2428 - 🔍 Sync: 0 active orders (0 PendingSubmit, lock=idle)

2026-03-31 15:45:21 CST | INFO     | shree.execution.components.signal_processor:process_trading_cycle:1246 - 🕐 New candle close at 15:45:00 CST

2026-03-31 15:45:21 CST | INFO     | shree.utils.structured_logging:log_structured_event:83 - Cycle start

2026-03-31 15:45:21 CST | INFO     | shree.strategies.es_fifteen_min:_check_trend_continuation_long:1780 - TREND_EXHAUSTION_LONG: move=+125.5pts (13.7×ATR) > 8.0×ATR threshold — blocking TREND_CONT_LONG

2026-03-31 15:45:21 CST | INFO     | shree.strategies.es_fifteen_min:_check_trend_continuation_short:1898 - TREND_EXHAUSTION_SHORT: move=-125.5pts (13.7×ATR) > 8.0×ATR threshold — blocking TREND_CONT_SHORT

2026-03-31 15:45:21 CST | INFO     | shree.strategies.es_fifteen_min:generate:993 - 🔍 NO_SIGNAL diag: A:low(6567.8)>touch(6551.8) | B:no_cross(c=6569.2,prev=6576.5,OR_H=6449.0) | C:rsi(70)out[40-70] | D:ema21(6542.0)>=ema50(6504.2) | E:no_cross(c=6569.2,prev=6576.5,OR_L=6438.5) | F:asc(6569.2,6576.5,6572.8) | G:outside_london(15:45:00)

2026-03-31 15:45:21 CST | INFO     | shree.execution.components.signal_processor:_generate_strategy_first_signal:438 - 📊 Strategy Signal: HOLD (conf=0.00, meta=NO_SIGNAL)

2026-03-31 15:45:21 CST | INFO     | shree.execution.ib_executor:get_active_order_count:2428 - 🔍 Sync: 0 active orders (0 PendingSubmit, lock=idle)

2026-03-31 15:45:21 CST | INFO     | shree.execution.components.signal_processor:process_trading_cycle:1462 - Skipping trade (HOLD)

2026-03-31 15:48:22 CST | INFO     | shree.execution.components.trading_session_manager:start:267 - 💓 Heartbeat: waiting for 15m bar | bars=91 | price=6569.25

2026-03-31 15:53:23 CST | INFO     | shree.execution.components.trading_session_manager:start:267 - 💓 Heartbeat: waiting for 15m bar | bars=91 | price=6569.25

2026-03-31 15:58:25 CST | INFO     | shree.execution.components.trading_session_manager:start:267 - 💓 Heartbeat: waiting for 15m bar | bars=91 | price=6569.25

2026-03-31 16:03:26 CST | INFO     | shree.execution.components.trading_session_manager:start:267 - 💓 Heartbeat: waiting for 15m bar | bars=91 | price=6569.25

2026-03-31 16:08:28 CST | INFO     | shree.execution.components.trading_session_manager:start:267 - 💓 Heartbeat: waiting for 15m bar | bars=91 | price=6569.25

2026-03-31 16:08:46 CST | INFO     | __main__:handle_signal:78 - 🛑 Shutdown signal received

2026-03-31 16:08:48 CST | INFO     | shree.execution.components.trading_session_manager:stop:396 - Trading session stopped

2026-03-31 16:08:48 CST | WARNING  | shree.execution.ib_executor:keepalive_loop:2843 - ⚠️  Connection lost, attempting auto-reconnect...

2026-03-31 16:08:49 CST | INFO     | shree.execution.ib_executor:_register_event_handlers:504 - 📡 Registering IB event handlers

2026-03-31 16:08:49 CST | INFO     | shree.execution.ib_executor:keepalive_loop:2875 - ✅ Auto-reconnection successful

2026-03-31 16:08:49 CST | INFO     | shree.execution.ib_executor:_reconcile_orders:635 - ✅ No active orders

2026-04-01 07:47:11 CST | INFO     | __main__:main:49 - 🚀 Starting Shree RAG-Enhanced Bot (LIVE MODE)

2026-04-01 07:47:11 CST | INFO     | shree.rag.local_vector_store:__init__:46 - Local vector store ready at rag_data/local_kb/local_kb.sqlite

2026-04-01 07:47:11 CST | INFO     | shree.data.candle_aggregator:__init__:125 - MultiTimeframeCandleBuilder initialized: 1m -> 5m (EMA period=20)

2026-04-01 07:47:11 CST | INFO     | shree.data.candle_aggregator:__init__:125 - MultiTimeframeCandleBuilder initialized: 1m -> 15m (EMA period=20)

2026-04-01 07:47:11 CST | INFO     | shree.data.candle_aggregator:__init__:125 - MultiTimeframeCandleBuilder initialized: 1m -> 30m (EMA period=20)

2026-04-01 07:47:11 CST | INFO     | shree.data.candle_aggregator:__init__:457 - MTFCandleManager initialized: 5m(ema=20), 15m(ema=20), 30m(ema=20)

2026-04-01 07:47:11 CST | INFO     | shree.execution.components.mtf_gate_manager:init_mtf_manager:113 - ✅ MTFCandleManager initialized (5m, 15m, 30m aggregators)

2026-04-01 07:47:11 CST | INFO     | shree.execution.components.mtf_gate_manager:init_mtf_gate:131 - MTFTrendGate disabled via config

2026-04-01 07:47:11 CST | INFO     | shree.execution.components.sentiment_evaluator:_init_multi_source_sentiment:113 - ======================================================================

2026-04-01 07:47:11 CST | INFO     | shree.execution.components.sentiment_evaluator:_init_multi_source_sentiment:114 - 📊 MULTI-SOURCE SENTIMENT AGGREGATOR ENABLED

2026-04-01 07:47:11 CST | INFO     | shree.execution.components.sentiment_evaluator:_init_multi_source_sentiment:115 - ======================================================================

2026-04-01 07:47:11 CST | INFO     | shree.execution.components.sentiment_evaluator:_init_multi_source_sentiment:116 -    Sources & Weights:

2026-04-01 07:47:11 CST | INFO     | shree.execution.components.sentiment_evaluator:_init_multi_source_sentiment:117 -       Stocktwits: 55%

2026-04-01 07:47:11 CST | INFO     | shree.execution.components.sentiment_evaluator:_init_multi_source_sentiment:118 -       Reddit:     45%

2026-04-01 07:47:11 CST | INFO     | shree.execution.components.sentiment_evaluator:_init_multi_source_sentiment:122 -       Twitter:    DISABLED (no API credentials)

2026-04-01 07:47:11 CST | INFO     | shree.execution.components.sentiment_evaluator:_init_multi_source_sentiment:123 -    RTH Thresholds (8:30 AM - 3:00 PM CT):

2026-04-01 07:47:11 CST | INFO     | shree.execution.components.sentiment_evaluator:_init_multi_source_sentiment:124 -       Entry block: ±0.3

2026-04-01 07:47:11 CST | INFO     | shree.execution.components.sentiment_evaluator:_init_multi_source_sentiment:125 -       Weak threshold: ±0.15

2026-04-01 07:47:11 CST | INFO     | shree.execution.components.sentiment_evaluator:_init_multi_source_sentiment:126 -    Low-Volume Thresholds (Evening/Overnight):

2026-04-01 07:47:11 CST | INFO     | shree.execution.components.sentiment_evaluator:_init_multi_source_sentiment:127 -       Entry block: ±0.35

2026-04-01 07:47:11 CST | INFO     | shree.execution.components.sentiment_evaluator:_init_multi_source_sentiment:128 -       Weak threshold: ±0.15

2026-04-01 07:47:11 CST | INFO     | shree.execution.components.sentiment_evaluator:_init_multi_source_sentiment:129 -    Refresh interval: 300s

2026-04-01 07:47:11 CST | INFO     | shree.execution.components.sentiment_evaluator:_init_multi_source_sentiment:130 - ======================================================================

2026-04-01 07:47:11 CST | INFO     | shree.data.sentiment_aggregator:get_combined_mes_sentiment:1239 - 🔄 Fetching fresh multi-source sentiment... [fetch_id=124711]

2026-04-01 07:47:12 CST | INFO     | shree.data.sentiment_aggregator:get_stocktwits_sentiment:467 - 📊 Stocktwits: score=-0.07 (bull=7, bear=8, total=60) [ts=12:47:12]

2026-04-01 07:47:15 CST | INFO     | shree.data.sentiment_aggregator:_get_reddit_sentiment_public:696 - 📱 Reddit (public): score=-0.03 (samples=13, unique_posts=8)

2026-04-01 07:47:15 CST | INFO     | shree.data.sentiment_aggregator:get_combined_mes_sentiment:1271 - ==================================================

2026-04-01 07:47:15 CST | INFO     | shree.data.sentiment_aggregator:get_combined_mes_sentiment:1272 - 📊 MULTI-SOURCE SENTIMENT SUMMARY

2026-04-01 07:47:15 CST | INFO     | shree.data.sentiment_aggregator:get_combined_mes_sentiment:1273 - ==================================================

2026-04-01 07:47:15 CST | INFO     | shree.data.sentiment_aggregator:get_combined_mes_sentiment:1274 -    Stocktwits: -0.07 (60 samples)

2026-04-01 07:47:15 CST | INFO     | shree.data.sentiment_aggregator:get_combined_mes_sentiment:1275 -    Reddit:     -0.03 (13 samples)

2026-04-01 07:47:15 CST | INFO     | shree.data.sentiment_aggregator:get_combined_mes_sentiment:1276 -    Twitter:    +0.00 (0 samples)

2026-04-01 07:47:15 CST | INFO     | shree.data.sentiment_aggregator:get_combined_mes_sentiment:1277 -    VIX:        +0.00 (market-based)

2026-04-01 07:47:15 CST | INFO     | shree.data.sentiment_aggregator:get_combined_mes_sentiment:1278 -    ━━━━━━━━━━━━━━━━━━━━━━━━━━

2026-04-01 07:47:15 CST | INFO     | shree.data.sentiment_aggregator:get_combined_mes_sentiment:1279 -    COMBINED:   -0.05

2026-04-01 07:47:15 CST | INFO     | shree.data.sentiment_aggregator:get_combined_mes_sentiment:1280 - ==================================================

2026-04-01 07:47:15 CST | INFO     | shree.execution.components.sentiment_evaluator:_init_multi_source_sentiment:134 -    ✅ Initial combined sentiment: -0.05

2026-04-01 07:47:15 CST | INFO     | shree.execution.components.sentiment_evaluator:_init_multi_source_sentiment:135 -       Stocktwits: -0.07 (60 samples)

2026-04-01 07:47:15 CST | INFO     | shree.execution.components.sentiment_evaluator:_init_multi_source_sentiment:136 -       Reddit: -0.03 (13 samples)

2026-04-01 07:47:15 CST | INFO     | shree.execution.components.sentiment_evaluator:init_vx_feed:198 - ======================================================================

2026-04-01 07:47:15 CST | INFO     | shree.execution.components.sentiment_evaluator:init_vx_feed:199 - 📈 VX FUTURES FEED INITIALIZATION

2026-04-01 07:47:15 CST | INFO     | shree.execution.components.sentiment_evaluator:init_vx_feed:200 - ======================================================================

2026-04-01 07:47:15 CST | INFO     | shree.execution.components.sentiment_evaluator:init_vx_feed:201 -    IBKR Connection: 127.0.0.1:4001 (client_id=71)

2026-04-01 07:47:15 CST | INFO     | shree.execution.components.sentiment_evaluator:init_vx_feed:202 -    Market Data Type: Live

2026-04-01 07:47:15 CST | INFO     | shree.execution.components.sentiment_evaluator:init_vx_feed:203 -    Stale Threshold: 120s

2026-04-01 07:47:15 CST | INFO     | shree.execution.components.sentiment_evaluator:init_vx_feed:204 -    Volatility Thresholds:

2026-04-01 07:47:15 CST | INFO     | shree.execution.components.sentiment_evaluator:init_vx_feed:205 -       VX >= 30.0: 0.4x multiplier (extreme fear)

2026-04-01 07:47:15 CST | INFO     | shree.execution.components.sentiment_evaluator:init_vx_feed:206 -       VX >= 20.0: 0.7x multiplier (elevated)

2026-04-01 07:47:15 CST | INFO     | shree.execution.components.sentiment_evaluator:init_vx_feed:207 -       VX < 20.0: 1.0x multiplier (normal)

2026-04-01 07:47:15 CST | INFO     | shree.data.vx_futures_feed:_connect_async:156 - VX Feed: Connecting to IBKR at 127.0.0.1:4001 with client_id=71 (attempt 1/5)

2026-04-01 07:47:16 CST | INFO     | shree.data.vx_futures_feed:_connect_async:177 - ✅ VX Feed connected successfully (client_id=71, Live data)

2026-04-01 07:47:17 CST | INFO     | shree.data.vx_futures_feed:_get_front_month_contract:364 - VX Feed: Selected front-month contract: VX14J6 (expiry: 20260408)

2026-04-01 07:47:17 CST | INFO     | shree.data.vx_futures_feed:_background_main:285 - VX Feed: Using contract VX14J6 (exp=20260408)

2026-04-01 07:47:17 CST | INFO     | shree.data.vx_futures_feed:_subscribe_market_data:392 - VX Feed: Subscribed to market data for VX14J6

2026-04-01 07:47:17 CST | INFO     | shree.data.vx_futures_feed:start_in_background:244 - ✅ VX Feed background thread started successfully

2026-04-01 07:47:17 CST | INFO     | shree.execution.components.sentiment_evaluator:init_vx_feed:225 -    ✅ VX Feed background thread started

2026-04-01 07:47:17 CST | INFO     | shree.execution.components.sentiment_evaluator:init_vx_feed:229 - ======================================================================

2026-04-01 07:47:17 CST | INFO     | shree.utils.bot_state:load_bot_state:81 - bot_state: day rollover detected (last_trade_date=2026-03-30, today=2026-04-01) → resetting consecutive_loss_count 1 → 0, realized_pnl_today -51.25 → 0.00

2026-04-01 07:47:17 CST | INFO     | shree.utils.bot_state:load_bot_state:118 - bot_state: loaded — consecutive_loss_count=0, realized_pnl_today=0.00, cooldown=none, written_at=2026-03-31T04:27:13.186877+00:00

2026-04-01 07:47:17 CST | INFO     | shree.execution.live_trading_manager:__init__:534 - ✅ Prometheus metrics initialized on port 8000

2026-04-01 07:47:17 CST | INFO     | shree.execution.components.trading_session_manager:initialize:48 - Initializing trading components...

2026-04-01 07:47:17 CST | INFO     | shree.strategies.es_fifteen_min:_load_counters:2149 - 🔄 Counter file session 2026-03-30 != current 2026-03-31, starting fresh

2026-04-01 07:47:17 CST | INFO     | shree.execution.components.trading_session_manager:initialize:84 - ============================================================

2026-04-01 07:47:17 CST | INFO     | shree.execution.components.trading_session_manager:initialize:85 - 📊 STRATEGY: ES 15-Minute (EMA21 Pullback + OR Breakout)

2026-04-01 07:47:17 CST | INFO     | shree.execution.components.trading_session_manager:initialize:86 -    Timeframe: 15m | Max hold: 120 min

2026-04-01 07:47:17 CST | INFO     | shree.execution.components.trading_session_manager:initialize:87 -    Warmup: 60 bars | Window: 200 bars

2026-04-01 07:47:17 CST | INFO     | shree.execution.components.trading_session_manager:initialize:90 -    Mode: LONG + SHORT (short-side signals enabled)

2026-04-01 07:47:17 CST | INFO     | shree.execution.components.trading_session_manager:initialize:93 - ============================================================

2026-04-01 07:47:17 CST | INFO     | shree.utils.telegram_notifier:__init__:56 - ✅ Telegram notifications enabled

2026-04-01 07:47:17 CST | INFO     | shree.execution.components.trading_session_manager:initialize:118 - ✅ Telegram notifications initialized

2026-04-01 07:47:17 CST | INFO     | shree.monitoring.order_tracker:_init_database:195 - Order tracker database initialized: /Users/svss/Documents/code/ShreeBot/data/orders.db

2026-04-01 07:47:17 CST | INFO     | shree.execution.ib_executor:connect:439 - Connecting executor to IBKR 127.0.0.1:4001 (client_id=11, timeout=120s)

2026-04-01 07:47:18 CST | INFO     | shree.execution.ib_executor:connect:477 - Connected to IBKR - using snapshot market data requests

2026-04-01 07:47:18 CST | INFO     | shree.execution.ib_executor:_register_event_handlers:504 - 📡 Registering IB event handlers

2026-04-01 07:47:18 CST | INFO     | shree.execution.ib_executor:connect:486 - Skipping startup order cancel per config (cancel_orders_on_startup=False)

2026-04-01 07:47:18 CST | INFO     | shree.execution.ib_executor:_start_keepalive:2929 - Keepalive task started

2026-04-01 07:47:18 CST | INFO     | shree.execution.components.trading_session_manager:force_order_reconciliation:400 - Forcing reconciliation of active orders with IBKR...

2026-04-01 07:47:18 CST | INFO     | shree.execution.ib_executor:_reconcile_orders:635 - ✅ No active orders

2026-04-01 07:47:18 CST | INFO     | shree.execution.components.trading_session_manager:force_order_reconciliation:402 - Order reconciliation complete.

2026-04-01 07:47:18 CST | INFO     | shree.execution.components.cooldown_manager:load_persistent_cooldown_state:79 - ⏱️ Cooldown resume: last trade at 2026-03-30 22:30:26 CST

2026-04-01 07:47:18 CST | INFO     | shree.rag.s3_storage:__init__:137 - S3Storage initialized: s3://rag-bot-storage-897729113303/spy-futures-bot/

2026-04-01 07:47:18 CST | INFO     | shree.rag.rag_storage_manager:__init__:200 - RAGStorageManager initialized with S3: s3://rag-bot-storage-897729113303/spy-futures-bot/

2026-04-01 07:47:18 CST | INFO     | shree.execution.components.trading_session_manager:initialize:155 - ✅ RAG Storage initialized

2026-04-01 07:47:18 CST | INFO     | shree.llm.trade_logger:_init_database:77 - Trade logger database initialized: /Users/svss/Documents/code/ShreeBot/data/llm_trades.db

2026-04-01 07:47:18 CST | INFO     | shree.execution.components.trading_session_manager:initialize:162 - ✅ Decision metrics logger initialized

2026-04-01 07:47:18 CST | INFO     | shree.rag.s3_storage:__init__:137 - S3Storage initialized: s3://rag-bot-storage-897729113303/spy-futures-bot/

2026-04-01 07:47:18 CST | INFO     | shree.rag.rag_storage_manager:__init__:200 - RAGStorageManager initialized with S3: s3://rag-bot-storage-897729113303/spy-futures-bot/

2026-04-01 07:47:18 CST | INFO     | shree.rag.trade_logger:__init__:67 - TradeLogger initialized

2026-04-01 07:47:18 CST | INFO     | shree.rag.mistake_analyzer:__init__:146 - MistakeAnalyzer initialized

2026-04-01 07:47:19 CST | INFO     | shree.rag.s3_storage:__init__:137 - S3Storage initialized: s3://rag-bot-storage-897729113303/spy-futures-bot/

2026-04-01 07:47:20 CST | INFO     | shree.rag.embedding_builder:_init_sentence_transformer:120 - Loaded sentence transformer: all-MiniLM-L6-v2 (dim=384)

2026-04-01 07:47:21 CST | INFO     | shree.rag.s3_storage:read_binary_from_s3:350 - Downloaded binary from S3: spy-futures-bot/vectors/index.faiss

2026-04-01 07:47:21 CST | INFO     | shree.rag.s3_storage:read_binary_from_s3:350 - Downloaded binary from S3: spy-futures-bot/vectors/metadata.pkl

2026-04-01 07:47:21 CST | INFO     | shree.rag.embedding_builder:_load_index:600 - Loaded FAISS index from S3 with 6 vectors

2026-04-01 07:47:21 CST | INFO     | shree.rag.embedding_builder:__init__:109 - EmbeddingBuilder initialized with S3 (dim=384, backend=local)

2026-04-01 07:47:21 CST | INFO     | shree.hybrid.multi_factor_scorer:__init__:80 - MultiFactorScorer initialized with weights={'technical': 0.4000000000000001, 'llm': 0.0, 'rag': 0.30000000000000004, 'news': 0.10000000000000002, 'macro': 0.10000000000000002, 'risk': 0.10000000000000002}

2026-04-01 07:47:21 CST | INFO     | shree.rag.hybrid_rag_pipeline:__init__:246 - RuleEngine initialized

2026-04-01 07:47:21 CST | INFO     | shree.rag.hybrid_rag_pipeline:__init__:1236 - RAGRetriever initialized

2026-04-01 07:47:21 CST | INFO     | shree.rag.hybrid_rag_pipeline:__init__:1458 - LLMDecisionMaker initialized

2026-04-01 07:47:21 CST | INFO     | shree.rag.hybrid_rag_pipeline:__init__:2002 - HybridRAGPipeline initialized

2026-04-01 07:47:21 CST | INFO     | shree.rag.data_ingestion:__init__:49 - RAGDataIngestionPipeline watching data

2026-04-01 07:47:21 CST | INFO     | shree.rag.rag_daily_updater:__init__:47 - RAGDailyUpdater initialized

2026-04-01 07:47:21 CST | INFO     | shree.rag.pipeline_integration:__init__:220 - HybridPipelineIntegration initialized

2026-04-01 07:47:21 CST | INFO     | shree.execution.components.trading_session_manager:initialize:182 - 🔎 Hybrid RAG index ready (faiss, 6 docs)

2026-04-01 07:47:21 CST | INFO     | shree.execution.components.trading_session_manager:initialize:186 - ✅ Hybrid RAG+LLM Pipeline initialized (3-layer decision system)

2026-04-01 07:47:21 CST | INFO     | shree.execution.live_trading_manager:_configure_aws_agents:623 - ℹ️  AWS Agents disabled: OpenSearch backend not permitted

2026-04-01 07:47:21 CST | INFO     | shree.execution.live_trading_manager:_load_historical_context:675 - 📊 Loading historical market context...

2026-04-01 07:47:21 CST | INFO     | shree.execution.ib_executor:keepalive_loop:2837 - Starting connection keepalive task (checking every 30s)

2026-04-01 07:47:21 CST | INFO     | shree.execution.ib_executor:get_qualified_contract:411 - Qualified contract: MESM6 (exp: 20260618) [offset=0]

2026-04-01 07:47:21 CST | INFO     | shree.execution.live_trading_manager:_load_historical_context:773 - ✅ Historical context loaded from IBKR daily bars:

2026-04-01 07:47:21 CST | INFO     | shree.execution.live_trading_manager:_load_historical_context:774 -    📈 Previous Day (2026-03-30): High=6471.00, Low=6359.50, Close=6388.25

2026-04-01 07:47:21 CST | INFO     | shree.execution.live_trading_manager:_load_historical_context:778 -    📊 Today (2026-03-31): High=6583.00, Low=6446.00

2026-04-01 07:47:21 CST | INFO     | shree.execution.live_trading_manager:_load_historical_context:779 -    📅 Weekly Range: 6359.50 - 6684.75

2026-04-01 07:47:21 CST | INFO     | shree.execution.live_trading_manager:_load_historical_context:780 -    ⏱️  Loaded at: 2026-04-01T07:47:21.500713-05:00

2026-04-01 07:47:21 CST | INFO     | shree.execution.live_trading_manager:_store_historical_context_in_rag:848 - ✅ Stored market context in RAG: rag_data/docs_dynamic/market_context_2026-04-01.txt

2026-04-01 07:47:21 CST | INFO     | shree.risk.dynamic_support:_recompute:175 - 🛡️ Dynamic support floor updated: 6354.50 (lowest=PDL=6359.50 - 5.0pt buffer) [sources: PDL=6359.50, WL=6359.50] trigger=historical_context

2026-04-01 07:47:21 CST | INFO     | shree.rag.pipeline_integration:set_price_levels:246 - 📊 Price levels set from ibkr_historical: PDH=6471.0, PDL=6359.5, WeekHigh=6684.75, WeekLow=6359.5

2026-04-01 07:47:21 CST | INFO     | shree.execution.components.trading_session_manager:initialize:208 - ✅ Historical context wired to hybrid pipeline for decision-making

2026-04-01 07:47:21 CST | INFO     | shree.execution.live_trading_manager:_bootstrap_price_history:966 - 📚 Bootstrapped 61 historical 15m bars for structural context

2026-04-01 07:47:21 CST | INFO     | shree.execution.live_trading_manager:_bootstrap_price_history:969 -    ⏱️  First bar: 2026-03-31 15:45:00-05:00, Last bar: 2026-04-01 07:45:00-05:00, Now: 2026-04-01T07:47:21.593407-05:00

2026-04-01 07:47:21 CST | INFO     | shree.execution.live_trading_manager:_bootstrap_price_history:974 -    ⏱️  Data age: 142s (acceptable if <1200s)

2026-04-01 07:47:21 CST | INFO     | shree.execution.components.trading_session_manager:initialize:217 - ✅ Connected to IBKR

2026-04-01 07:47:21 CST | INFO     | shree.execution.components.trading_session_manager:initialize:224 - ✅ Live trading manager initialized

2026-04-01 07:47:21 CST | INFO     | shree.execution.components.trading_session_manager:start:239 - 🔄 Starting trading loop...

2026-04-01 07:47:21 CST | INFO     | shree.execution.components.trading_session_manager:start:253 - 🔁 Entering main loop: running=True, stop_requested=False, tf=15m, poll=30s

2026-04-01 07:47:27 CST | INFO     | shree.data.vx_futures_feed:_background_main:305 - 📈 VX Feed: Price=25.00 (multiplier=0.6x)

2026-04-01 07:52:23 CST | INFO     | shree.execution.components.trading_session_manager:start:267 - 💓 Heartbeat: waiting for 15m bar | bars=61 | price=None

2026-04-01 07:57:24 CST | INFO     | shree.execution.components.trading_session_manager:start:267 - 💓 Heartbeat: waiting for 15m bar | bars=61 | price=None

2026-04-01 08:00:25 CST | INFO     | shree.execution.live_trading_manager:_should_block_new_entry:1421 - Entry blocked: waiting for 1/2 completed bars after startup

2026-04-01 08:02:26 CST | INFO     | shree.execution.components.trading_session_manager:start:267 - 💓 Heartbeat: waiting for 15m bar | bars=62 | price=6597.0

2026-04-01 08:07:27 CST | INFO     | shree.execution.components.trading_session_manager:start:267 - 💓 Heartbeat: waiting for 15m bar | bars=62 | price=6597.0

2026-04-01 08:12:28 CST | INFO     | shree.execution.components.trading_session_manager:start:267 - 💓 Heartbeat: waiting for 15m bar | bars=62 | price=6597.0

2026-04-01 08:15:29 CST | INFO     | shree.execution.ib_executor:get_active_order_count:2428 - 🔍 Sync: 0 active orders (0 PendingSubmit, lock=idle)

2026-04-01 08:15:29 CST | INFO     | shree.execution.components.signal_processor:process_trading_cycle:1294 - 🕐 New candle close at 08:15:00 CST

2026-04-01 08:15:29 CST | INFO     | shree.utils.structured_logging:log_structured_event:83 - Cycle start

2026-04-01 08:15:29 CST | INFO     | shree.strategies.es_fifteen_min:generate:478 - 🔁 OR reconstruction check: et_time=09:15:00 or_end=00:30:00 or_computed=False opening_bars=0

2026-04-01 08:15:29 CST | INFO     | shree.strategies.es_fifteen_min:generate:484 - 🔁 Enriched index range: 2026-03-31 15:45:00-05:00 -> 2026-04-01 08:15:00-05:00

2026-04-01 08:15:29 CST | INFO     | shree.strategies.es_fifteen_min:_compute_opening_range:1985 - 📊 OR computed: HIGH=6585.00 LOW=6579.50 (2 bars)

2026-04-01 08:15:29 CST | INFO     | shree.strategies.es_fifteen_min:_compute_opening_range:1996 - 💾 OR persisted to data/or_2026-04-01.json

2026-04-01 08:15:29 CST | INFO     | shree.strategies.es_fifteen_min:_reconstruct_or_from_history:2037 - 🔄 OR RECONSTRUCTED from 2 historical bars: HIGH=6585.00 LOW=6579.50

2026-04-01 08:15:29 CST | INFO     | shree.strategies.es_fifteen_min:generate:524 - 📌 Seeded prev_close=6597.00 from prior bar

2026-04-01 08:15:29 CST | INFO     | shree.strategies.es_fifteen_min:generate:993 - 🔍 NO_SIGNAL diag: A:close(6597.0)<=ema21(6609.1) | B:no_cross(c=6597.0,prev=6597.0,OR_H=6585.0) | C:close(6597.0)<=ema9(6609.8) | D:ema21(6609.1)>=ema50(6600.9) | E:no_cross(c=6597.0,prev=6597.0,OR_L=6579.5) | F:close(6597.0)<=ema9(6609.8) | G:outside_london(08:15:00)

2026-04-01 08:15:29 CST | INFO     | shree.execution.components.signal_processor:_generate_strategy_first_signal:438 - 📊 Strategy Signal: HOLD (conf=0.00, meta=NO_SIGNAL)

2026-04-01 08:15:29 CST | INFO     | shree.execution.ib_executor:get_active_order_count:2428 - 🔍 Sync: 0 active orders (0 PendingSubmit, lock=idle)

2026-04-01 08:15:29 CST | INFO     | shree.execution.components.signal_processor:process_trading_cycle:1510 - Skipping trade (HOLD)

2026-04-01 08:17:30 CST | INFO     | shree.execution.components.trading_session_manager:start:267 - 💓 Heartbeat: waiting for 15m bar | bars=63 | price=6597.0

2026-04-01 08:22:31 CST | INFO     | shree.execution.components.trading_session_manager:start:267 - 💓 Heartbeat: waiting for 15m bar | bars=63 | price=6597.0

2026-04-01 08:27:32 CST | INFO     | shree.execution.components.trading_session_manager:start:267 - 💓 Heartbeat: waiting for 15m bar | bars=63 | price=6597.0

2026-04-01 08:30:33 CST | INFO     | shree.execution.ib_executor:get_active_order_count:2428 - 🔍 Sync: 0 active orders (0 PendingSubmit, lock=idle)

2026-04-01 08:30:33 CST | INFO     | shree.execution.components.signal_processor:process_trading_cycle:1294 - 🕐 New candle close at 08:30:00 CST

2026-04-01 08:30:33 CST | INFO     | shree.utils.structured_logging:log_structured_event:83 - Cycle start

2026-04-01 08:30:33 CST | INFO     | shree.strategies.es_fifteen_min:generate:993 - 🔍 NO_SIGNAL diag: A:close(6608.8)<=ema21(6609.1) | B:no_cross(c=6608.8,prev=6597.0,OR_H=6585.0) | C:close(6608.8)<=ema9(6609.6) | D:ema21(6609.1)>=ema50(6601.2) | E:no_cross(c=6608.8,prev=6597.0,OR_L=6579.5) | F:close(6608.8)<=ema9(6609.6) | G:outside_london(08:30:00)

2026-04-01 08:30:33 CST | INFO     | shree.execution.components.signal_processor:_generate_strategy_first_signal:438 - 📊 Strategy Signal: HOLD (conf=0.00, meta=NO_SIGNAL)

2026-04-01 08:30:33 CST | INFO     | shree.execution.ib_executor:get_active_order_count:2428 - 🔍 Sync: 0 active orders (0 PendingSubmit, lock=idle)

2026-04-01 08:30:33 CST | INFO     | shree.execution.components.signal_processor:process_trading_cycle:1510 - Skipping trade (HOLD)

2026-04-01 08:32:34 CST | INFO     | shree.execution.components.trading_session_manager:start:267 - 💓 Heartbeat: waiting for 15m bar | bars=64 | price=6608.75

2026-04-01 08:37:35 CST | INFO     | shree.execution.components.trading_session_manager:start:267 - 💓 Heartbeat: waiting for 15m bar | bars=64 | price=6608.75

2026-04-01 08:42:37 CST | INFO     | shree.execution.components.trading_session_manager:start:267 - 💓 Heartbeat: waiting for 15m bar | bars=64 | price=6608.75

2026-04-01 08:45:07 CST | INFO     | shree.execution.ib_executor:get_active_order_count:2428 - 🔍 Sync: 0 active orders (0 PendingSubmit, lock=idle)

2026-04-01 08:45:07 CST | INFO     | shree.execution.components.signal_processor:process_trading_cycle:1294 - 🕐 New candle close at 08:45:00 CST

2026-04-01 08:45:07 CST | INFO     | shree.utils.structured_logging:log_structured_event:83 - Cycle start

2026-04-01 08:45:07 CST | INFO     | shree.strategies.es_fifteen_min:generate:993 - 🔍 NO_SIGNAL diag: A:macd_div(-1.94)<-0.5 | B:no_cross(c=6610.2,prev=6608.8,OR_H=6585.0) | C:ema21_overlap(low=6606.8<=touch21=6619.1) | D:ema21(6609.2)>=ema50(6601.5) | E:no_cross(c=6610.2,prev=6608.8,OR_L=6579.5) | F:macd(-1.94)<=0 | G:outside_london(08:45:00)

2026-04-01 08:45:07 CST | INFO     | shree.execution.components.signal_processor:_generate_strategy_first_signal:438 - 📊 Strategy Signal: HOLD (conf=0.00, meta=NO_SIGNAL)

2026-04-01 08:45:07 CST | INFO     | shree.execution.ib_executor:get_active_order_count:2428 - 🔍 Sync: 0 active orders (0 PendingSubmit, lock=idle)

2026-04-01 08:45:07 CST | INFO     | shree.execution.components.signal_processor:process_trading_cycle:1510 - Skipping trade (HOLD)

2026-04-01 08:47:38 CST | INFO     | shree.execution.components.trading_session_manager:start:267 - 💓 Heartbeat: waiting for 15m bar | bars=65 | price=6610.25

2026-04-01 08:52:40 CST | INFO     | shree.execution.components.trading_session_manager:start:267 - 💓 Heartbeat: waiting for 15m bar | bars=65 | price=6610.25

2026-04-01 08:57:41 CST | INFO     | shree.execution.components.trading_session_manager:start:267 - 💓 Heartbeat: waiting for 15m bar | bars=65 | price=6610.25

2026-04-01 09:00:12 CST | INFO     | shree.execution.ib_executor:get_active_order_count:2428 - 🔍 Sync: 0 active orders (0 PendingSubmit, lock=idle)

2026-04-01 09:00:12 CST | INFO     | shree.execution.components.signal_processor:process_trading_cycle:1294 - 🕐 New candle close at 09:00:00 CST

2026-04-01 09:00:12 CST | INFO     | shree.utils.structured_logging:log_structured_event:83 - Cycle start

2026-04-01 09:00:12 CST | INFO     | shree.strategies.es_fifteen_min:generate:993 - 🔍 NO_SIGNAL diag: A:close(6608.5)<=ema21(6609.1) | B:no_cross(c=6608.5,prev=6610.2,OR_H=6585.0) | C:close(6608.5)<=ema9(6609.5) | D:ema21(6609.1)>=ema50(6601.8) | E:no_cross(c=6608.5,prev=6610.2,OR_L=6579.5) | F:close(6608.5)<=ema9(6609.5) | G:outside_london(09:00:00)

2026-04-01 09:00:12 CST | INFO     | shree.execution.components.signal_processor:_generate_strategy_first_signal:438 - 📊 Strategy Signal: HOLD (conf=0.00, meta=NO_SIGNAL)

2026-04-01 09:00:12 CST | INFO     | shree.execution.ib_executor:get_active_order_count:2428 - 🔍 Sync: 0 active orders (0 PendingSubmit, lock=idle)

2026-04-01 09:00:12 CST | INFO     | shree.execution.components.signal_processor:process_trading_cycle:1510 - Skipping trade (HOLD)

2026-04-01 09:02:43 CST | INFO     | shree.execution.components.trading_session_manager:start:267 - 💓 Heartbeat: waiting for 15m bar | bars=66 | price=6608.5

2026-04-01 09:07:44 CST | INFO     | shree.execution.components.trading_session_manager:start:267 - 💓 Heartbeat: waiting for 15m bar | bars=66 | price=6608.5

2026-04-01 09:12:45 CST | INFO     | shree.execution.components.trading_session_manager:start:267 - 💓 Heartbeat: waiting for 15m bar | bars=66 | price=6608.5

2026-04-01 09:15:16 CST | INFO     | shree.execution.ib_executor:get_active_order_count:2428 - 🔍 Sync: 0 active orders (0 PendingSubmit, lock=idle)

2026-04-01 09:15:16 CST | INFO     | shree.execution.components.signal_processor:process_trading_cycle:1294 - 🕐 New candle close at 09:15:00 CST

2026-04-01 09:15:16 CST | INFO     | shree.utils.structured_logging:log_structured_event:83 - Cycle start

2026-04-01 09:15:16 CST | INFO     | shree.strategies.es_fifteen_min:generate:993 - 🔍 NO_SIGNAL diag: A:macd_div(-1.03)<-0.5 | B:no_cross(c=6617.8,prev=6608.5,OR_H=6585.0) | C:ema21_overlap(low=6613.2<=touch21=6619.8) | D:ema21(6609.9)>=ema50(6602.4) | E:no_cross(c=6617.8,prev=6608.5,OR_L=6579.5) | F:macd(-1.03)<=0 | G:outside_london(09:15:00)

2026-04-01 09:15:16 CST | INFO     | shree.execution.components.signal_processor:_generate_strategy_first_signal:438 - 📊 Strategy Signal: HOLD (conf=0.00, meta=NO_SIGNAL)

2026-04-01 09:15:16 CST | INFO     | shree.execution.ib_executor:get_active_order_count:2428 - 🔍 Sync: 0 active orders (0 PendingSubmit, lock=idle)

2026-04-01 09:15:16 CST | INFO     | shree.execution.components.signal_processor:process_trading_cycle:1510 - Skipping trade (HOLD)

2026-04-01 09:17:47 CST | INFO     | shree.execution.components.trading_session_manager:start:267 - 💓 Heartbeat: waiting for 15m bar | bars=67 | price=6617.75

2026-04-01 09:22:49 CST | INFO     | shree.execution.components.trading_session_manager:start:267 - 💓 Heartbeat: waiting for 15m bar | bars=67 | price=6617.75

2026-04-01 09:27:18 CST | INFO     | shree.data.vx_futures_feed:_connect_async:156 - VX Feed: Connecting to IBKR at 127.0.0.1:4001 with client_id=71 (attempt 1/5)

2026-04-01 09:27:18 CST | WARNING  | shree.data.vx_futures_feed:_connect_async:191 - VX Feed connection failed (attempt 1/5): [Errno 61] Connect call failed ('127.0.0.1', 4001)

2026-04-01 09:27:18 CST | INFO     | shree.data.vx_futures_feed:_connect_async:203 - VX Feed: Retrying in 1.0s...

2026-04-01 09:27:19 CST | INFO     | shree.data.vx_futures_feed:_connect_async:156 - VX Feed: Connecting to IBKR at 127.0.0.1:4001 with client_id=71 (attempt 2/5)

2026-04-01 09:27:19 CST | WARNING  | shree.data.vx_futures_feed:_connect_async:191 - VX Feed connection failed (attempt 2/5): [Errno 61] Connect call failed ('127.0.0.1', 4001)

2026-04-01 09:27:19 CST | INFO     | shree.data.vx_futures_feed:_connect_async:203 - VX Feed: Retrying in 2.0s...

2026-04-01 09:27:19 CST | WARNING  | shree.execution.live_trading_manager:_fetch_latest_15m_bar:1108 - Latest 15m bar fetch FAILED: Not connected

2026-04-01 09:27:21 CST | INFO     | shree.data.vx_futures_feed:_connect_async:156 - VX Feed: Connecting to IBKR at 127.0.0.1:4001 with client_id=71 (attempt 3/5)

2026-04-01 09:27:21 CST | WARNING  | shree.data.vx_futures_feed:_connect_async:191 - VX Feed connection failed (attempt 3/5): [Errno 61] Connect call failed ('127.0.0.1', 4001)

2026-04-01 09:27:21 CST | INFO     | shree.data.vx_futures_feed:_connect_async:203 - VX Feed: Retrying in 4.0s...

2026-04-01 09:27:21 CST | WARNING  | shree.execution.ib_executor:keepalive_loop:2843 - ⚠️  Connection lost, attempting auto-reconnect...

2026-04-01 09:27:21 CST | ERROR    | shree.execution.ib_executor:keepalive_loop:2907 - ❌ Auto-reconnection failed: [Errno 61] Connect call failed ('127.0.0.1', 4001)

2026-04-01 09:27:25 CST | INFO     | shree.data.vx_futures_feed:_connect_async:156 - VX Feed: Connecting to IBKR at 127.0.0.1:4001 with client_id=71 (attempt 4/5)

2026-04-01 09:27:25 CST | WARNING  | shree.data.vx_futures_feed:_connect_async:191 - VX Feed connection failed (attempt 4/5): [Errno 61] Connect call failed ('127.0.0.1', 4001)

2026-04-01 09:27:25 CST | INFO     | shree.data.vx_futures_feed:_connect_async:203 - VX Feed: Retrying in 8.0s...

2026-04-01 09:27:33 CST | INFO     | shree.data.vx_futures_feed:_connect_async:156 - VX Feed: Connecting to IBKR at 127.0.0.1:4001 with client_id=71 (attempt 5/5)

2026-04-01 09:27:33 CST | WARNING  | shree.data.vx_futures_feed:_connect_async:191 - VX Feed connection failed (attempt 5/5): [Errno 61] Connect call failed ('127.0.0.1', 4001)

2026-04-01 09:27:33 CST | ERROR    | shree.data.vx_futures_feed:_connect_async:206 - VX Feed: Failed to connect after 5 attempts

2026-04-01 09:27:49 CST | WARNING  | shree.execution.live_trading_manager:_fetch_latest_15m_bar:1108 - Latest 15m bar fetch FAILED: Not connected

2026-04-01 09:27:49 CST | INFO     | shree.execution.components.trading_session_manager:start:267 - 💓 Heartbeat: waiting for 15m bar | bars=67 | price=6617.75

2026-04-01 09:27:51 CST | WARNING  | shree.execution.ib_executor:keepalive_loop:2843 - ⚠️  Connection lost, attempting auto-reconnect...

2026-04-01 09:27:52 CST | INFO     | shree.execution.ib_executor:_register_event_handlers:504 - 📡 Registering IB event handlers

2026-04-01 09:27:52 CST | INFO     | shree.execution.ib_executor:keepalive_loop:2875 - ✅ Auto-reconnection successful

2026-04-01 09:27:52 CST | INFO     | shree.execution.ib_executor:_reconcile_orders:635 - ✅ No active orders

2026-04-01 09:28:03 CST | INFO     | shree.data.vx_futures_feed:_connect_async:156 - VX Feed: Connecting to IBKR at 127.0.0.1:4001 with client_id=71 (attempt 1/5)

2026-04-01 09:28:03 CST | INFO     | shree.data.vx_futures_feed:_connect_async:177 - ✅ VX Feed connected successfully (client_id=71, Live data)

2026-04-01 09:30:20 CST | INFO     | shree.execution.ib_executor:get_active_order_count:2428 - 🔍 Sync: 0 active orders (0 PendingSubmit, lock=idle)

2026-04-01 09:30:20 CST | INFO     | shree.execution.components.signal_processor:process_trading_cycle:1294 - 🕐 New candle close at 09:30:00 CST

2026-04-01 09:30:20 CST | INFO     | shree.utils.structured_logging:log_structured_event:83 - Cycle start

2026-04-01 09:30:20 CST | INFO     | shree.strategies.es_fifteen_min:generate:1094 - 📊 2026-04-01 09:30:00-05:00 | BUY: close=6619.25 ema21=6610.77 atr=10.6 adx=32 rsi=57 macd_h=-0.44 SL=6608.66 TP=6633.25 [RTH] | EMA21_PB_LONG | ADX=32 | RSI=57 | MACD_H=-0.44 | ATR=10.6 | SL=10.6pts | TP=14.0pts

2026-04-01 09:30:20 CST | INFO     | shree.execution.components.signal_processor:_generate_strategy_first_signal:438 - 📊 Strategy Signal: BUY (conf=0.70, meta=EMA21_PB_LONG | ADX=32 | RSI=57 | MACD_H=-0.44 | ATR=10.6 | SL=10.6pts | TP=14.0pts)

2026-04-01 09:30:20 CST | INFO     | shree.data.sentiment_aggregator:get_combined_mes_sentiment:1239 - 🔄 Fetching fresh multi-source sentiment... [fetch_id=143020]

2026-04-01 09:30:22 CST | INFO     | shree.data.sentiment_aggregator:get_stocktwits_sentiment:467 - 📊 Stocktwits: score=-0.23 (bull=5, bear=8, total=60) [ts=14:30:22]

2026-04-01 09:30:24 CST | INFO     | shree.data.sentiment_aggregator:_get_reddit_sentiment_public:696 - 📱 Reddit (public): score=-0.03 (samples=13, unique_posts=8)

2026-04-01 09:30:24 CST | INFO     | shree.data.sentiment_aggregator:get_vix_sentiment:978 - 📊 VIX Regime: VIX=25.00 -> HIGH_UNCERTAINTY (score=-0.40, conf=0.80, source=vx_futures)

2026-04-01 09:30:24 CST | INFO     | shree.data.sentiment_aggregator:get_combined_mes_sentiment:1256 -    Blended with VIX: social=-0.16, vix=-0.40 -> -0.26

2026-04-01 09:30:24 CST | INFO     | shree.data.sentiment_aggregator:get_combined_mes_sentiment:1271 - ==================================================

2026-04-01 09:30:24 CST | INFO     | shree.data.sentiment_aggregator:get_combined_mes_sentiment:1272 - 📊 MULTI-SOURCE SENTIMENT SUMMARY

2026-04-01 09:30:24 CST | INFO     | shree.data.sentiment_aggregator:get_combined_mes_sentiment:1273 - ==================================================

2026-04-01 09:30:24 CST | INFO     | shree.data.sentiment_aggregator:get_combined_mes_sentiment:1274 -    Stocktwits: -0.23 (60 samples)

2026-04-01 09:30:24 CST | INFO     | shree.data.sentiment_aggregator:get_combined_mes_sentiment:1275 -    Reddit:     -0.03 (13 samples)

2026-04-01 09:30:24 CST | INFO     | shree.data.sentiment_aggregator:get_combined_mes_sentiment:1276 -    Twitter:    +0.00 (0 samples)

2026-04-01 09:30:24 CST | INFO     | shree.data.sentiment_aggregator:get_combined_mes_sentiment:1277 -    VIX:        -0.40 (market-based)

2026-04-01 09:30:24 CST | INFO     | shree.data.sentiment_aggregator:get_combined_mes_sentiment:1278 -    ━━━━━━━━━━━━━━━━━━━━━━━━━━

2026-04-01 09:30:24 CST | INFO     | shree.data.sentiment_aggregator:get_combined_mes_sentiment:1279 -    COMBINED:   -0.26

2026-04-01 09:30:24 CST | INFO     | shree.data.sentiment_aggregator:get_combined_mes_sentiment:1280 - ==================================================

2026-04-01 09:30:24 CST | INFO     | shree.execution.components.sentiment_evaluator:_evaluate_multi_source_sentiment:330 - 📊 Multi-Source Sentiment Check (RTH):

2026-04-01 09:30:24 CST | INFO     | shree.execution.components.sentiment_evaluator:_evaluate_multi_source_sentiment:331 -    Combined Score: -0.26

2026-04-01 09:30:24 CST | INFO     | shree.execution.components.sentiment_evaluator:_evaluate_multi_source_sentiment:333 -    Breakdown:

2026-04-01 09:30:24 CST | INFO     | shree.execution.components.sentiment_evaluator:_evaluate_multi_source_sentiment:334 -       Stocktwits: -0.23

2026-04-01 09:30:24 CST | INFO     | shree.execution.components.sentiment_evaluator:_evaluate_multi_source_sentiment:335 -       Reddit:     -0.03

2026-04-01 09:30:24 CST | INFO     | shree.execution.components.sentiment_evaluator:_evaluate_multi_source_sentiment:336 -       Twitter:    +0.00

2026-04-01 09:30:24 CST | INFO     | shree.execution.components.sentiment_evaluator:_evaluate_multi_source_sentiment:337 -    Thresholds: block=±0.3, weak=±0.15

2026-04-01 09:30:24 CST | INFO     | shree.execution.components.sentiment_evaluator:_evaluate_multi_source_sentiment:338 -    Recommendation: REDUCE_SIZE

2026-04-01 09:30:24 CST | INFO     | shree.execution.components.sentiment_evaluator:_evaluate_multi_source_sentiment:339 -    Reason: Moderate bearish sentiment (-0.26) - reduce position size

2026-04-01 09:30:24 CST | INFO     | shree.utils.structured_logging:log_structured_event:83 - MultiSource Sentiment REDUCE_SIZE

2026-04-01 09:30:24 CST | INFO     | shree.execution.components.sentiment_evaluator:_evaluate_multi_source_sentiment:377 -    Confidence: 0.700 → 0.490 (sentiment: 0.70, low_vol: 1.00)

2026-04-01 09:30:24 CST | INFO     | shree.execution.components.signal_processor:_generate_strategy_first_signal:502 - 📡 Sentiment overlay: score=-0.257 bias=BEARISH conf_delta=-0.210 (0.700 → 0.490)

2026-04-01 09:30:24 CST | INFO     | shree.execution.components.sentiment_evaluator:get_vx_multiplier:249 - 📈 VX Volatility Adjustment: VX=25.00 → 0.6x multiplier

2026-04-01 09:30:24 CST | INFO     | shree.execution.components.signal_processor:_generate_strategy_first_signal:581 - 📈 VX Adjustment: VX=25.0 | 0.490 -0.050 = 0.440 (pullback)

2026-04-01 09:30:24 CST | INFO     | shree.llm.trade_logger:_init_database:77 - Trade logger database initialized: /Users/svss/Documents/code/ShreeBot/data/llm_trades.db

2026-04-01 09:30:24 CST | INFO     | shree.rag.trade_logger:_get_metrics_logger:464 - Metrics logger ready for structural persistence

2026-04-01 09:30:24 CST | INFO     | shree.rag.hybrid_rag_pipeline:evaluate:1168 - SCORE_DEBUG: buy=39.0, sell=8.2, threshold=20, scalp_mode=False, daily_bias=BULLISH

2026-04-01 09:30:24 CST | INFO     | shree.rag.hybrid_rag_pipeline:evaluate:1170 - SCORE_BREAKDOWN: TREND_SCORE:+65(EMA_STACK_UP+ABOVE_EMA50+MACD_NEG) | UPTREND:+30 | RSI_HIGH(57.4):+7.5 | MACD_NEG(-0.44):+6.2 | NO_LEVEL(PDH:2.24%,PDL:3.92%) | DAILY_BULLISH(BUY*1.3,SELL*0.6)

2026-04-01 09:30:25 CST | INFO     | shree.rag.s3_storage:read_from_s3:311 - Downloaded from S3: spy-futures-bot/trade-logs/2026-01-02/190810_efcfe16e.json

2026-04-01 09:30:26 CST | INFO     | shree.rag.s3_storage:read_from_s3:311 - Downloaded from S3: spy-futures-bot/trade-logs/2026-01-02/173410_6a54a25b.json

2026-04-01 09:30:26 CST | INFO     | shree.rag.s3_storage:read_from_s3:311 - Downloaded from S3: spy-futures-bot/trade-logs/2026-01-02/162307_d9c30f67.json

2026-04-01 09:30:26 CST | INFO     | shree.rag.s3_storage:read_from_s3:311 - Downloaded from S3: spy-futures-bot/trade-logs/2026-01-02/161355_f188b596.json

2026-04-01 09:30:26 CST | INFO     | shree.rag.s3_storage:read_from_s3:311 - Downloaded from S3: spy-futures-bot/trade-logs/2026-01-02/161208_d2dab2af.json

2026-04-01 09:30:26 CST | INFO     | shree.rag.s3_storage:read_from_s3:311 - Downloaded from S3: spy-futures-bot/trade-logs/2026-01-02/155109_ad4e5ed7.json

2026-04-01 09:30:26 CST | INFO     | shree.rag.s3_storage:read_from_s3:311 - Downloaded from S3: spy-futures-bot/trade-logs/2026-01-02/152211_8cb8fc7e.json

2026-04-01 09:30:26 CST | INFO     | shree.rag.s3_storage:read_from_s3:311 - Downloaded from S3: spy-futures-bot/trade-logs/2026-01-02/152108_8dd091ac.json

2026-04-01 09:30:26 CST | INFO     | shree.rag.s3_storage:read_from_s3:311 - Downloaded from S3: spy-futures-bot/trade-logs/2026-01-02/151810_abe7cb47.json

2026-04-01 09:30:27 CST | INFO     | shree.rag.s3_storage:read_from_s3:311 - Downloaded from S3: spy-futures-bot/trade-logs/2026-01-02/151710_7fb00e3e.json

2026-04-01 09:30:27 CST | INFO     | shree.rag.s3_storage:read_from_s3:311 - Downloaded from S3: spy-futures-bot/trade-logs/2026-01-02/151112_8a29fbc2.json

2026-04-01 09:30:27 CST | INFO     | shree.rag.s3_storage:read_from_s3:311 - Downloaded from S3: spy-futures-bot/trade-logs/2026-01-02/145010_be4875e4.json

2026-04-01 09:30:27 CST | INFO     | shree.rag.s3_storage:read_from_s3:311 - Downloaded from S3: spy-futures-bot/trade-logs/2025-12-31/201011_f138ff7d.json

2026-04-01 09:30:27 CST | INFO     | shree.rag.s3_storage:read_from_s3:311 - Downloaded from S3: spy-futures-bot/trade-logs/2025-12-31/200906_c2a58ac5.json

2026-04-01 09:30:27 CST | INFO     | shree.rag.s3_storage:read_from_s3:311 - Downloaded from S3: spy-futures-bot/trade-logs/2025-12-31/150907_ca768f54.json

2026-04-01 09:30:27 CST | INFO     | shree.rag.s3_storage:read_from_s3:311 - Downloaded from S3: spy-futures-bot/trade-logs/2025-12-31/150839_84fc1132.json

2026-04-01 09:30:27 CST | INFO     | shree.rag.s3_storage:read_from_s3:311 - Downloaded from S3: spy-futures-bot/trade-logs/2025-12-31/145218_c4d72f32.json

2026-04-01 09:30:27 CST | INFO     | shree.rag.s3_storage:read_from_s3:311 - Downloaded from S3: spy-futures-bot/trade-logs/2025-12-30/174320_2bbc848b.json

2026-04-01 09:30:27 CST | INFO     | shree.rag.s3_storage:read_from_s3:311 - Downloaded from S3: spy-futures-bot/trade-logs/2025-12-30/173609_1ab59c03.json

2026-04-01 09:30:27 CST | INFO     | shree.rag.s3_storage:read_from_s3:311 - Downloaded from S3: spy-futures-bot/trade-logs/2025-12-29/194840_24ff5aff.json

2026-04-01 09:30:28 CST | INFO     | shree.rag.s3_storage:read_from_s3:311 - Downloaded from S3: spy-futures-bot/trade-logs/2025-12-29/181706_8f6e4b9f.json

2026-04-01 09:30:28 CST | INFO     | shree.rag.s3_storage:read_from_s3:311 - Downloaded from S3: spy-futures-bot/trade-logs/2025-12-29/181701_544a9807.json

2026-04-01 09:30:28 CST | INFO     | shree.rag.s3_storage:read_from_s3:311 - Downloaded from S3: spy-futures-bot/trade-logs/2025-12-29/153512_858a8feb.json

2026-04-01 09:30:28 CST | INFO     | shree.rag.s3_storage:read_from_s3:311 - Downloaded from S3: spy-futures-bot/trade-logs/2025-12-26/025007_d8415f56.json

2026-04-01 09:30:28 CST | INFO     | shree.rag.s3_storage:read_from_s3:311 - Downloaded from S3: spy-futures-bot/trade-logs/2025-12-19/153007_53e3be8b.json

2026-04-01 09:30:28 CST | INFO     | shree.rag.s3_storage:read_from_s3:311 - Downloaded from S3: spy-futures-bot/trade-logs/2025-12-18/013010_02879f3e.json

2026-04-01 09:30:28 CST | INFO     | shree.rag.s3_storage:read_from_s3:311 - Downloaded from S3: spy-futures-bot/trade-logs/2025-12-16/020504_3d5d3415.json

2026-04-01 09:30:28 CST | INFO     | shree.rag.s3_storage:read_from_s3:311 - Downloaded from S3: spy-futures-bot/trade-logs/2025-12-15/172708_349b8dd1.json

2026-04-01 09:30:28 CST | INFO     | shree.rag.s3_storage:read_from_s3:311 - Downloaded from S3: spy-futures-bot/trade-logs/2025-12-12/094939_cfbffda2.json

2026-04-01 09:30:28 CST | INFO     | shree.rag.s3_storage:read_from_s3:311 - Downloaded from S3: spy-futures-bot/trade-logs/2025-12-08/190350_test_007.json

2026-04-01 09:30:28 CST | INFO     | shree.rag.s3_storage:read_from_s3:311 - Downloaded from S3: spy-futures-bot/trade-logs/2025-12-07/190350_test_006.json

2026-04-01 09:30:29 CST | INFO     | shree.rag.s3_storage:read_from_s3:311 - Downloaded from S3: spy-futures-bot/trade-logs/2025-12-06/190350_test_005.json

2026-04-01 09:30:29 CST | INFO     | shree.rag.s3_storage:read_from_s3:311 - Downloaded from S3: spy-futures-bot/trade-logs/2025-12-05/190350_test_004.json

2026-04-01 09:30:29 CST | INFO     | shree.rag.s3_storage:read_from_s3:311 - Downloaded from S3: spy-futures-bot/trade-logs/2025-12-04/190350_test_003.json

2026-04-01 09:30:29 CST | INFO     | shree.rag.s3_storage:read_from_s3:311 - Downloaded from S3: spy-futures-bot/trade-logs/2025-12-03/190350_test_002.json

2026-04-01 09:30:29 CST | INFO     | shree.rag.s3_storage:read_from_s3:311 - Downloaded from S3: spy-futures-bot/trade-logs/2025-12-02/190350_test_001.json

2026-04-01 09:30:29 CST | INFO     | shree.rag.hybrid_rag_pipeline:process:2744 - Pipeline result: BUY (conf=31%, time=4457ms)

2026-04-01 09:30:29 CST | INFO     | shree.utils.structured_logging:log_structured_event:83 - BUY entry=6619.25 SL=6587.48 (31.77) TP=6682.78 (63.53)

2026-04-01 09:30:29 CST | INFO     | shree.rag.pipeline_integration:_log_protection_snapshot:1001 - 🛡️ Protection snapshot | BUY entry=6619.25 SL=6587.48 (31.77) TP=6682.78 (63.53) fallback=no

2026-04-01 09:30:29 CST | INFO     | shree.utils.structured_logging:log_structured_event:83 - BUY @ 0.31

2026-04-01 09:30:29 CST | INFO     | shree.rag.pipeline_integration:process_sync:827 - Hybrid Pipeline: BUY (conf=0.31, trend=UPTREND, vol=MEDIUM)

2026-04-01 09:30:29 CST | INFO     | shree.execution.components.signal_processor:_generate_strategy_first_signal:634 - 🤖 Hybrid AGREES (BUY): rag_win_rate=0% (n=5) conf boost +0.000 → 0.440

2026-04-01 09:30:29 CST | INFO     | shree.execution.components.signal_processor:_generate_strategy_first_signal:1016 - 📊 Final Signal: BUY conf=0.440 (base=0.700, overlays={'sentiment': -0.21000000000000002, 'vx_additive': -0.05, 'hybrid_agreement_boost': 0.0})

2026-04-01 09:30:29 CST | INFO     | shree.execution.ib_executor:get_active_order_count:2428 - 🔍 Sync: 0 active orders (0 PendingSubmit, lock=idle)

2026-04-01 09:30:29 CST | INFO     | shree.execution.ib_executor:get_active_order_count:2428 - 🔍 Sync: 0 active orders (0 PendingSubmit, lock=idle)

2026-04-01 09:30:29 CST | INFO     | shree.execution.live_trading_manager:_process_hybrid_signal:1982 -   ↳ Placing HYBRID order: BUY

2026-04-01 09:30:29 CST | INFO     | shree.execution.live_trading_manager:_place_hybrid_order:2428 - 🤖 HYBRID: Placing BUY order

2026-04-01 09:30:29 CST | INFO     | shree.execution.live_trading_manager:_place_hybrid_order:2506 - 🎯 Using STRATEGY risk params: SL=10.59 (abs=6608.66), TP=14.00 (abs=6633.25)

2026-04-01 09:30:29 CST | INFO     | shree.execution.live_trading_manager:_place_hybrid_order:2590 - 🔍 Stop-Loss Calculation Debug:
   Action: BUY
   Current Price: 6619.25
   Entry Price: 6619.25
   ATR Value: 10.5887
   Stop Offset: 10.59
   Target Offset: 14.00
   Stop-Loss: 6608.66 (below entry)
   Take-Profit: 6633.25 (above entry)
   Fallback Used: no (ok)

2026-04-01 09:30:29 CST | INFO     | shree.execution.ib_executor:get_current_price:2786 - Requesting market data for MESM6...

2026-04-01 09:30:30 CST | INFO     | shree.execution.ib_executor:get_current_price:2801 - Got last price: 6618.25

2026-04-01 09:30:30 CST | INFO     | shree.execution.live_trading_manager:_place_hybrid_order:2715 - 📊 Order telemetry | qty=1 position=0 lock=False entry=6619.25 SL=6608.66 TP=6633.25 fallback=no

2026-04-01 09:30:30 CST | INFO     | shree.execution.live_trading_manager:_enforce_risk_gate:3210 - ✅ RiskGate pass: margin=4816.13 required=3464.00 stopPts=10.50

2026-04-01 09:30:30 CST | INFO     | shree.execution.ib_executor:place_order:1457 - ✅ PositionManager approved: 1 contracts (Reason: Approved)

2026-04-01 09:30:30 CST | INFO     | shree.execution.ib_executor:place_order:1478 - 📊 Using LIMIT order @ 6620.25 (market_hint: 6619.25, buffer: 1.0)

2026-04-01 09:30:30 CST | INFO     | shree.execution.ib_executor:place_order:1588 - Adding take-profit order at 6633.25

2026-04-01 09:30:30 CST | INFO     | shree.execution.ib_executor:place_order:1595 - Adding stop-loss order: stop=6608.75 (STOP-MARKET)

2026-04-01 09:30:30 CST | INFO     | shree.execution.ib_executor:place_order:1611 - 📡 Bracket telemetry | qty=1 lock=False entry=6619.25 SL=6608.75 TP=6633.25 fallback=no

2026-04-01 09:30:30 CST | WARNING  | shree.execution.order_lock:engage:85 - 🔒 Order lock engaged: BUY 1 @ 6619.25

2026-04-01 09:30:30 CST | INFO     | shree.execution.ib_executor:_log_trade_status:1967 - 🛰️ parent-submit | backend=IB mock=False orderId=11574 permId=0 status=PendingSubmit filled=0.0 remaining=0.0 clientId=0

2026-04-01 09:30:30 CST | INFO     | shree.monitoring.order_tracker:record_order_placement:442 - 📝 Recorded order placement: ID=11574, BUY 1 MES

2026-04-01 09:30:30 CST | INFO     | shree.execution.ib_executor:_log_trade_status:1967 - 🛰️ child-submit-1 | backend=IB mock=False orderId=11575 permId=0 status=PendingSubmit filled=0.0 remaining=0.0 clientId=0

2026-04-01 09:30:30 CST | INFO     | shree.execution.ib_executor:_log_trade_status:1967 - 🛰️ child-11575-ack-start | backend=IB mock=False orderId=11575 permId=0 status=PendingSubmit filled=0.0 remaining=0.0 clientId=0

2026-04-01 09:30:33 CST | WARNING  | shree.execution.ib_executor:_await_order_submission:1989 - ⏳ child-11575 11575 still PendingSubmit after 3.0s

2026-04-01 09:30:33 CST | INFO     | shree.execution.ib_executor:_log_trade_status:1967 - 🛰️ child-11575-ack-complete | backend=IB mock=False orderId=11575 permId=0 status=PendingSubmit filled=0.0 remaining=0.0 clientId=0

2026-04-01 09:30:33 CST | INFO     | shree.monitoring.order_tracker:record_order_placement:442 - 📝 Recorded order placement: ID=11575, SELL 1 MES

2026-04-01 09:30:33 CST | INFO     | shree.execution.ib_executor:place_order:1773 - 📝 Placed bracket order 11575 (LIMIT) (parent=11574)

2026-04-01 09:30:33 CST | INFO     | shree.execution.ib_executor:_log_trade_status:1967 - 🛰️ child-submit-2 | backend=IB mock=False orderId=11576 permId=0 status=PendingSubmit filled=0.0 remaining=0.0 clientId=0

2026-04-01 09:30:33 CST | INFO     | shree.execution.ib_executor:_log_trade_status:1967 - 🛰️ child-11576-ack-start | backend=IB mock=False orderId=11576 permId=0 status=PendingSubmit filled=0.0 remaining=0.0 clientId=0

2026-04-01 09:30:33 CST | INFO     | shree.execution.ib_executor:_on_order_status:1001 - 📊 Order 11575 status: PreSubmitted (filled=0.0, remaining=1.0, avg=0.00)

2026-04-01 09:30:33 CST | INFO     | shree.monitoring.order_tracker:update_order_status:524 - 📊 Order 11575 status: PreSubmitted

2026-04-01 09:30:33 CST | INFO     | shree.execution.ib_executor:_on_order_status:1001 - 📊 Order 11575 status: PreSubmitted (filled=0.0, remaining=1.0, avg=0.00)

2026-04-01 09:30:33 CST | INFO     | shree.monitoring.order_tracker:update_order_status:524 - 📊 Order 11575 status: PreSubmitted

2026-04-01 09:30:33 CST | INFO     | shree.execution.ib_executor:_on_order_status:1001 - 📊 Order 11576 status: PreSubmitted (filled=0.0, remaining=1.0, avg=0.00)

2026-04-01 09:30:33 CST | INFO     | shree.monitoring.order_tracker:update_order_status:524 - 📊 Order 11576 status: PreSubmitted

2026-04-01 09:30:33 CST | INFO     | shree.execution.ib_executor:_on_order_status:1001 - 📊 Order 11576 status: PreSubmitted (filled=0.0, remaining=1.0, avg=0.00)

2026-04-01 09:30:33 CST | INFO     | shree.monitoring.order_tracker:update_order_status:524 - 📊 Order 11576 status: PreSubmitted

2026-04-01 09:30:33 CST | INFO     | shree.execution.ib_executor:_on_order_status:1001 - 📊 Order 11574 status: PreSubmitted (filled=0.0, remaining=1.0, avg=0.00)

2026-04-01 09:30:33 CST | INFO     | shree.monitoring.order_tracker:update_order_status:524 - 📊 Order 11574 status: PreSubmitted

2026-04-01 09:30:33 CST | INFO     | shree.execution.ib_executor:_on_order_status:1001 - 📊 Order 11574 status: PreSubmitted (filled=0.0, remaining=1.0, avg=0.00)

2026-04-01 09:30:33 CST | INFO     | shree.monitoring.order_tracker:update_order_status:524 - 📊 Order 11574 status: PreSubmitted

2026-04-01 09:30:33 CST | INFO     | shree.execution.ib_executor:_on_execution:1062 - ✅ Execution: Order 11574, qty=1.0, price=6618.75, slippage=$1.50

2026-04-01 09:30:33 CST | INFO     | shree.monitoring.order_tracker:record_execution:570 - ✅ Execution recorded: Order 11574, 1.0 @ 6618.75

2026-04-01 09:30:33 CST | INFO     | shree.execution.ib_executor:_on_execution:1202 - 📱 Checking Telegram: enabled=True

2026-04-01 09:30:33 CST | INFO     | shree.execution.ib_executor:_on_execution:1224 - 📱 Sending Telegram alert: BUY 1.0 @ 6618.75, SL=6608.75, TP=6633.25

2026-04-01 09:30:33 CST | INFO     | shree.execution.ib_executor:_on_execution:1273 - 📱 Telegram alert queued successfully

2026-04-01 09:30:33 CST | INFO     | shree.execution.ib_executor:_on_execution:1062 - ✅ Execution: Order 11574, qty=1.0, price=6618.75, slippage=$1.50

2026-04-01 09:30:33 CST | INFO     | shree.monitoring.order_tracker:record_execution:570 - ✅ Execution recorded: Order 11574, 1.0 @ 6618.75

2026-04-01 09:30:33 CST | INFO     | shree.execution.ib_executor:_on_execution:1202 - 📱 Checking Telegram: enabled=True

2026-04-01 09:30:33 CST | INFO     | shree.execution.ib_executor:_on_execution:1224 - 📱 Sending Telegram alert: BUY 1.0 @ 6618.75, SL=6608.75, TP=6633.25

2026-04-01 09:30:33 CST | INFO     | shree.execution.ib_executor:_on_execution:1273 - 📱 Telegram alert queued successfully

2026-04-01 09:30:33 CST | INFO     | shree.execution.ib_executor:_on_order_status:1001 - 📊 Order 11574 status: Filled (filled=1.0, remaining=0.0, avg=6618.75)

2026-04-01 09:30:33 CST | INFO     | shree.monitoring.order_tracker:update_order_status:524 - 📊 Order 11574 status: Filled (1.0 filled)

2026-04-01 09:30:33 CST | INFO     | shree.execution.ib_executor:_on_order_status:1001 - 📊 Order 11574 status: Filled (filled=1.0, remaining=0.0, avg=6618.75)

2026-04-01 09:30:33 CST | INFO     | shree.monitoring.order_tracker:update_order_status:524 - 📊 Order 11574 status: Filled (1.0 filled)

2026-04-01 09:30:33 CST | INFO     | shree.execution.ib_executor:_reconcile_positions:762 - Reconciled position: MES qty=1 secType=FUT price=6618.75 multiplier=5.0 total_cost=33093.75

2026-04-01 09:30:33 CST | INFO     | shree.execution.ib_executor:_reconcile_positions:762 - Reconciled position: MES qty=1 secType=FUT price=6618.75 multiplier=5.0 total_cost=33093.75

2026-04-01 09:30:33 CST | INFO     | shree.execution.ib_executor:_on_order_status:1001 - 📊 Order 11575 status: PreSubmitted (filled=0.0, remaining=1.0, avg=0.00)

2026-04-01 09:30:33 CST | INFO     | shree.monitoring.order_tracker:update_order_status:524 - 📊 Order 11575 status: PreSubmitted

2026-04-01 09:30:33 CST | INFO     | shree.execution.ib_executor:_on_order_status:1001 - 📊 Order 11575 status: PreSubmitted (filled=0.0, remaining=1.0, avg=0.00)

2026-04-01 09:30:33 CST | INFO     | shree.monitoring.order_tracker:update_order_status:524 - 📊 Order 11575 status: PreSubmitted

2026-04-01 09:30:33 CST | INFO     | shree.execution.ib_executor:_on_order_status:1001 - 📊 Order 11576 status: PreSubmitted (filled=0.0, remaining=1.0, avg=0.00)

2026-04-01 09:30:33 CST | INFO     | shree.monitoring.order_tracker:update_order_status:524 - 📊 Order 11576 status: PreSubmitted

2026-04-01 09:30:33 CST | INFO     | shree.execution.ib_executor:_on_order_status:1001 - 📊 Order 11576 status: PreSubmitted (filled=0.0, remaining=1.0, avg=0.00)

2026-04-01 09:30:33 CST | INFO     | shree.monitoring.order_tracker:update_order_status:524 - 📊 Order 11576 status: PreSubmitted

2026-04-01 09:30:33 CST | INFO     | shree.execution.ib_executor:_on_order_status:1001 - 📊 Order 11575 status: Submitted (filled=0.0, remaining=1.0, avg=0.00)

2026-04-01 09:30:33 CST | INFO     | shree.monitoring.order_tracker:update_order_status:524 - 📊 Order 11575 status: Submitted

2026-04-01 09:30:33 CST | INFO     | shree.execution.ib_executor:_on_order_status:1001 - 📊 Order 11575 status: Submitted (filled=0.0, remaining=1.0, avg=0.00)

2026-04-01 09:30:33 CST | INFO     | shree.monitoring.order_tracker:update_order_status:524 - 📊 Order 11575 status: Submitted

2026-04-01 09:30:33 CST | INFO     | shree.execution.ib_executor:_log_trade_status:1967 - 🛰️ child-11576-ack-complete | backend=IB mock=False orderId=11576 permId=1370303496 status=PreSubmitted filled=0.0 remaining=1.0 clientId=11

2026-04-01 09:30:33 CST | INFO     | shree.monitoring.order_tracker:record_order_placement:442 - 📝 Recorded order placement: ID=11576, SELL 1.0 MES

2026-04-01 09:30:33 CST | INFO     | shree.execution.ib_executor:place_order:1773 - 📝 Placed bracket order 11576 (STOP) (parent=11574)

2026-04-01 09:30:33 CST | INFO     | shree.execution.ib_executor:_log_trade_status:1967 - 🛰️ parent-ack-start | backend=IB mock=False orderId=11574 permId=1370303494 status=Filled filled=1.0 remaining=0.0 clientId=11

2026-04-01 09:30:33 CST | INFO     | shree.execution.ib_executor:_log_trade_status:1967 - 🛰️ parent-ack-complete | backend=IB mock=False orderId=11574 permId=1370303494 status=Filled filled=1.0 remaining=0.0 clientId=11

2026-04-01 09:30:33 CST | INFO     | shree.execution.order_lock:release:90 - 🔓 Order lock released (bracket submission complete)

2026-04-01 09:30:33 CST | INFO     | shree.execution.ib_executor:place_order:1816 - Position metadata stored for trailing stops

2026-04-01 09:30:33 CST | INFO     | shree.execution.ib_executor:place_order:1818 - Order BUY placed: orderId=11574 status=Filled

2026-04-01 09:30:33 CST | INFO     | shree.execution.live_trading_manager:_place_hybrid_order:2824 - ⏱️ HYBRID trade fill - cooldown activated

2026-04-01 09:30:33 CST | INFO     | shree.execution.live_trading_manager:_notify_position_opened:1395 - 📊 MTF Gate notified of position open: long

2026-04-01 09:30:33 CST | INFO     | shree.monitoring.live_tracker:record_trade:173 - Recorded trade: BUY 1 @ 6618.75, position=1

2026-04-01 09:30:33 CST | INFO     | shree.rag.trade_logger:log_entry:298 - Trade entry logged: 11bd266b - BUY 1 @ 6618.75 (SL: 6608.75, TP: 6633.25)

2026-04-01 09:30:33 CST | INFO     | shree.execution.live_trading_manager:_place_hybrid_order:2854 - ✅ Trade logged to Hybrid RAG system

2026-04-01 09:30:33 CST | INFO     | shree.execution.components.order_coordinator:register_trade_entry:143 - 📝 Registered trade entry: cycle_id=275fc29918b4, action=BUY, qty=1, entry=6618.75

2026-04-01 09:33:04 CST | INFO     | shree.execution.components.trading_session_manager:start:267 - 💓 Heartbeat: waiting for 15m bar | bars=68 | price=6619.25

2026-04-01 09:35:33 CST | INFO     | shree.execution.ib_executor:_on_order_status:1001 - 📊 Order 11575 status: PendingCancel (filled=0.0, remaining=0.0, avg=0.00)

2026-04-01 09:35:33 CST | INFO     | shree.monitoring.order_tracker:update_order_status:524 - 📊 Order 11575 status: PendingCancel

2026-04-01 09:35:33 CST | INFO     | shree.execution.ib_executor:_on_order_status:1001 - 📊 Order 11575 status: PendingCancel (filled=0.0, remaining=0.0, avg=0.00)

2026-04-01 09:35:33 CST | INFO     | shree.monitoring.order_tracker:update_order_status:524 - 📊 Order 11575 status: PendingCancel

2026-04-01 09:35:33 CST | INFO     | shree.execution.ib_executor:_on_execution:1064 - ✅ Execution: Order 11576, qty=1.0, price=6608.75, commission=0.0

2026-04-01 09:35:33 CST | INFO     | shree.execution.ib_executor:_on_execution:1085 - 💰 Realized PnL gross=-50.00 net=-57.20 (points=-10.00, commission=7.20, totals gross=-50.00 net=-57.20)

2026-04-01 09:35:33 CST | INFO     | shree.monitoring.order_tracker:record_execution:570 - ✅ Execution recorded: Order 11576, 1.0 @ 6608.75

2026-04-01 09:35:33 CST | INFO     | shree.execution.ib_executor:_on_execution:1202 - 📱 Checking Telegram: enabled=True

2026-04-01 09:35:33 CST | INFO     | shree.execution.ib_executor:_on_execution:1224 - 📱 Sending Telegram alert: SELL 1.0 @ 6608.75, SL=6608.75, TP=6633.25

2026-04-01 09:35:33 CST | INFO     | shree.execution.ib_executor:_on_execution:1273 - 📱 Telegram alert queued successfully

2026-04-01 09:35:33 CST | INFO     | shree.execution.ib_executor:_on_execution:1064 - ✅ Execution: Order 11576, qty=1.0, price=6608.75, commission=0.0

2026-04-01 09:35:33 CST | INFO     | shree.monitoring.order_tracker:record_execution:570 - ✅ Execution recorded: Order 11576, 1.0 @ 6608.75

2026-04-01 09:35:33 CST | INFO     | shree.execution.ib_executor:_on_execution:1202 - 📱 Checking Telegram: enabled=True

2026-04-01 09:35:33 CST | INFO     | shree.execution.ib_executor:_on_execution:1224 - 📱 Sending Telegram alert: SELL 1.0 @ 6608.75, SL=6608.75, TP=6633.25

2026-04-01 09:35:33 CST | INFO     | shree.execution.ib_executor:_on_execution:1273 - 📱 Telegram alert queued successfully

2026-04-01 09:35:33 CST | INFO     | shree.execution.ib_executor:_on_order_status:1001 - 📊 Order 11576 status: Filled (filled=1.0, remaining=0.0, avg=6608.75)

2026-04-01 09:35:33 CST | INFO     | shree.monitoring.order_tracker:update_order_status:524 - 📊 Order 11576 status: Filled (1.0 filled)

2026-04-01 09:35:33 CST | INFO     | shree.execution.ib_executor:_on_order_status:1001 - 📊 Order 11576 status: Filled (filled=1.0, remaining=0.0, avg=6608.75)

2026-04-01 09:35:33 CST | INFO     | shree.monitoring.order_tracker:update_order_status:524 - 📊 Order 11576 status: Filled (1.0 filled)

2026-04-01 09:35:33 CST | INFO     | shree.execution.ib_executor:_reconcile_positions:777 - Reconciled position: MES is flat; cleared stale local cache

2026-04-01 09:35:33 CST | INFO     | shree.learning.trade_learning:record_outcome:78 - 📘 Learning record written: rag_data/training/trade_outcomes/2026-04-01/275fc29918b4.json

2026-04-01 09:35:33 CST | INFO     | shree.learning.trade_learning:record_history_snapshot:101 - 📚 History snapshot stored: rag_data/history_snapshots/275fc29918b4.json

2026-04-01 09:35:33 CST | INFO     | shree.execution.live_trading_manager:_notify_position_closed:1324 - 📊 Daily P&L updated: $-51.24 → daily=$-51.24

2026-04-01 09:35:33 CST | WARNING  | shree.execution.live_trading_manager:_notify_position_closed:1332 - 📉 Consecutive losses: 1 (trigger at 3)

2026-04-01 09:35:33 CST | INFO     | shree.utils.bot_state:save_bot_state:161 - bot_state: saved — loss_count=1, realized_pnl_today=-51.24, cooldown=None

2026-04-01 09:35:33 CST | INFO     | shree.execution.live_trading_manager:_notify_position_closed:1378 - 📊 MTF Gate notified of position close: LONG LOSS (pnl=$-51.24)

2026-04-01 09:35:33 CST | INFO     | shree.execution.ib_executor:_on_order_status:1001 - 📊 Order 11575 status: Cancelled (filled=0.0, remaining=0.0, avg=0.00)

2026-04-01 09:35:33 CST | INFO     | shree.monitoring.order_tracker:update_order_status:524 - 📊 Order 11575 status: Cancelled

2026-04-01 09:35:33 CST | INFO     | shree.execution.ib_executor:_on_order_status:1001 - 📊 Order 11575 status: Cancelled (filled=0.0, remaining=0.0, avg=0.00)

2026-04-01 09:35:33 CST | INFO     | shree.monitoring.order_tracker:update_order_status:524 - 📊 Order 11575 status: Cancelled

2026-04-01 09:38:06 CST | INFO     | shree.execution.components.trading_session_manager:start:267 - 💓 Heartbeat: waiting for 15m bar | bars=68 | price=6619.25

2026-04-01 09:43:07 CST | INFO     | shree.execution.components.trading_session_manager:start:267 - 💓 Heartbeat: waiting for 15m bar | bars=68 | price=6619.25

2026-04-01 09:45:08 CST | INFO     | shree.execution.ib_executor:get_active_order_count:2428 - 🔍 Sync: 0 active orders (0 PendingSubmit, lock=idle)

2026-04-01 09:45:08 CST | INFO     | shree.execution.live_trading_manager:_should_block_new_entry:1467 - Entry blocked: cooldown 25.4s remaining

2026-04-01 09:48:10 CST | INFO     | shree.execution.components.trading_session_manager:start:267 - 💓 Heartbeat: waiting for 15m bar | bars=69 | price=6625.0

2026-04-01 09:53:11 CST | INFO     | shree.execution.components.trading_session_manager:start:267 - 💓 Heartbeat: waiting for 15m bar | bars=69 | price=6625.0

2026-04-01 09:58:13 CST | INFO     | shree.execution.components.trading_session_manager:start:267 - 💓 Heartbeat: waiting for 15m bar | bars=69 | price=6625.0

2026-04-01 10:00:14 CST | INFO     | shree.execution.ib_executor:get_active_order_count:2428 - 🔍 Sync: 0 active orders (0 PendingSubmit, lock=idle)

2026-04-01 10:00:14 CST | INFO     | shree.execution.components.signal_processor:process_trading_cycle:1294 - 🕐 New candle close at 10:00:00 CST

2026-04-01 10:00:14 CST | INFO     | shree.utils.structured_logging:log_structured_event:83 - Cycle start

2026-04-01 10:00:14 CST | INFO     | shree.strategies.es_fifteen_min:generate:993 - 🔍 NO_SIGNAL diag: A:low(6632.5)>touch(6623.9) | B:no_cross(c=6633.0,prev=6619.2,OR_H=6585.0) | C:low(6632.5)>touch(6628.7) | D:ema21(6614.0)>=ema50(6605.1) | E:no_cross(c=6633.0,prev=6619.2,OR_L=6579.5) | F:bearish(c=6633.0,o=6633.8) | G:outside_london(10:00:00)

2026-04-01 10:00:14 CST | INFO     | shree.execution.components.signal_processor:_generate_strategy_first_signal:438 - 📊 Strategy Signal: HOLD (conf=0.00, meta=NO_SIGNAL)

2026-04-01 10:00:14 CST | INFO     | shree.execution.ib_executor:get_active_order_count:2428 - 🔍 Sync: 0 active orders (0 PendingSubmit, lock=idle)

2026-04-01 10:00:14 CST | INFO     | shree.execution.components.signal_processor:process_trading_cycle:1510 - Skipping trade (HOLD)

2026-04-01 10:03:14 CST | INFO     | shree.execution.components.trading_session_manager:start:267 - 💓 Heartbeat: waiting for 15m bar | bars=70 | price=6633.0

2026-04-01 10:08:16 CST | INFO     | shree.execution.components.trading_session_manager:start:267 - 💓 Heartbeat: waiting for 15m bar | bars=70 | price=6633.0

2026-04-01 10:13:17 CST | INFO     | shree.execution.components.trading_session_manager:start:267 - 💓 Heartbeat: waiting for 15m bar | bars=70 | price=6633.0

2026-04-01 10:15:17 CST | INFO     | shree.execution.ib_executor:get_active_order_count:2428 - 🔍 Sync: 0 active orders (0 PendingSubmit, lock=idle)

2026-04-01 10:15:17 CST | INFO     | shree.execution.components.signal_processor:process_trading_cycle:1294 - 🕐 New candle close at 10:15:00 CST

2026-04-01 10:15:17 CST | INFO     | shree.utils.structured_logging:log_structured_event:83 - Cycle start

2026-04-01 10:15:17 CST | INFO     | shree.strategies.es_fifteen_min:generate:1094 - 📊 2026-04-01 10:15:00-05:00 | BUY: close=6635.00 ema21=6615.88 atr=9.7 adx=35 rsi=65 macd_h=1.83 SL=6625.29 TP=6647.14 [RTH] | TREND_CONT_LONG | ADX=35 | RSI=65 | MACD_H=1.83 | e9=6622.0 | #1 | SL=9.7pts | TP=12.1pts

2026-04-01 10:15:17 CST | INFO     | shree.execution.components.signal_processor:_generate_strategy_first_signal:438 - 📊 Strategy Signal: BUY (conf=0.70, meta=TREND_CONT_LONG | ADX=35 | RSI=65 | MACD_H=1.83 | e9=6622.0 | #1 | SL=9.7pts | TP=12.1pts)

2026-04-01 10:15:17 CST | INFO     | shree.data.sentiment_aggregator:get_combined_mes_sentiment:1239 - 🔄 Fetching fresh multi-source sentiment... [fetch_id=151517]

2026-04-01 10:15:18 CST | INFO     | shree.data.sentiment_aggregator:get_stocktwits_sentiment:467 - 📊 Stocktwits: score=-0.47 (bull=5, bear=14, total=60) [ts=15:15:18]

2026-04-01 10:15:21 CST | INFO     | shree.data.sentiment_aggregator:_get_reddit_sentiment_public:696 - 📱 Reddit (public): score=-0.11 (samples=16, unique_posts=10)

2026-04-01 10:15:21 CST | INFO     | shree.data.sentiment_aggregator:get_vix_sentiment:978 - 📊 VIX Regime: VIX=25.00 -> HIGH_UNCERTAINTY (score=-0.40, conf=0.80, source=vx_futures)

2026-04-01 10:15:21 CST | INFO     | shree.data.sentiment_aggregator:get_combined_mes_sentiment:1256 -    Blended with VIX: social=-0.33, vix=-0.40 -> -0.36

2026-04-01 10:15:21 CST | INFO     | shree.data.sentiment_aggregator:get_combined_mes_sentiment:1271 - ==================================================

2026-04-01 10:15:21 CST | INFO     | shree.data.sentiment_aggregator:get_combined_mes_sentiment:1272 - 📊 MULTI-SOURCE SENTIMENT SUMMARY

2026-04-01 10:15:21 CST | INFO     | shree.data.sentiment_aggregator:get_combined_mes_sentiment:1273 - ==================================================

2026-04-01 10:15:21 CST | INFO     | shree.data.sentiment_aggregator:get_combined_mes_sentiment:1274 -    Stocktwits: -0.47 (60 samples)

2026-04-01 10:15:21 CST | INFO     | shree.data.sentiment_aggregator:get_combined_mes_sentiment:1275 -    Reddit:     -0.11 (16 samples)

2026-04-01 10:15:21 CST | INFO     | shree.data.sentiment_aggregator:get_combined_mes_sentiment:1276 -    Twitter:    +0.00 (0 samples)

2026-04-01 10:15:21 CST | INFO     | shree.data.sentiment_aggregator:get_combined_mes_sentiment:1277 -    VIX:        -0.40 (market-based)

2026-04-01 10:15:21 CST | INFO     | shree.data.sentiment_aggregator:get_combined_mes_sentiment:1278 -    ━━━━━━━━━━━━━━━━━━━━━━━━━━

2026-04-01 10:15:21 CST | INFO     | shree.data.sentiment_aggregator:get_combined_mes_sentiment:1279 -    COMBINED:   -0.36

2026-04-01 10:15:21 CST | INFO     | shree.data.sentiment_aggregator:get_combined_mes_sentiment:1280 - ==================================================

2026-04-01 10:15:21 CST | INFO     | shree.execution.components.sentiment_evaluator:_evaluate_multi_source_sentiment:330 - 📊 Multi-Source Sentiment Check (RTH):

2026-04-01 10:15:21 CST | INFO     | shree.execution.components.sentiment_evaluator:_evaluate_multi_source_sentiment:331 -    Combined Score: -0.36

2026-04-01 10:15:21 CST | INFO     | shree.execution.components.sentiment_evaluator:_evaluate_multi_source_sentiment:333 -    Breakdown:

2026-04-01 10:15:21 CST | INFO     | shree.execution.components.sentiment_evaluator:_evaluate_multi_source_sentiment:334 -       Stocktwits: -0.47

2026-04-01 10:15:21 CST | INFO     | shree.execution.components.sentiment_evaluator:_evaluate_multi_source_sentiment:335 -       Reddit:     -0.11

2026-04-01 10:15:21 CST | INFO     | shree.execution.components.sentiment_evaluator:_evaluate_multi_source_sentiment:336 -       Twitter:    +0.00

2026-04-01 10:15:21 CST | INFO     | shree.execution.components.sentiment_evaluator:_evaluate_multi_source_sentiment:337 -    Thresholds: block=±0.3, weak=±0.15

2026-04-01 10:15:21 CST | INFO     | shree.execution.components.sentiment_evaluator:_evaluate_multi_source_sentiment:338 -    Recommendation: BLOCK

2026-04-01 10:15:21 CST | INFO     | shree.execution.components.sentiment_evaluator:_evaluate_multi_source_sentiment:339 -    Reason: Strong bearish sentiment (-0.36) blocks LONG entry

2026-04-01 10:15:21 CST | INFO     | shree.utils.structured_logging:log_structured_event:83 - MultiSource Sentiment BLOCK

2026-04-01 10:15:21 CST | WARNING  | shree.execution.components.sentiment_evaluator:_evaluate_multi_source_sentiment:361 - 🚫 MULTI-SOURCE SENTIMENT BLOCK (RTH): Strong bearish sentiment (-0.36) blocks LONG entry

2026-04-01 10:15:21 CST | INFO     | shree.execution.components.signal_processor:_generate_strategy_first_signal:502 - 📡 Sentiment overlay: score=-0.357 bias=BEARISH conf_delta=-0.700 (0.700 → 0.000)

2026-04-01 10:15:21 CST | INFO     | shree.execution.components.sentiment_evaluator:get_vx_multiplier:249 - 📈 VX Volatility Adjustment: VX=25.00 → 0.6x multiplier

2026-04-01 10:15:21 CST | INFO     | shree.execution.components.signal_processor:_generate_strategy_first_signal:581 - 📈 VX Adjustment: VX=25.0 | 0.000 +0.050 = 0.100 (trend_cont)

2026-04-01 10:15:21 CST | INFO     | shree.rag.hybrid_rag_pipeline:evaluate:1168 - SCORE_DEBUG: buy=65.0, sell=0.0, threshold=20, scalp_mode=False, daily_bias=BULLISH

2026-04-01 10:15:21 CST | INFO     | shree.rag.hybrid_rag_pipeline:evaluate:1170 - SCORE_BREAKDOWN: TREND_SCORE:+100(EMA_STACK_UP+ABOVE_EMA50+MACD_POS) | UPTREND:+30 | RSI_BULLISH_ZONE(65.4):BUY+7.5 | MACD_STRONG_POS(1.83):+12.5 | NO_LEVEL(PDH:2.47%,PDL:4.15%) | BULLISH_ACCEPTANCE(BUY*1.3,SELL*0.4)

2026-04-01 10:15:22 CST | INFO     | shree.rag.hybrid_rag_pipeline:process:2744 - Pipeline result: BUY (conf=52%, time=815ms)

2026-04-01 10:15:22 CST | INFO     | shree.utils.structured_logging:log_structured_event:83 - BUY entry=6635.00 SL=6605.87 (29.13) TP=6693.25 (58.25)

2026-04-01 10:15:22 CST | INFO     | shree.rag.pipeline_integration:_log_protection_snapshot:1001 - 🛡️ Protection snapshot | BUY entry=6635.00 SL=6605.87 (29.13) TP=6693.25 (58.25) fallback=no

2026-04-01 10:15:22 CST | INFO     | shree.utils.structured_logging:log_structured_event:83 - BUY @ 0.52

2026-04-01 10:15:22 CST | INFO     | shree.rag.pipeline_integration:process_sync:827 - Hybrid Pipeline: BUY (conf=0.52, trend=UPTREND, vol=MEDIUM)

2026-04-01 10:15:22 CST | WARNING  | shree.execution.components.signal_processor:_generate_strategy_first_signal:678 - 🚫 Hybrid OPPOSES (BUY vs HOLD) @ hybrid_conf=0.52: BLOCKED (conf 0.100 → 0.0)

2026-04-01 10:15:22 CST | WARNING  | shree.execution.components.signal_processor:_generate_strategy_first_signal:1004 - ⚠️ Safety: overlay changed action from BUY to HOLD. Restoring strategy action.

2026-04-01 10:15:22 CST | INFO     | shree.execution.components.signal_processor:_generate_strategy_first_signal:1016 - 📊 Final Signal: BUY conf=0.000 (base=0.700, overlays={'sentiment': -0.7, 'vx_additive': 0.05, 'hybrid_oppose_dampen': -0.1})

2026-04-01 10:15:22 CST | INFO     | shree.execution.live_trading_manager:_process_hybrid_signal:1753 -   ↳ BLOCKED: Signal confidence 0.00 < threshold 0.40

2026-04-01 10:18:23 CST | INFO     | shree.execution.components.trading_session_manager:start:267 - 💓 Heartbeat: waiting for 15m bar | bars=71 | price=6635.0

2026-04-01 10:23:26 CST | INFO     | shree.execution.components.trading_session_manager:start:267 - 💓 Heartbeat: waiting for 15m bar | bars=71 | price=6635.0

2026-04-01 10:28:28 CST | INFO     | shree.execution.components.trading_session_manager:start:267 - 💓 Heartbeat: waiting for 15m bar | bars=71 | price=6635.0

2026-04-01 10:30:29 CST | INFO     | shree.execution.ib_executor:get_active_order_count:2428 - 🔍 Sync: 0 active orders (0 PendingSubmit, lock=idle)

2026-04-01 10:30:29 CST | INFO     | shree.execution.components.signal_processor:process_trading_cycle:1294 - 🕐 New candle close at 10:30:00 CST

2026-04-01 10:30:29 CST | INFO     | shree.utils.structured_logging:log_structured_event:83 - Cycle start

2026-04-01 10:30:29 CST | INFO     | shree.strategies.es_fifteen_min:generate:993 - 🔍 NO_SIGNAL diag: A:low(6628.2)>touch(6627.0) | B:no_cross(c=6629.0,prev=6635.0,OR_H=6585.0) | C:bearish(c=6629.0,o=6631.8) | D:ema21(6617.1)>=ema50(6607.1) | E:no_cross(c=6629.0,prev=6635.0,OR_L=6579.5) | F:bearish(c=6629.0,o=6631.8) | G:outside_london(10:30:00)

2026-04-01 10:30:29 CST | INFO     | shree.execution.components.signal_processor:_generate_strategy_first_signal:438 - 📊 Strategy Signal: HOLD (conf=0.00, meta=NO_SIGNAL)

2026-04-01 10:30:29 CST | INFO     | shree.execution.ib_executor:get_active_order_count:2428 - 🔍 Sync: 0 active orders (0 PendingSubmit, lock=idle)

2026-04-01 10:30:29 CST | INFO     | shree.execution.components.signal_processor:process_trading_cycle:1510 - Skipping trade (HOLD)

2026-04-01 10:33:30 CST | INFO     | shree.execution.components.trading_session_manager:start:267 - 💓 Heartbeat: waiting for 15m bar | bars=72 | price=6629.0

2026-04-01 10:38:31 CST | INFO     | shree.execution.components.trading_session_manager:start:267 - 💓 Heartbeat: waiting for 15m bar | bars=72 | price=6629.0

2026-04-01 10:43:32 CST | INFO     | shree.execution.components.trading_session_manager:start:267 - 💓 Heartbeat: waiting for 15m bar | bars=72 | price=6629.0

2026-04-01 10:45:33 CST | INFO     | shree.execution.ib_executor:get_active_order_count:2428 - 🔍 Sync: 0 active orders (0 PendingSubmit, lock=idle)

2026-04-01 10:45:33 CST | INFO     | shree.execution.components.signal_processor:process_trading_cycle:1294 - 🕐 New candle close at 10:45:00 CST

2026-04-01 10:45:33 CST | INFO     | shree.utils.structured_logging:log_structured_event:83 - Cycle start

2026-04-01 10:45:33 CST | INFO     | shree.strategies.es_fifteen_min:generate:1094 - 📊 2026-04-01 10:45:00-05:00 | BUY: close=6642.50 ema21=6619.39 atr=9.8 adx=36 rsi=67 macd_h=2.34 SL=6632.68 TP=6654.77 [RTH] | TREND_CONT_LONG | ADX=36 | RSI=67 | MACD_H=2.34 | e9=6627.2 | #2 | SL=9.8pts | TP=12.3pts

2026-04-01 10:45:33 CST | INFO     | shree.execution.components.signal_processor:_generate_strategy_first_signal:438 - 📊 Strategy Signal: BUY (conf=0.70, meta=TREND_CONT_LONG | ADX=36 | RSI=67 | MACD_H=2.34 | e9=6627.2 | #2 | SL=9.8pts | TP=12.3pts)

2026-04-01 10:45:33 CST | INFO     | shree.data.sentiment_aggregator:get_combined_mes_sentiment:1239 - 🔄 Fetching fresh multi-source sentiment... [fetch_id=154533]

2026-04-01 10:45:34 CST | INFO     | shree.data.sentiment_aggregator:get_stocktwits_sentiment:467 - 📊 Stocktwits: score=-0.07 (bull=7, bear=8, total=60) [ts=15:45:34]

2026-04-01 10:45:37 CST | INFO     | shree.data.sentiment_aggregator:_get_reddit_sentiment_public:696 - 📱 Reddit (public): score=-0.11 (samples=16, unique_posts=10)

2026-04-01 10:45:37 CST | INFO     | shree.data.sentiment_aggregator:get_vix_sentiment:978 - 📊 VIX Regime: VIX=25.00 -> HIGH_UNCERTAINTY (score=-0.40, conf=0.80, source=vx_futures)

2026-04-01 10:45:37 CST | INFO     | shree.data.sentiment_aggregator:get_combined_mes_sentiment:1256 -    Blended with VIX: social=-0.08, vix=-0.40 -> -0.21

2026-04-01 10:45:37 CST | INFO     | shree.data.sentiment_aggregator:get_combined_mes_sentiment:1271 - ==================================================

2026-04-01 10:45:37 CST | INFO     | shree.data.sentiment_aggregator:get_combined_mes_sentiment:1272 - 📊 MULTI-SOURCE SENTIMENT SUMMARY

2026-04-01 10:45:37 CST | INFO     | shree.data.sentiment_aggregator:get_combined_mes_sentiment:1273 - ==================================================

2026-04-01 10:45:37 CST | INFO     | shree.data.sentiment_aggregator:get_combined_mes_sentiment:1274 -    Stocktwits: -0.07 (60 samples)

2026-04-01 10:45:37 CST | INFO     | shree.data.sentiment_aggregator:get_combined_mes_sentiment:1275 -    Reddit:     -0.11 (16 samples)

2026-04-01 10:45:37 CST | INFO     | shree.data.sentiment_aggregator:get_combined_mes_sentiment:1276 -    Twitter:    +0.00 (0 samples)

2026-04-01 10:45:37 CST | INFO     | shree.data.sentiment_aggregator:get_combined_mes_sentiment:1277 -    VIX:        -0.40 (market-based)

2026-04-01 10:45:37 CST | INFO     | shree.data.sentiment_aggregator:get_combined_mes_sentiment:1278 -    ━━━━━━━━━━━━━━━━━━━━━━━━━━

2026-04-01 10:45:37 CST | INFO     | shree.data.sentiment_aggregator:get_combined_mes_sentiment:1279 -    COMBINED:   -0.21

2026-04-01 10:45:37 CST | INFO     | shree.data.sentiment_aggregator:get_combined_mes_sentiment:1280 - ==================================================

2026-04-01 10:45:37 CST | INFO     | shree.execution.components.sentiment_evaluator:_evaluate_multi_source_sentiment:330 - 📊 Multi-Source Sentiment Check (RTH):

2026-04-01 10:45:37 CST | INFO     | shree.execution.components.sentiment_evaluator:_evaluate_multi_source_sentiment:331 -    Combined Score: -0.21

2026-04-01 10:45:37 CST | INFO     | shree.execution.components.sentiment_evaluator:_evaluate_multi_source_sentiment:333 -    Breakdown:

2026-04-01 10:45:37 CST | INFO     | shree.execution.components.sentiment_evaluator:_evaluate_multi_source_sentiment:334 -       Stocktwits: -0.07

2026-04-01 10:45:37 CST | INFO     | shree.execution.components.sentiment_evaluator:_evaluate_multi_source_sentiment:335 -       Reddit:     -0.11

2026-04-01 10:45:37 CST | INFO     | shree.execution.components.sentiment_evaluator:_evaluate_multi_source_sentiment:336 -       Twitter:    +0.00

2026-04-01 10:45:37 CST | INFO     | shree.execution.components.sentiment_evaluator:_evaluate_multi_source_sentiment:337 -    Thresholds: block=±0.3, weak=±0.15

2026-04-01 10:45:37 CST | INFO     | shree.execution.components.sentiment_evaluator:_evaluate_multi_source_sentiment:338 -    Recommendation: REDUCE_SIZE

2026-04-01 10:45:37 CST | INFO     | shree.execution.components.sentiment_evaluator:_evaluate_multi_source_sentiment:339 -    Reason: Moderate bearish sentiment (-0.21) - reduce position size

2026-04-01 10:45:37 CST | INFO     | shree.utils.structured_logging:log_structured_event:83 - MultiSource Sentiment REDUCE_SIZE

2026-04-01 10:45:37 CST | INFO     | shree.execution.components.sentiment_evaluator:_evaluate_multi_source_sentiment:377 -    Confidence: 0.700 → 0.490 (sentiment: 0.70, low_vol: 1.00)

2026-04-01 10:45:37 CST | INFO     | shree.execution.components.signal_processor:_generate_strategy_first_signal:502 - 📡 Sentiment overlay: score=-0.210 bias=BEARISH conf_delta=-0.210 (0.700 → 0.490)

2026-04-01 10:45:37 CST | INFO     | shree.execution.components.sentiment_evaluator:get_vx_multiplier:249 - 📈 VX Volatility Adjustment: VX=25.00 → 0.6x multiplier

2026-04-01 10:45:37 CST | INFO     | shree.execution.components.signal_processor:_generate_strategy_first_signal:581 - 📈 VX Adjustment: VX=25.0 | 0.490 +0.050 = 0.540 (trend_cont)

2026-04-01 10:45:37 CST | INFO     | shree.rag.hybrid_rag_pipeline:evaluate:1168 - SCORE_DEBUG: buy=65.0, sell=0.0, threshold=20, scalp_mode=False, daily_bias=BULLISH

2026-04-01 10:45:37 CST | INFO     | shree.rag.hybrid_rag_pipeline:evaluate:1170 - SCORE_BREAKDOWN: TREND_SCORE:+100(EMA_STACK_UP+ABOVE_EMA50+MACD_POS) | UPTREND:+30 | RSI_BULLISH_ZONE(66.6):BUY+7.5 | MACD_STRONG_POS(2.34):+12.5 | NO_LEVEL(PDH:2.58%,PDL:4.26%) | BULLISH_ACCEPTANCE(BUY*1.3,SELL*0.4)

2026-04-01 10:45:38 CST | INFO     | shree.rag.s3_storage:read_from_s3:311 - Downloaded from S3: spy-futures-bot/trade-logs/2026-01-02/190810_efcfe16e.json

2026-04-01 10:45:38 CST | INFO     | shree.rag.s3_storage:read_from_s3:311 - Downloaded from S3: spy-futures-bot/trade-logs/2026-01-02/173410_6a54a25b.json

2026-04-01 10:45:38 CST | INFO     | shree.rag.s3_storage:read_from_s3:311 - Downloaded from S3: spy-futures-bot/trade-logs/2026-01-02/162307_d9c30f67.json

2026-04-01 10:45:38 CST | INFO     | shree.rag.s3_storage:read_from_s3:311 - Downloaded from S3: spy-futures-bot/trade-logs/2026-01-02/161355_f188b596.json

2026-04-01 10:45:38 CST | INFO     | shree.rag.s3_storage:read_from_s3:311 - Downloaded from S3: spy-futures-bot/trade-logs/2026-01-02/161208_d2dab2af.json

2026-04-01 10:45:38 CST | INFO     | shree.rag.s3_storage:read_from_s3:311 - Downloaded from S3: spy-futures-bot/trade-logs/2026-01-02/155109_ad4e5ed7.json

2026-04-01 10:45:38 CST | INFO     | shree.rag.s3_storage:read_from_s3:311 - Downloaded from S3: spy-futures-bot/trade-logs/2026-01-02/152211_8cb8fc7e.json

2026-04-01 10:45:38 CST | INFO     | shree.rag.s3_storage:read_from_s3:311 - Downloaded from S3: spy-futures-bot/trade-logs/2026-01-02/152108_8dd091ac.json

2026-04-01 10:45:38 CST | INFO     | shree.rag.s3_storage:read_from_s3:311 - Downloaded from S3: spy-futures-bot/trade-logs/2026-01-02/151810_abe7cb47.json

2026-04-01 10:45:38 CST | INFO     | shree.rag.s3_storage:read_from_s3:311 - Downloaded from S3: spy-futures-bot/trade-logs/2026-01-02/151710_7fb00e3e.json

2026-04-01 10:45:39 CST | INFO     | shree.rag.s3_storage:read_from_s3:311 - Downloaded from S3: spy-futures-bot/trade-logs/2026-01-02/151112_8a29fbc2.json

2026-04-01 10:45:39 CST | INFO     | shree.rag.s3_storage:read_from_s3:311 - Downloaded from S3: spy-futures-bot/trade-logs/2026-01-02/145010_be4875e4.json

2026-04-01 10:45:39 CST | INFO     | shree.rag.s3_storage:read_from_s3:311 - Downloaded from S3: spy-futures-bot/trade-logs/2025-12-31/201011_f138ff7d.json

2026-04-01 10:45:39 CST | INFO     | shree.rag.s3_storage:read_from_s3:311 - Downloaded from S3: spy-futures-bot/trade-logs/2025-12-31/200906_c2a58ac5.json

2026-04-01 10:45:39 CST | INFO     | shree.rag.s3_storage:read_from_s3:311 - Downloaded from S3: spy-futures-bot/trade-logs/2025-12-31/150907_ca768f54.json

2026-04-01 10:45:39 CST | INFO     | shree.rag.s3_storage:read_from_s3:311 - Downloaded from S3: spy-futures-bot/trade-logs/2025-12-31/150839_84fc1132.json

2026-04-01 10:45:39 CST | INFO     | shree.rag.s3_storage:read_from_s3:311 - Downloaded from S3: spy-futures-bot/trade-logs/2025-12-31/145218_c4d72f32.json

2026-04-01 10:45:39 CST | INFO     | shree.rag.s3_storage:read_from_s3:311 - Downloaded from S3: spy-futures-bot/trade-logs/2025-12-30/174320_2bbc848b.json

2026-04-01 10:45:40 CST | INFO     | shree.rag.s3_storage:read_from_s3:311 - Downloaded from S3: spy-futures-bot/trade-logs/2025-12-30/173609_1ab59c03.json

2026-04-01 10:45:40 CST | INFO     | shree.rag.s3_storage:read_from_s3:311 - Downloaded from S3: spy-futures-bot/trade-logs/2025-12-29/194840_24ff5aff.json

2026-04-01 10:45:40 CST | INFO     | shree.rag.s3_storage:read_from_s3:311 - Downloaded from S3: spy-futures-bot/trade-logs/2025-12-29/181706_8f6e4b9f.json

2026-04-01 10:45:40 CST | INFO     | shree.rag.s3_storage:read_from_s3:311 - Downloaded from S3: spy-futures-bot/trade-logs/2025-12-29/181701_544a9807.json

2026-04-01 10:45:40 CST | INFO     | shree.rag.s3_storage:read_from_s3:311 - Downloaded from S3: spy-futures-bot/trade-logs/2025-12-29/153512_858a8feb.json

2026-04-01 10:45:40 CST | INFO     | shree.rag.s3_storage:read_from_s3:311 - Downloaded from S3: spy-futures-bot/trade-logs/2025-12-26/025007_d8415f56.json

2026-04-01 10:45:40 CST | INFO     | shree.rag.s3_storage:read_from_s3:311 - Downloaded from S3: spy-futures-bot/trade-logs/2025-12-19/153007_53e3be8b.json

2026-04-01 10:45:40 CST | INFO     | shree.rag.s3_storage:read_from_s3:311 - Downloaded from S3: spy-futures-bot/trade-logs/2025-12-18/013010_02879f3e.json

2026-04-01 10:45:40 CST | INFO     | shree.rag.s3_storage:read_from_s3:311 - Downloaded from S3: spy-futures-bot/trade-logs/2025-12-16/020504_3d5d3415.json

2026-04-01 10:45:41 CST | INFO     | shree.rag.s3_storage:read_from_s3:311 - Downloaded from S3: spy-futures-bot/trade-logs/2025-12-15/172708_349b8dd1.json

2026-04-01 10:45:41 CST | INFO     | shree.rag.s3_storage:read_from_s3:311 - Downloaded from S3: spy-futures-bot/trade-logs/2025-12-12/094939_cfbffda2.json

2026-04-01 10:45:41 CST | INFO     | shree.rag.s3_storage:read_from_s3:311 - Downloaded from S3: spy-futures-bot/trade-logs/2025-12-08/190350_test_007.json

2026-04-01 10:45:41 CST | INFO     | shree.rag.s3_storage:read_from_s3:311 - Downloaded from S3: spy-futures-bot/trade-logs/2025-12-07/190350_test_006.json

2026-04-01 10:45:41 CST | INFO     | shree.rag.s3_storage:read_from_s3:311 - Downloaded from S3: spy-futures-bot/trade-logs/2025-12-06/190350_test_005.json

2026-04-01 10:45:41 CST | INFO     | shree.rag.s3_storage:read_from_s3:311 - Downloaded from S3: spy-futures-bot/trade-logs/2025-12-05/190350_test_004.json

2026-04-01 10:45:41 CST | INFO     | shree.rag.s3_storage:read_from_s3:311 - Downloaded from S3: spy-futures-bot/trade-logs/2025-12-04/190350_test_003.json

2026-04-01 10:45:41 CST | INFO     | shree.rag.s3_storage:read_from_s3:311 - Downloaded from S3: spy-futures-bot/trade-logs/2025-12-03/190350_test_002.json

2026-04-01 10:45:41 CST | INFO     | shree.rag.s3_storage:read_from_s3:311 - Downloaded from S3: spy-futures-bot/trade-logs/2025-12-02/190350_test_001.json

2026-04-01 10:45:41 CST | INFO     | shree.rag.hybrid_rag_pipeline:process:2744 - Pipeline result: BUY (conf=52%, time=4269ms)

2026-04-01 10:45:41 CST | INFO     | shree.utils.structured_logging:log_structured_event:83 - BUY entry=6642.50 SL=6613.04 (29.46) TP=6701.41 (58.91)

2026-04-01 10:45:41 CST | INFO     | shree.rag.pipeline_integration:_log_protection_snapshot:1001 - 🛡️ Protection snapshot | BUY entry=6642.50 SL=6613.04 (29.46) TP=6701.41 (58.91) fallback=no

2026-04-01 10:45:41 CST | INFO     | shree.utils.structured_logging:log_structured_event:83 - BUY @ 0.52

2026-04-01 10:45:41 CST | INFO     | shree.rag.pipeline_integration:process_sync:827 - Hybrid Pipeline: BUY (conf=0.52, trend=UPTREND, vol=MEDIUM)

2026-04-01 10:45:41 CST | INFO     | shree.execution.components.signal_processor:_generate_strategy_first_signal:634 - 🤖 Hybrid AGREES (BUY): rag_win_rate=0% (n=5) conf boost +0.000 → 0.540

2026-04-01 10:45:41 CST | WARNING  | shree.execution.components.signal_processor:_generate_strategy_first_signal:932 - 🚫 MES dead-zone guard: blocking TREND_CONT signal (TREND_CONT_LONG | ADX=36 | RSI=67 | MACD_H=2.34 | e9=6627.2 | #2 | SL=9.8pts | TP=12.3pts) at 10:45 CST — MES liquidity thins 10:30-13:00, trend signals chop out. Was BUY conf=0.540

2026-04-01 10:45:41 CST | INFO     | shree.execution.live_trading_manager:_process_hybrid_signal:1777 -   ↳ Signal is HOLD, skipping order placement

2026-04-01 10:48:42 CST | INFO     | shree.execution.components.trading_session_manager:start:267 - 💓 Heartbeat: waiting for 15m bar | bars=73 | price=6642.5

2026-04-01 10:53:43 CST | INFO     | shree.execution.components.trading_session_manager:start:267 - 💓 Heartbeat: waiting for 15m bar | bars=73 | price=6642.5

2026-04-01 10:58:45 CST | INFO     | shree.execution.components.trading_session_manager:start:267 - 💓 Heartbeat: waiting for 15m bar | bars=73 | price=6642.5

2026-04-01 11:00:15 CST | INFO     | shree.execution.ib_executor:get_active_order_count:2428 - 🔍 Sync: 0 active orders (0 PendingSubmit, lock=idle)

2026-04-01 11:00:15 CST | INFO     | shree.execution.components.signal_processor:process_trading_cycle:1294 - 🕐 New candle close at 11:00:00 CST

2026-04-01 11:00:15 CST | INFO     | shree.utils.structured_logging:log_structured_event:83 - Cycle start

2026-04-01 11:00:15 CST | INFO     | shree.strategies.es_fifteen_min:generate:993 - 🔍 NO_SIGNAL diag: A:low(6646.2)>touch(6631.9) | B:no_cross(c=6647.2,prev=6642.5,OR_H=6585.0) | C:low(6646.2)>touch(6641.2) | D:ema21(6621.9)>=ema50(6610.1) | E:no_cross(c=6647.2,prev=6642.5,OR_L=6579.5) | F:maxed(2) | G:outside_london(11:00:00)

2026-04-01 11:00:15 CST | INFO     | shree.execution.components.signal_processor:_generate_strategy_first_signal:438 - 📊 Strategy Signal: HOLD (conf=0.00, meta=NO_SIGNAL)

2026-04-01 11:00:15 CST | INFO     | shree.execution.ib_executor:get_active_order_count:2428 - 🔍 Sync: 0 active orders (0 PendingSubmit, lock=idle)

2026-04-01 11:00:15 CST | INFO     | shree.execution.components.signal_processor:process_trading_cycle:1510 - Skipping trade (HOLD)

2026-04-01 11:03:46 CST | INFO     | shree.execution.components.trading_session_manager:start:267 - 💓 Heartbeat: waiting for 15m bar | bars=74 | price=6647.25

2026-04-01 11:08:47 CST | INFO     | shree.execution.components.trading_session_manager:start:267 - 💓 Heartbeat: waiting for 15m bar | bars=74 | price=6647.25

2026-04-01 11:13:49 CST | INFO     | shree.execution.components.trading_session_manager:start:267 - 💓 Heartbeat: waiting for 15m bar | bars=74 | price=6647.25

2026-04-01 11:15:19 CST | INFO     | shree.execution.ib_executor:get_active_order_count:2428 - 🔍 Sync: 0 active orders (0 PendingSubmit, lock=idle)

2026-04-01 11:15:19 CST | INFO     | shree.execution.components.signal_processor:process_trading_cycle:1294 - 🕐 New candle close at 11:15:00 CST

2026-04-01 11:15:19 CST | INFO     | shree.utils.structured_logging:log_structured_event:83 - Cycle start

2026-04-01 11:15:19 CST | INFO     | shree.strategies.es_fifteen_min:generate:993 - 🔍 NO_SIGNAL diag: A:low(6642.8)>touch(6633.8) | B:no_cross(c=6643.8,prev=6647.2,OR_H=6585.0) | C:bearish(c=6643.8,o=6643.8) | D:ema21(6623.9)>=ema50(6611.4) | E:no_cross(c=6643.8,prev=6647.2,OR_L=6579.5) | F:maxed(2) | G:outside_london(11:15:00)

2026-04-01 11:15:19 CST | INFO     | shree.execution.components.signal_processor:_generate_strategy_first_signal:438 - 📊 Strategy Signal: HOLD (conf=0.00, meta=NO_SIGNAL)

2026-04-01 11:15:19 CST | INFO     | shree.execution.ib_executor:get_active_order_count:2428 - 🔍 Sync: 0 active orders (0 PendingSubmit, lock=idle)

2026-04-01 11:15:19 CST | INFO     | shree.execution.components.signal_processor:process_trading_cycle:1510 - Skipping trade (HOLD)

2026-04-01 11:18:50 CST | INFO     | shree.execution.components.trading_session_manager:start:267 - 💓 Heartbeat: waiting for 15m bar | bars=75 | price=6643.75

2026-04-01 11:23:52 CST | INFO     | shree.execution.components.trading_session_manager:start:267 - 💓 Heartbeat: waiting for 15m bar | bars=75 | price=6643.75

2026-04-01 11:28:53 CST | INFO     | shree.execution.components.trading_session_manager:start:267 - 💓 Heartbeat: waiting for 15m bar | bars=75 | price=6643.75

2026-04-01 11:30:24 CST | INFO     | shree.execution.ib_executor:get_active_order_count:2428 - 🔍 Sync: 0 active orders (0 PendingSubmit, lock=idle)

2026-04-01 11:30:24 CST | INFO     | shree.execution.components.signal_processor:process_trading_cycle:1294 - 🕐 New candle close at 11:30:00 CST

2026-04-01 11:30:24 CST | INFO     | shree.utils.structured_logging:log_structured_event:83 - Cycle start

2026-04-01 11:30:24 CST | INFO     | shree.strategies.es_fifteen_min:generate:993 - 🔍 NO_SIGNAL diag: A:low(6639.2)>touch(6635.3) | B:no_cross(c=6639.8,prev=6643.8,OR_H=6585.0) | C:bearish(c=6639.8,o=6640.0) | D:ema21(6625.3)>=ema50(6612.5) | E:no_cross(c=6639.8,prev=6643.8,OR_L=6579.5) | F:maxed(2) | G:outside_london(11:30:00)

2026-04-01 11:30:24 CST | INFO     | shree.execution.components.signal_processor:_generate_strategy_first_signal:438 - 📊 Strategy Signal: HOLD (conf=0.00, meta=NO_SIGNAL)

2026-04-01 11:30:24 CST | INFO     | shree.execution.ib_executor:get_active_order_count:2428 - 🔍 Sync: 0 active orders (0 PendingSubmit, lock=idle)

2026-04-01 11:30:24 CST | INFO     | shree.execution.components.signal_processor:process_trading_cycle:1510 - Skipping trade (HOLD)

2026-04-01 11:33:55 CST | INFO     | shree.execution.components.trading_session_manager:start:267 - 💓 Heartbeat: waiting for 15m bar | bars=76 | price=6639.75

2026-04-01 11:38:57 CST | INFO     | shree.execution.components.trading_session_manager:start:267 - 💓 Heartbeat: waiting for 15m bar | bars=76 | price=6639.75

2026-04-01 11:44:00 CST | INFO     | shree.execution.components.trading_session_manager:start:267 - 💓 Heartbeat: waiting for 15m bar | bars=76 | price=6639.75

2026-04-01 11:45:30 CST | INFO     | shree.execution.ib_executor:get_active_order_count:2428 - 🔍 Sync: 0 active orders (0 PendingSubmit, lock=idle)

2026-04-01 11:45:30 CST | INFO     | shree.execution.components.signal_processor:process_trading_cycle:1294 - 🕐 New candle close at 11:45:00 CST

2026-04-01 11:45:30 CST | INFO     | shree.utils.structured_logging:log_structured_event:83 - Cycle start

2026-04-01 11:45:30 CST | INFO     | shree.strategies.es_fifteen_min:generate:993 - 🔍 NO_SIGNAL diag: A:low(6646.2)>touch(6637.3) | B:no_cross(c=6647.0,prev=6639.8,OR_H=6585.0) | C:bearish(c=6647.0,o=6647.0) | D:ema21(6627.3)>=ema50(6613.8) | E:no_cross(c=6647.0,prev=6639.8,OR_L=6579.5) | F:maxed(2) | G:outside_london(11:45:00)

2026-04-01 11:45:30 CST | INFO     | shree.execution.components.signal_processor:_generate_strategy_first_signal:438 - 📊 Strategy Signal: HOLD (conf=0.00, meta=NO_SIGNAL)

2026-04-01 11:45:30 CST | INFO     | shree.execution.ib_executor:get_active_order_count:2428 - 🔍 Sync: 0 active orders (0 PendingSubmit, lock=idle)

2026-04-01 11:45:30 CST | INFO     | shree.execution.components.signal_processor:process_trading_cycle:1510 - Skipping trade (HOLD)

2026-04-01 11:49:02 CST | INFO     | shree.execution.components.trading_session_manager:start:267 - 💓 Heartbeat: waiting for 15m bar | bars=77 | price=6647.0

2026-04-01 11:54:03 CST | INFO     | shree.execution.components.trading_session_manager:start:267 - 💓 Heartbeat: waiting for 15m bar | bars=77 | price=6647.0

2026-04-01 11:59:05 CST | INFO     | shree.execution.components.trading_session_manager:start:267 - 💓 Heartbeat: waiting for 15m bar | bars=77 | price=6647.0

2026-04-01 12:00:35 CST | INFO     | shree.execution.ib_executor:get_active_order_count:2428 - 🔍 Sync: 0 active orders (0 PendingSubmit, lock=idle)

2026-04-01 12:00:35 CST | INFO     | shree.execution.components.signal_processor:process_trading_cycle:1294 - 🕐 New candle close at 12:00:00 CST

2026-04-01 12:00:35 CST | INFO     | shree.utils.structured_logging:log_structured_event:83 - Cycle start

2026-04-01 12:00:35 CST | INFO     | shree.strategies.es_fifteen_min:generate:993 - 🔍 NO_SIGNAL diag: A:low(6645.8)>touch(6639.0) | B:no_cross(c=6646.0,prev=6647.0,OR_H=6585.0) | C:bearish(c=6646.0,o=6646.2) | D:ema21(6629.0)>=ema50(6615.1) | E:no_cross(c=6646.0,prev=6647.0,OR_L=6579.5) | F:maxed(2) | G:outside_london(12:00:00)

2026-04-01 12:00:35 CST | INFO     | shree.execution.components.signal_processor:_generate_strategy_first_signal:438 - 📊 Strategy Signal: HOLD (conf=0.00, meta=NO_SIGNAL)

2026-04-01 12:00:35 CST | INFO     | shree.execution.ib_executor:get_active_order_count:2428 - 🔍 Sync: 0 active orders (0 PendingSubmit, lock=idle)

2026-04-01 12:00:35 CST | INFO     | shree.execution.components.signal_processor:process_trading_cycle:1510 - Skipping trade (HOLD)

2026-04-01 12:04:07 CST | INFO     | shree.execution.components.trading_session_manager:start:267 - 💓 Heartbeat: waiting for 15m bar | bars=78 | price=6646.0

2026-04-01 12:09:08 CST | INFO     | shree.execution.components.trading_session_manager:start:267 - 💓 Heartbeat: waiting for 15m bar | bars=78 | price=6646.0

2026-04-01 12:14:09 CST | INFO     | shree.execution.components.trading_session_manager:start:267 - 💓 Heartbeat: waiting for 15m bar | bars=78 | price=6646.0

2026-04-01 12:15:09 CST | INFO     | shree.execution.ib_executor:get_active_order_count:2428 - 🔍 Sync: 0 active orders (0 PendingSubmit, lock=idle)

2026-04-01 12:15:09 CST | INFO     | shree.execution.components.signal_processor:process_trading_cycle:1294 - 🕐 New candle close at 12:15:00 CST

2026-04-01 12:15:09 CST | INFO     | shree.utils.structured_logging:log_structured_event:83 - Cycle start

2026-04-01 12:15:09 CST | INFO     | shree.strategies.es_fifteen_min:generate:619 - 🚫 EXHAUSTION_COOLDOWN: LONG exhaustion detected | move=+70.2pts (8.7×ATR) — blocking BUY signals for 4 bars

2026-04-01 12:15:09 CST | INFO     | shree.strategies.es_fifteen_min:_check_trend_continuation_short:1898 - TREND_EXHAUSTION_SHORT: move=-70.2pts (8.7×ATR) > 8.0×ATR threshold — blocking TREND_CONT_SHORT

2026-04-01 12:15:09 CST | INFO     | shree.strategies.es_fifteen_min:generate:993 - 🔍 NO_SIGNAL diag: A:low(6652.0)>touch(6641.1) | B:no_cross(c=6652.5,prev=6646.0,OR_H=6585.0) | C:low(6652.0)>touch(6651.7) | D:ema21(6631.1)>=ema50(6616.6) | E:no_cross(c=6652.5,prev=6646.0,OR_L=6579.5) | F:maxed(2) | G:outside_london(12:15:00)

2026-04-01 12:15:09 CST | INFO     | shree.execution.components.signal_processor:_generate_strategy_first_signal:438 - 📊 Strategy Signal: HOLD (conf=0.00, meta=NO_SIGNAL)

2026-04-01 12:15:09 CST | INFO     | shree.execution.ib_executor:get_active_order_count:2428 - 🔍 Sync: 0 active orders (0 PendingSubmit, lock=idle)

2026-04-01 12:15:09 CST | INFO     | shree.execution.components.signal_processor:process_trading_cycle:1510 - Skipping trade (HOLD)

2026-04-01 12:19:10 CST | INFO     | shree.execution.components.trading_session_manager:start:267 - 💓 Heartbeat: waiting for 15m bar | bars=79 | price=6652.5

2026-04-01 12:24:12 CST | INFO     | shree.execution.components.trading_session_manager:start:267 - 💓 Heartbeat: waiting for 15m bar | bars=79 | price=6652.5

2026-04-01 12:29:14 CST | INFO     | shree.execution.components.trading_session_manager:start:267 - 💓 Heartbeat: waiting for 15m bar | bars=79 | price=6652.5

2026-04-01 12:30:14 CST | INFO     | shree.execution.ib_executor:get_active_order_count:2428 - 🔍 Sync: 0 active orders (0 PendingSubmit, lock=idle)

2026-04-01 12:30:14 CST | INFO     | shree.execution.components.signal_processor:process_trading_cycle:1294 - 🕐 New candle close at 12:30:00 CST

2026-04-01 12:30:14 CST | INFO     | shree.utils.structured_logging:log_structured_event:83 - Cycle start

2026-04-01 12:30:14 CST | INFO     | shree.strategies.es_fifteen_min:_check_trend_continuation_short:1898 - TREND_EXHAUSTION_SHORT: move=-69.0pts (9.1×ATR) > 8.0×ATR threshold — blocking TREND_CONT_SHORT

2026-04-01 12:30:14 CST | INFO     | shree.strategies.es_fifteen_min:generate:993 - 🔍 NO_SIGNAL diag: A:low(6650.8)>touch(6639.6) | B:no_cross(c=6651.2,prev=6652.5,OR_H=6585.0) | C:bearish(c=6651.2,o=6651.2) | D:ema21(6633.0)>=ema50(6617.9) | E:no_cross(c=6651.2,prev=6652.5,OR_L=6579.5) | F:maxed(2) | G:outside_london(12:30:00)

2026-04-01 12:30:14 CST | INFO     | shree.execution.components.signal_processor:_generate_strategy_first_signal:438 - 📊 Strategy Signal: HOLD (conf=0.00, meta=NO_SIGNAL)

2026-04-01 12:30:14 CST | INFO     | shree.execution.ib_executor:get_active_order_count:2428 - 🔍 Sync: 0 active orders (0 PendingSubmit, lock=idle)

2026-04-01 12:30:14 CST | INFO     | shree.execution.components.signal_processor:process_trading_cycle:1510 - Skipping trade (HOLD)

2026-04-01 12:34:16 CST | INFO     | shree.execution.components.trading_session_manager:start:267 - 💓 Heartbeat: waiting for 15m bar | bars=80 | price=6651.25

2026-04-01 12:39:17 CST | INFO     | shree.execution.components.trading_session_manager:start:267 - 💓 Heartbeat: waiting for 15m bar | bars=80 | price=6651.25

2026-04-01 12:44:19 CST | INFO     | shree.execution.components.trading_session_manager:start:267 - 💓 Heartbeat: waiting for 15m bar | bars=80 | price=6651.25

2026-04-01 12:45:19 CST | INFO     | shree.execution.ib_executor:get_active_order_count:2428 - 🔍 Sync: 0 active orders (0 PendingSubmit, lock=idle)

2026-04-01 12:45:19 CST | INFO     | shree.execution.components.signal_processor:process_trading_cycle:1294 - 🕐 New candle close at 12:45:00 CST

2026-04-01 12:45:19 CST | INFO     | shree.utils.structured_logging:log_structured_event:83 - Cycle start

2026-04-01 12:45:19 CST | INFO     | shree.strategies.es_fifteen_min:_check_trend_continuation_short:1898 - TREND_EXHAUSTION_SHORT: move=-65.5pts (8.9×ATR) > 8.0×ATR threshold — blocking TREND_CONT_SHORT

2026-04-01 12:45:19 CST | INFO     | shree.strategies.es_fifteen_min:generate:808 - 🚫 EXHAUSTION_COOLDOWN: blocking BUY signals ['C'] (2 bars remaining)

2026-04-01 12:45:19 CST | INFO     | shree.strategies.es_fifteen_min:generate:993 - 🔍 NO_SIGNAL diag: A:low(6646.8)>touch(6641.0) | B:no_cross(c=6647.8,prev=6651.2,OR_H=6585.0) | D:ema21(6634.3)>=ema50(6619.1) | E:no_cross(c=6647.8,prev=6651.2,OR_L=6579.5) | F:maxed(2) | G:outside_london(12:45:00)

2026-04-01 12:45:19 CST | INFO     | shree.execution.components.signal_processor:_generate_strategy_first_signal:438 - 📊 Strategy Signal: HOLD (conf=0.00, meta=NO_SIGNAL)

2026-04-01 12:45:19 CST | INFO     | shree.execution.ib_executor:get_active_order_count:2428 - 🔍 Sync: 0 active orders (0 PendingSubmit, lock=idle)

2026-04-01 12:45:19 CST | INFO     | shree.execution.components.signal_processor:process_trading_cycle:1510 - Skipping trade (HOLD)

2026-04-01 12:49:20 CST | INFO     | shree.execution.components.trading_session_manager:start:267 - 💓 Heartbeat: waiting for 15m bar | bars=81 | price=6647.75

2026-04-01 12:54:22 CST | INFO     | shree.execution.components.trading_session_manager:start:267 - 💓 Heartbeat: waiting for 15m bar | bars=81 | price=6647.75

2026-04-01 12:59:24 CST | INFO     | shree.execution.components.trading_session_manager:start:267 - 💓 Heartbeat: waiting for 15m bar | bars=81 | price=6647.75

2026-04-01 13:00:24 CST | INFO     | shree.execution.ib_executor:get_active_order_count:2428 - 🔍 Sync: 0 active orders (0 PendingSubmit, lock=idle)

2026-04-01 13:00:24 CST | INFO     | shree.execution.components.signal_processor:process_trading_cycle:1294 - 🕐 New candle close at 13:00:00 CST

2026-04-01 13:00:24 CST | INFO     | shree.utils.structured_logging:log_structured_event:83 - Cycle start

2026-04-01 13:00:24 CST | INFO     | shree.strategies.es_fifteen_min:generate:993 - 🔍 NO_SIGNAL diag: A:bearish(c=6635.8,o=6635.8) | B:no_cross(c=6635.8,prev=6647.8,OR_H=6585.0) | C:close(6635.8)<=ema9(6642.7) | D:ema21(6634.4)>=ema50(6619.8) | E:no_cross(c=6635.8,prev=6647.8,OR_L=6579.5) | F:maxed(2) | G:outside_london(13:00:00)

2026-04-01 13:00:24 CST | INFO     | shree.execution.components.signal_processor:_generate_strategy_first_signal:438 - 📊 Strategy Signal: HOLD (conf=0.00, meta=NO_SIGNAL)

2026-04-01 13:00:24 CST | INFO     | shree.execution.ib_executor:get_active_order_count:2428 - 🔍 Sync: 0 active orders (0 PendingSubmit, lock=idle)

2026-04-01 13:00:24 CST | INFO     | shree.execution.components.signal_processor:process_trading_cycle:1510 - Skipping trade (HOLD)

2026-04-01 13:04:26 CST | INFO     | shree.execution.components.trading_session_manager:start:267 - 💓 Heartbeat: waiting for 15m bar | bars=82 | price=6635.75

2026-04-01 13:09:27 CST | INFO     | shree.execution.components.trading_session_manager:start:267 - 💓 Heartbeat: waiting for 15m bar | bars=82 | price=6635.75

2026-04-01 13:14:29 CST | INFO     | shree.execution.components.trading_session_manager:start:267 - 💓 Heartbeat: waiting for 15m bar | bars=82 | price=6635.75

